// trace 0
trace {
    reset();
    reset();
    reset();
    reset();
    reset();
    reset();
    write(15, 4, 8);
    write(15, 8, 40);
    write(15, 12, 5);
    write(15, 0, 1);
    write(15, 0, 2);
    write(15, 4, 156);
    write(15, 8, 112);
    write(15, 12, 7);
    write(15, 0, 1);
    write(15, 0, 2);
    write(15, 4, 256);
    write(15, 8, 60);
    write(15, 12, 5);
    write(15, 0, 1);
    write(15, 0, 2);
    write(15, 4, 368);
    write(15, 8, 32);
    write(15, 12, 2);
    write(15, 0, 1);
    write(15, 0, 2);
    write(15, 4, 308);
    write(15, 8, 120);
    write(15, 12, 6);
    write(15, 0, 1);
    write(15, 0, 2);
    write(15, 4, 460);
    write(15, 8, 48);
    write(15, 12, 3);
    write(15, 0, 1);
    write(15, 0, 2);
    write(15, 4, 88);
    write(15, 8, 60);
    write(15, 12, 5);
    write(15, 0, 1);
    write(15, 0, 2);
    write(15, 4, 44);
    write(15, 8, 112);
    write(15, 12, 2);
    write(15, 0, 1);
    write(15, 0, 2);
    write(15, 4, 172);
    write(15, 8, 104);
    write(15, 12, 2);
    write(15, 0, 1);
    write(15, 0, 2);
    write(15, 4, 60);
    write(15, 8, 112);
    write(15, 12, 4);
    write(15, 0, 1);
    write(15, 0, 2);
    write(15, 4, 356);
    write(15, 8, 112);
    write(15, 12, 7);
    write(15, 0, 1);
    write(15, 0, 2);
    write(15, 4, 160);
    write(15, 8, 88);
    write(15, 12, 2);
    write(15, 0, 1);
    write(15, 0, 2);
    write(15, 4, 232);
    write(15, 8, 112);
    write(15, 12, 7);
    write(15, 0, 1);
    write(15, 0, 2);
    write(15, 4, 236);
    write(15, 8, 36);
    write(15, 12, 3);
    write(15, 0, 1);
    write(15, 0, 2);
    write(15, 4, 256);
    write(15, 8, 96);
    write(15, 12, 8);
    write(15, 0, 1);
    write(15, 0, 2);
    write(15, 4, 336);
    write(15, 8, 48);
    write(15, 12, 2);
    write(15, 0, 1);
    write(15, 0, 2);
    write(15, 4, 124);
    write(15, 8, 84);
    write(15, 12, 7);
    write(15, 0, 1);
    write(15, 0, 2);
    write(15, 4, 16);
    write(15, 8, 32);
    write(15, 12, 4);
    write(15, 0, 1);
    write(15, 0, 2);
    write(15, 4, 212);
    write(15, 8, 104);
    write(15, 12, 2);
    write(15, 0, 1);
    write(15, 0, 2);
    write(15, 4, 296);
    write(15, 8, 28);
    write(15, 12, 7);
    write(15, 0, 1);
    write(15, 0, 2);
    write(15, 4, 0);
    write(15, 8, 112);
    write(15, 12, 7);
    write(15, 0, 1);
    write(15, 0, 2);
    write(15, 4, 40);
    write(15, 8, 64);
    write(15, 12, 8);
    write(15, 0, 1);
    write(15, 0, 2);
    write(15, 4, 316);
    write(15, 8, 96);
    write(15, 12, 3);
    write(15, 0, 1);
    write(15, 0, 2);
    write(15, 4, 256);
    write(15, 8, 72);
    write(15, 12, 6);
    write(15, 0, 1);
    write(15, 0, 2);
    write(15, 4, 68);
    write(15, 8, 120);
    write(15, 12, 3);
    write(15, 0, 1);
    write(15, 0, 2);
    write(15, 4, 8);
    write(15, 8, 80);
    write(15, 12, 2);
    write(15, 0, 1);
    write(15, 0, 2);
    write(15, 4, 412);
    write(15, 8, 32);
    write(15, 12, 4);
    write(15, 0, 1);
    write(15, 0, 2);
    write(15, 4, 328);
    write(15, 8, 120);
    write(15, 12, 5);
    write(15, 0, 1);
    write(15, 0, 2);
    write(15, 4, 236);
    write(15, 8, 84);
    write(15, 12, 7);
    write(15, 0, 1);
    write(15, 0, 2);
    write(15, 4, 164);
    write(15, 8, 128);
    write(15, 12, 8);
    write(15, 0, 1);
    write(15, 0, 2);
    write(15, 4, 180);
    write(15, 8, 40);
    write(15, 12, 5);
    write(15, 0, 1);
    write(15, 0, 2);
    write(15, 4, 92);
    write(15, 8, 64);
    write(15, 12, 4);
    write(15, 0, 1);
    write(15, 0, 2);
    write(15, 4, 264);
    write(15, 8, 96);
    write(15, 12, 8);
    write(15, 0, 1);
    write(15, 0, 2);
    write(15, 4, 280);
    write(15, 8, 24);
    write(15, 12, 6);
    write(15, 0, 1);
    write(15, 0, 2);
    write(15, 4, 32);
    write(15, 8, 64);
    write(15, 12, 8);
    write(15, 0, 1);
    write(15, 0, 2);
    write(15, 4, 44);
    write(15, 8, 96);
    write(15, 12, 4);
    write(15, 0, 1);
    write(15, 0, 2);
    write(15, 4, 316);
    write(15, 8, 128);
    write(15, 12, 8);
    write(15, 0, 1);
    write(15, 0, 2);
    write(15, 4, 324);
    write(15, 8, 64);
    write(15, 12, 8);
    write(15, 0, 1);
    write(15, 0, 2);
    write(15, 4, 228);
    write(15, 8, 28);
    write(15, 12, 7);
    write(15, 0, 1);
    write(15, 0, 2);
    write(15, 4, 336);
    write(15, 8, 48);
    write(15, 12, 6);
    write(15, 0, 1);
    write(15, 0, 2);
    write(15, 4, 328);
    write(15, 8, 128);
    write(15, 12, 8);
    write(15, 0, 1);
    write(15, 0, 2);
    write(15, 4, 196);
    write(15, 8, 84);
    write(15, 12, 7);
    write(15, 0, 1);
    write(15, 0, 2);
    write(15, 4, 284);
    write(15, 8, 96);
    write(15, 12, 8);
    write(15, 0, 1);
    write(15, 0, 2);
    write(15, 4, 104);
    write(15, 8, 84);
    write(15, 12, 7);
    write(15, 0, 1);
    write(15, 0, 2);
    write(15, 4, 132);
    write(15, 8, 120);
    write(15, 12, 5);
    write(15, 0, 1);
    write(15, 0, 2);
    write(15, 4, 132);
    write(15, 8, 84);
    write(15, 12, 7);
    write(15, 0, 1);
    write(15, 0, 2);
    write(15, 4, 316);
    write(15, 8, 48);
    write(15, 12, 6);
    write(15, 0, 1);
    write(15, 0, 2);
    write(15, 4, 176);
    write(15, 8, 120);
    write(15, 12, 5);
    write(15, 0, 1);
    write(15, 0, 2);
    write(15, 4, 336);
    write(15, 8, 24);
    write(15, 12, 6);
    write(15, 0, 1);
    write(15, 0, 2);
    write(15, 4, 272);
    write(15, 8, 40);
    write(15, 12, 2);
    write(15, 0, 1);
    write(15, 0, 2);
    write(15, 4, 112);
    write(15, 8, 112);
    write(15, 12, 7);
    write(15, 0, 1);
    write(15, 0, 2);
    write(15, 4, 356);
    write(15, 8, 96);
    write(15, 12, 6);
    write(15, 0, 1);
    write(15, 0, 2);
    write(15, 4, 356);
    write(15, 8, 28);
    write(15, 12, 7);
    write(15, 0, 1);
    write(15, 0, 2);
    write(15, 4, 276);
    write(15, 8, 96);
    write(15, 12, 6);
    write(15, 0, 1);
    write(15, 0, 2);
    write(15, 4, 224);
    write(15, 8, 120);
    write(15, 12, 3);
    write(15, 0, 1);
    write(15, 0, 2);
    write(15, 4, 172);
    write(15, 8, 24);
    write(15, 12, 6);
    write(15, 0, 1);
    write(15, 0, 2);
    write(15, 4, 432);
    write(15, 8, 32);
    write(15, 12, 8);
    write(15, 0, 1);
    write(15, 0, 2);
    write(15, 4, 128);
    write(15, 8, 60);
    write(15, 12, 3);
    write(15, 0, 1);
    write(15, 0, 2);
    write(15, 4, 316);
    write(15, 8, 80);
    write(15, 12, 4);
    write(15, 0, 1);
    write(15, 0, 2);
    write(15, 4, 104);
    write(15, 8, 24);
    write(15, 12, 6);
    write(15, 0, 1);
    write(15, 0, 2);
    write(15, 4, 232);
    write(15, 8, 128);
    write(15, 12, 8);
    write(15, 0, 1);
    write(15, 0, 2);
    write(15, 4, 104);
    write(15, 8, 28);
    write(15, 12, 7);
    write(15, 0, 1);
    write(15, 0, 2);
    write(15, 4, 396);
    write(15, 8, 112);
    write(15, 12, 7);
    write(15, 0, 1);
    write(15, 0, 2);
    write(15, 4, 328);
    write(15, 8, 56);
    write(15, 12, 7);
    write(15, 0, 1);
    write(15, 0, 2);
    write(15, 4, 244);
    write(15, 8, 96);
    write(15, 12, 8);
    write(15, 0, 1);
    write(15, 0, 2);
    write(15, 4, 376);
    write(15, 8, 96);
    write(15, 12, 2);
    write(15, 0, 1);
    write(15, 0, 2);
    write(15, 4, 68);
    write(15, 8, 120);
    write(15, 12, 2);
    write(15, 0, 1);
    write(15, 0, 2);
    write(15, 4, 28);
    write(15, 8, 20);
    write(15, 12, 5);
    write(15, 0, 1);
    write(15, 0, 2);
    write(15, 4, 492);
    write(15, 8, 20);
    write(15, 12, 5);
    write(15, 0, 1);
    write(15, 0, 2);
    write(15, 4, 240);
    write(15, 8, 40);
    write(15, 12, 5);
    write(15, 0, 1);
    write(15, 0, 2);
    write(15, 4, 124);
    write(15, 8, 96);
    write(15, 12, 8);
    write(15, 0, 1);
    write(15, 0, 2);
    write(15, 4, 68);
    write(15, 8, 28);
    write(15, 12, 7);
    write(15, 0, 1);
    write(15, 0, 2);
    write(15, 4, 208);
    write(15, 8, 96);
    write(15, 12, 6);
    write(15, 0, 1);
    write(15, 0, 2);
    write(15, 4, 156);
    write(15, 8, 64);
    write(15, 12, 8);
    write(15, 0, 1);
    write(15, 0, 2);
    write(15, 4, 208);
    write(15, 8, 36);
    write(15, 12, 3);
    write(15, 0, 1);
    write(15, 0, 2);
    write(15, 4, 268);
    write(15, 8, 16);
    write(15, 12, 4);
    write(15, 0, 1);
    write(15, 0, 2);
    write(15, 4, 432);
    write(15, 8, 80);
    write(15, 12, 4);
    write(15, 0, 1);
    write(15, 0, 2);
    write(15, 4, 220);
    write(15, 8, 48);
    write(15, 12, 2);
    write(15, 0, 1);
    write(15, 0, 2);
    write(15, 4, 176);
    write(15, 8, 64);
    write(15, 12, 8);
    write(15, 0, 1);
    write(15, 0, 2);
    write(15, 4, 132);
    write(15, 8, 64);
    write(15, 12, 8);
    write(15, 0, 1);
    write(15, 0, 2);
    write(15, 4, 168);
    write(15, 8, 96);
    write(15, 12, 6);
    write(15, 0, 1);
    write(15, 0, 2);
    write(15, 4, 72);
    write(15, 8, 60);
    write(15, 12, 5);
    write(15, 0, 1);
    write(15, 0, 2);
    write(15, 4, 224);
    write(15, 8, 60);
    write(15, 12, 5);
    write(15, 0, 1);
    write(15, 0, 2);
    write(15, 4, 52);
    write(15, 8, 100);
    write(15, 12, 5);
    write(15, 0, 1);
    write(15, 0, 2);
    write(15, 4, 32);
    write(15, 8, 48);
    write(15, 12, 4);
    write(15, 0, 1);
    write(15, 0, 2);
    write(15, 4, 0);
    write(15, 8, 112);
    write(15, 12, 4);
    write(15, 0, 1);
    write(15, 0, 2);
    write(15, 4, 212);
    write(15, 8, 48);
    write(15, 12, 6);
    write(15, 0, 1);
    write(15, 0, 2);
    write(15, 4, 200);
    write(15, 8, 24);
    write(15, 12, 6);
    write(15, 0, 1);
    write(15, 0, 2);
    write(15, 4, 44);
    write(15, 8, 120);
    write(15, 12, 3);
    write(15, 0, 1);
    write(15, 0, 2);
    write(15, 4, 128);
    write(15, 8, 36);
    write(15, 12, 3);
    write(15, 0, 1);
    write(15, 0, 2);
    write(15, 4, 388);
    write(15, 8, 72);
    write(15, 12, 3);
    write(15, 0, 1);
    write(15, 0, 2);
    write(15, 4, 340);
    write(15, 8, 128);
    write(15, 12, 8);
    write(15, 0, 1);
    write(15, 0, 2);
    write(15, 4, 256);
    write(15, 8, 128);
    write(15, 12, 2);
    write(15, 0, 1);
    write(15, 0, 2);
    write(15, 4, 192);
    write(15, 8, 32);
    write(15, 12, 8);
    write(15, 0, 1);
    write(15, 0, 2);
    write(15, 4, 164);
    write(15, 8, 84);
    write(15, 12, 7);
    write(15, 0, 1);
    write(15, 0, 2);
    write(15, 4, 436);
    write(15, 8, 48);
    write(15, 12, 6);
    write(15, 0, 1);
    write(15, 0, 2);
    write(15, 4, 376);
    write(15, 8, 96);
    write(15, 12, 4);
    write(15, 0, 1);
    write(15, 0, 2);
    write(15, 4, 384);
    write(15, 8, 48);
    write(15, 12, 4);
    write(15, 0, 1);
    write(15, 0, 2);
    write(15, 4, 400);
    write(15, 8, 48);
    write(15, 12, 3);
    write(15, 0, 1);
    write(15, 0, 2);
    write(15, 4, 320);
    write(15, 8, 60);
    write(15, 12, 5);
    write(15, 0, 1);
    write(15, 0, 2);
    write(15, 4, 76);
    write(15, 8, 56);
    write(15, 12, 7);
    write(15, 0, 1);
    write(15, 0, 2);
    write(15, 4, 236);
    write(15, 8, 40);
    write(15, 12, 5);
    write(15, 0, 1);
    write(15, 0, 2);
    write(15, 4, 256);
    write(15, 8, 84);
    write(15, 12, 3);
    write(15, 0, 1);
    write(15, 0, 2);
    write(15, 4, 180);
    write(15, 8, 112);
    write(15, 12, 4);
    write(15, 0, 1);
    write(15, 0, 2);
    write(15, 4, 164);
    write(15, 8, 32);
    write(15, 12, 8);
    write(15, 0, 1);
    write(15, 0, 2);
    write(15, 4, 384);
    write(15, 8, 32);
    write(15, 12, 2);
    write(15, 0, 1);
    write(15, 0, 2);
    write(15, 4, 336);
    write(15, 8, 48);
    write(15, 12, 6);
    write(15, 0, 1);
    write(15, 0, 2);
    write(15, 4, 244);
    write(15, 8, 96);
    write(15, 12, 2);
    write(15, 0, 1);
    write(15, 0, 2);
    write(15, 4, 24);
    write(15, 8, 36);
    write(15, 12, 3);
    write(15, 0, 1);
    write(15, 0, 2);
    write(15, 4, 276);
    write(15, 8, 112);
    write(15, 12, 7);
    write(15, 0, 1);
    write(15, 0, 2);
    write(15, 4, 68);
    write(15, 8, 16);
    write(15, 12, 4);
    write(15, 0, 1);
    write(15, 0, 2);
    write(15, 4, 320);
    write(15, 8, 56);
    write(15, 12, 7);
    write(15, 0, 1);
    write(15, 0, 2);
    write(15, 4, 228);
    write(15, 8, 96);
    write(15, 12, 8);
    write(15, 0, 1);
    write(15, 0, 2);
    write(15, 4, 28);
    write(15, 8, 96);
    write(15, 12, 4);
    write(15, 0, 1);
    write(15, 0, 2);
    write(15, 4, 32);
    write(15, 8, 80);
    write(15, 12, 4);
    write(15, 0, 1);
    write(15, 0, 2);
    write(15, 4, 128);
    write(15, 8, 128);
    write(15, 12, 4);
    write(15, 0, 1);
    write(15, 0, 2);
    write(15, 4, 208);
    write(15, 8, 128);
    write(15, 12, 8);
    write(15, 0, 1);
    write(15, 0, 2);
    write(15, 4, 224);
    write(15, 8, 96);
    write(15, 12, 4);
    write(15, 0, 1);
    write(15, 0, 2);
    write(15, 4, 292);
    write(15, 8, 56);
    write(15, 12, 2);
    write(15, 0, 1);
    write(15, 0, 2);
    write(15, 4, 16);
    write(15, 8, 120);
    write(15, 12, 3);
    write(15, 0, 1);
    write(15, 0, 2);
    write(15, 4, 384);
    write(15, 8, 80);
    write(15, 12, 5);
    write(15, 0, 1);
    write(15, 0, 2);
    write(15, 4, 284);
    write(15, 8, 80);
    write(15, 12, 5);
    write(15, 0, 1);
    write(15, 0, 2);
    write(15, 4, 380);
    write(15, 8, 120);
    write(15, 12, 5);
    write(15, 0, 1);
    write(15, 0, 2);
    write(15, 4, 192);
    write(15, 8, 64);
    write(15, 12, 4);
    write(15, 0, 1);
    write(15, 0, 2);
    write(15, 4, 188);
    write(15, 8, 40);
    write(15, 12, 5);
    write(15, 0, 1);
    write(15, 0, 2);
    write(15, 4, 340);
    write(15, 8, 72);
    write(15, 12, 6);
    write(15, 0, 1);
    write(15, 0, 2);
    write(15, 4, 0);
    write(15, 8, 96);
    write(15, 12, 6);
    write(15, 0, 1);
    write(15, 0, 2);
    write(15, 4, 312);
    write(15, 8, 28);
    write(15, 12, 7);
    write(15, 0, 1);
    write(15, 0, 2);
    write(15, 4, 368);
    write(15, 8, 80);
    write(15, 12, 2);
    write(15, 0, 1);
    write(15, 0, 2);
    write(15, 4, 328);
    write(15, 8, 80);
    write(15, 12, 2);
    write(15, 0, 1);
    write(15, 0, 2);
    write(15, 4, 184);
    write(15, 8, 48);
    write(15, 12, 4);
    write(15, 0, 1);
    write(15, 0, 2);
    write(15, 4, 376);
    write(15, 8, 40);
    write(15, 12, 2);
    write(15, 0, 1);
    write(15, 0, 2);
    write(15, 4, 0);
    write(15, 8, 32);
    write(15, 12, 8);
    write(15, 0, 1);
    write(15, 0, 2);
    write(15, 4, 404);
    write(15, 8, 64);
    write(15, 12, 2);
    write(15, 0, 1);
    write(15, 0, 2);
    write(15, 4, 236);
    write(15, 8, 120);
    write(15, 12, 6);
    write(15, 0, 1);
    write(15, 0, 2);
    write(15, 4, 216);
    write(15, 8, 32);
    write(15, 12, 8);
    write(15, 0, 1);
    write(15, 0, 2);
    write(15, 4, 244);
    write(15, 8, 112);
    write(15, 12, 7);
    write(15, 0, 1);
    write(15, 0, 2);
    write(15, 4, 288);
    write(15, 8, 32);
    write(15, 12, 8);
    write(15, 0, 1);
    write(15, 0, 2);
    write(15, 4, 228);
    write(15, 8, 16);
    write(15, 12, 2);
    write(15, 0, 1);
    write(15, 0, 2);
    write(15, 4, 320);
    write(15, 8, 60);
    write(15, 12, 5);
    write(15, 0, 1);
    write(15, 0, 2);
    write(15, 4, 280);
    write(15, 8, 60);
    write(15, 12, 5);
    write(15, 0, 1);
    write(15, 0, 2);
    write(15, 4, 48);
    write(15, 8, 28);
    write(15, 12, 7);
    write(15, 0, 1);
    write(15, 0, 2);
    write(15, 4, 332);
    write(15, 8, 120);
    write(15, 12, 5);
    write(15, 0, 1);
    write(15, 0, 2);
    write(15, 4, 196);
    write(15, 8, 24);
    write(15, 12, 6);
    write(15, 0, 1);
    write(15, 0, 2);
    write(15, 4, 256);
    write(15, 8, 80);
    write(15, 12, 5);
    write(15, 0, 1);
    write(15, 0, 2);
    write(15, 4, 168);
    write(15, 8, 100);
    write(15, 12, 5);
    write(15, 0, 1);
    write(15, 0, 2);
    write(15, 4, 368);
    write(15, 8, 72);
    write(15, 12, 6);
    write(15, 0, 1);
    write(15, 0, 2);
    write(15, 4, 376);
    write(15, 8, 60);
    write(15, 12, 3);
    write(15, 0, 1);
    write(15, 0, 2);
    write(15, 4, 36);
    write(15, 8, 64);
    write(15, 12, 8);
    write(15, 0, 1);
    write(15, 0, 2);
    write(15, 4, 336);
    write(15, 8, 96);
    write(15, 12, 6);
    write(15, 0, 1);
    write(15, 0, 2);
    write(15, 4, 0);
    write(15, 8, 20);
    write(15, 12, 5);
    write(15, 0, 1);
    write(15, 0, 2);
    write(15, 4, 28);
    write(15, 8, 112);
    write(15, 12, 7);
    write(15, 0, 1);
    write(15, 0, 2);
    write(15, 4, 360);
    write(15, 8, 64);
    write(15, 12, 8);
    write(15, 0, 1);
    write(15, 0, 2);
    write(15, 4, 284);
    write(15, 8, 48);
    write(15, 12, 6);
    write(15, 0, 1);
    write(15, 0, 2);
    write(15, 4, 16);
    write(15, 8, 56);
    write(15, 12, 2);
    write(15, 0, 1);
    write(15, 0, 2);
    write(15, 4, 120);
    write(15, 8, 80);
    write(15, 12, 4);
    write(15, 0, 1);
    write(15, 0, 2);
    write(15, 4, 220);
    write(15, 8, 56);
    write(15, 12, 7);
    write(15, 0, 1);
    write(15, 0, 2);
    write(15, 4, 0);
    write(15, 8, 48);
    write(15, 12, 4);
    write(15, 0, 1);
    write(15, 0, 2);
    write(15, 4, 208);
    write(15, 8, 128);
    write(15, 12, 8);
    write(15, 0, 1);
    write(15, 0, 2);
    write(15, 4, 120);
    write(15, 8, 40);
    write(15, 12, 5);
    write(15, 0, 1);
    write(15, 0, 2);
    write(15, 4, 152);
    write(15, 8, 96);
    write(15, 12, 4);
    write(15, 0, 1);
    write(15, 0, 2);
    write(15, 4, 140);
    write(15, 8, 104);
    write(15, 12, 2);
    write(15, 0, 1);
    write(15, 0, 2);
    write(15, 4, 320);
    write(15, 8, 32);
    write(15, 12, 8);
    write(15, 0, 1);
    write(15, 0, 2);
    write(15, 4, 84);
    write(15, 8, 40);
    write(15, 12, 5);
    write(15, 0, 1);
    write(15, 0, 2);
    write(15, 4, 56);
    write(15, 8, 96);
    write(15, 12, 8);
    write(15, 0, 1);
    write(15, 0, 2);
    write(15, 4, 348);
    write(15, 8, 112);
    write(15, 12, 7);
    write(15, 0, 1);
    write(15, 0, 2);
    write(15, 4, 36);
    write(15, 8, 24);
    write(15, 12, 3);
    write(15, 0, 1);
    write(15, 0, 2);
    write(15, 4, 344);
    write(15, 8, 120);
    write(15, 12, 5);
    write(15, 0, 1);
    write(15, 0, 2);
    write(15, 4, 124);
    write(15, 8, 84);
    write(15, 12, 7);
    write(15, 0, 1);
    write(15, 0, 2);
    write(15, 4, 304);
    write(15, 8, 64);
    write(15, 12, 8);
    write(15, 0, 1);
    write(15, 0, 2);
    write(15, 4, 176);
    write(15, 8, 48);
    write(15, 12, 3);
    write(15, 0, 1);
    write(15, 0, 2);
    write(15, 4, 240);
    write(15, 8, 56);
    write(15, 12, 2);
    write(15, 0, 1);
    write(15, 0, 2);
    write(15, 4, 368);
    write(15, 8, 120);
    write(15, 12, 6);
    write(15, 0, 1);
    write(15, 0, 2);
    write(15, 4, 196);
    write(15, 8, 48);
    write(15, 12, 6);
    write(15, 0, 1);
    write(15, 0, 2);
    write(15, 4, 48);
    write(15, 8, 64);
    write(15, 12, 4);
    write(15, 0, 1);
    write(15, 0, 2);
    write(15, 4, 288);
    write(15, 8, 60);
    write(15, 12, 5);
    write(15, 0, 1);
    write(15, 0, 2);
    write(15, 4, 208);
    write(15, 8, 128);
    write(15, 12, 2);
    write(15, 0, 1);
    write(15, 0, 2);
    write(15, 4, 368);
    write(15, 8, 84);
    write(15, 12, 7);
    write(15, 0, 1);
    write(15, 0, 2);
    write(15, 4, 244);
    write(15, 8, 80);
    write(15, 12, 5);
    write(15, 0, 1);
    write(15, 0, 2);
    write(15, 4, 380);
    write(15, 8, 72);
    write(15, 12, 6);
    write(15, 0, 1);
    write(15, 0, 2);
    write(15, 4, 8);
    write(15, 8, 32);
    write(15, 12, 8);
    write(15, 0, 1);
    write(15, 0, 2);
    write(15, 4, 172);
    write(15, 8, 108);
    write(15, 12, 3);
    write(15, 0, 1);
    write(15, 0, 2);
    write(15, 4, 280);
    write(15, 8, 12);
    write(15, 12, 3);
    write(15, 0, 1);
    write(15, 0, 2);
    write(15, 4, 280);
    write(15, 8, 128);
    write(15, 12, 8);
    write(15, 0, 1);
    write(15, 0, 2);
    write(15, 4, 400);
    write(15, 8, 96);
    write(15, 12, 8);
    write(15, 0, 1);
    write(15, 0, 2);
    write(15, 4, 56);
    write(15, 8, 56);
    write(15, 12, 7);
    write(15, 0, 1);
    write(15, 0, 2);
    write(15, 4, 128);
    write(15, 8, 28);
    write(15, 12, 7);
    write(15, 0, 1);
    write(15, 0, 2);
    write(15, 4, 356);
    write(15, 8, 56);
    write(15, 12, 7);
    write(15, 0, 1);
    write(15, 0, 2);
    write(15, 4, 336);
    write(15, 8, 32);
    write(15, 12, 8);
    write(15, 0, 1);
    write(15, 0, 2);
    write(15, 4, 112);
    write(15, 8, 120);
    write(15, 12, 5);
    write(15, 0, 1);
    write(15, 0, 2);
    write(15, 4, 68);
    write(15, 8, 8);
    write(15, 12, 2);
    write(15, 0, 1);
    write(15, 0, 2);
    write(15, 4, 164);
    write(15, 8, 16);
    write(15, 12, 4);
    write(15, 0, 1);
    write(15, 0, 2);
    write(15, 4, 284);
    write(15, 8, 128);
    write(15, 12, 8);
    write(15, 0, 1);
    write(15, 0, 2);
    write(15, 4, 212);
    write(15, 8, 80);
    write(15, 12, 4);
    write(15, 0, 1);
    write(15, 0, 2);
    write(15, 4, 24);
    write(15, 8, 40);
    write(15, 12, 5);
    write(15, 0, 1);
    write(15, 0, 2);
    write(15, 4, 260);
    write(15, 8, 96);
    write(15, 12, 6);
    write(15, 0, 1);
    write(15, 0, 2);
    write(15, 4, 68);
    write(15, 8, 48);
    write(15, 12, 6);
    write(15, 0, 1);
    write(15, 0, 2);
    write(15, 4, 44);
    write(15, 8, 128);
    write(15, 12, 4);
    write(15, 0, 1);
    write(15, 0, 2);
    write(15, 4, 288);
    write(15, 8, 96);
    write(15, 12, 6);
    write(15, 0, 1);
    write(15, 0, 2);
    write(15, 4, 264);
    write(15, 8, 64);
    write(15, 12, 4);
    write(15, 0, 1);
    write(15, 0, 2);
    write(15, 4, 328);
    write(15, 8, 56);
    write(15, 12, 7);
    write(15, 0, 1);
    write(15, 0, 2);
    write(15, 4, 448);
    write(15, 8, 56);
    write(15, 12, 7);
    write(15, 0, 1);
    write(15, 0, 2);
    write(15, 4, 128);
    write(15, 8, 128);
    write(15, 12, 8);
    write(15, 0, 1);
    write(15, 0, 2);
    write(15, 4, 92);
    write(15, 8, 96);
    write(15, 12, 4);
    write(15, 0, 1);
    write(15, 0, 2);
    write(15, 4, 168);
    write(15, 8, 64);
    write(15, 12, 8);
    write(15, 0, 1);
    write(15, 0, 2);
    write(15, 4, 372);
    write(15, 8, 40);
    write(15, 12, 5);
    write(15, 0, 1);
    write(15, 0, 2);
    write(15, 4, 68);
    write(15, 8, 28);
    write(15, 12, 7);
    write(15, 0, 1);
    write(15, 0, 2);
    write(15, 4, 320);
    write(15, 8, 72);
    write(15, 12, 3);
    write(15, 0, 1);
    write(15, 0, 2);
    write(15, 4, 240);
    write(15, 8, 96);
    write(15, 12, 4);
    write(15, 0, 1);
    write(15, 0, 2);
    write(15, 4, 392);
    write(15, 8, 12);
    write(15, 12, 3);
    write(15, 0, 1);
    write(15, 0, 2);
    write(15, 4, 328);
    write(15, 8, 96);
    write(15, 12, 8);
    write(15, 0, 1);
    write(15, 0, 2);
    write(15, 4, 64);
    write(15, 8, 20);
    write(15, 12, 5);
    write(15, 0, 1);
    write(15, 0, 2);
    write(15, 4, 152);
    write(15, 8, 128);
    write(15, 12, 8);
    write(15, 0, 1);
    write(15, 0, 2);
    write(15, 4, 0);
    write(15, 8, 120);
    write(15, 12, 6);
    write(15, 0, 1);
    write(15, 0, 2);
    write(15, 4, 200);
    write(15, 8, 40);
    write(15, 12, 5);
    write(15, 0, 1);
    write(15, 0, 2);
    write(15, 4, 404);
    write(15, 8, 80);
    write(15, 12, 4);
    write(15, 0, 1);
    write(15, 0, 2);
    write(15, 4, 208);
    write(15, 8, 128);
    write(15, 12, 2);
    write(15, 0, 1);
    write(15, 0, 2);
    write(15, 4, 416);
    write(15, 8, 96);
    write(15, 12, 2);
    write(15, 0, 1);
    write(15, 0, 2);
    write(15, 4, 192);
    write(15, 8, 16);
    write(15, 12, 4);
    write(15, 0, 1);
    write(15, 0, 2);
    write(15, 4, 448);
    write(15, 8, 24);
    write(15, 12, 3);
    write(15, 0, 1);
    write(15, 0, 2);
    write(15, 4, 468);
    write(15, 8, 32);
    write(15, 12, 2);
    write(15, 0, 1);
    write(15, 0, 2);
    write(15, 4, 208);
    write(15, 8, 112);
    write(15, 12, 7);
    write(15, 0, 1);
    write(15, 0, 2);
    write(15, 4, 376);
    write(15, 8, 28);
    write(15, 12, 7);
    write(15, 0, 1);
    write(15, 0, 2);
    write(15, 4, 44);
    write(15, 8, 64);
    write(15, 12, 8);
    write(15, 0, 1);
    write(15, 0, 2);
    write(15, 4, 104);
    write(15, 8, 96);
    write(15, 12, 8);
    write(15, 0, 1);
    write(15, 0, 2);
    write(15, 4, 376);
    write(15, 8, 72);
    write(15, 12, 2);
    write(15, 0, 1);
    write(15, 0, 2);
    write(15, 4, 384);
    write(15, 8, 32);
    write(15, 12, 8);
    write(15, 0, 1);
    write(15, 0, 2);
    write(15, 4, 284);
    write(15, 8, 112);
    write(15, 12, 7);
    write(15, 0, 1);
    write(15, 0, 2);
    write(15, 4, 264);
    write(15, 8, 112);
    write(15, 12, 7);
    write(15, 0, 1);
    write(15, 0, 2);
    write(15, 4, 32);
    write(15, 8, 40);
    write(15, 12, 5);
    write(15, 0, 1);
    write(15, 0, 2);
    write(15, 4, 28);
    write(15, 8, 72);
    write(15, 12, 6);
    write(15, 0, 1);
    write(15, 0, 2);
    write(15, 4, 268);
    write(15, 8, 120);
    write(15, 12, 2);
    write(15, 0, 1);
    write(15, 0, 2);
    write(15, 4, 276);
    write(15, 8, 36);
    write(15, 12, 3);
    write(15, 0, 1);
    write(15, 0, 2);
    write(15, 4, 20);
    write(15, 8, 72);
    write(15, 12, 3);
    write(15, 0, 1);
    write(15, 0, 2);
    write(15, 4, 176);
    write(15, 8, 72);
    write(15, 12, 6);
    write(15, 0, 1);
    write(15, 0, 2);
    write(15, 4, 300);
    write(15, 8, 120);
    write(15, 12, 3);
    write(15, 0, 1);
    write(15, 0, 2);
    write(15, 4, 140);
    write(15, 8, 112);
    write(15, 12, 4);
    write(15, 0, 1);
    write(15, 0, 2);
    write(15, 4, 184);
    write(15, 8, 128);
    write(15, 12, 2);
    write(15, 0, 1);
    write(15, 0, 2);
    write(15, 4, 92);
    write(15, 8, 112);
    write(15, 12, 4);
    write(15, 0, 1);
    write(15, 0, 2);
    write(15, 4, 164);
    write(15, 8, 48);
    write(15, 12, 6);
    write(15, 0, 1);
    write(15, 0, 2);
    write(15, 4, 280);
    write(15, 8, 96);
    write(15, 12, 6);
    write(15, 0, 1);
    write(15, 0, 2);
    write(15, 4, 144);
    write(15, 8, 24);
    write(15, 12, 3);
    write(15, 0, 1);
    write(15, 0, 2);
    write(15, 4, 436);
    write(15, 8, 28);
    write(15, 12, 7);
    write(15, 0, 1);
    write(15, 0, 2);
    write(15, 4, 176);
    write(15, 8, 32);
    write(15, 12, 2);
    write(15, 0, 1);
    write(15, 0, 2);
    write(15, 4, 12);
    write(15, 8, 120);
    write(15, 12, 2);
    write(15, 0, 1);
    write(15, 0, 2);
    write(15, 4, 240);
    write(15, 8, 104);
    write(15, 12, 2);
    write(15, 0, 1);
    write(15, 0, 2);
    write(15, 4, 128);
    write(15, 8, 48);
    write(15, 12, 4);
    write(15, 0, 1);
    write(15, 0, 2);
    write(15, 4, 84);
    write(15, 8, 120);
    write(15, 12, 6);
    write(15, 0, 1);
    write(15, 0, 2);
    write(15, 4, 232);
    write(15, 8, 28);
    write(15, 12, 7);
    write(15, 0, 1);
    write(15, 0, 2);
    write(15, 4, 240);
    write(15, 8, 112);
    write(15, 12, 4);
    write(15, 0, 1);
    write(15, 0, 2);
    write(15, 4, 216);
    write(15, 8, 12);
    write(15, 12, 3);
    write(15, 0, 1);
    write(15, 0, 2);
    write(15, 4, 196);
    write(15, 8, 72);
    write(15, 12, 3);
    write(15, 0, 1);
    write(15, 0, 2);
    write(15, 4, 324);
    write(15, 8, 80);
    write(15, 12, 5);
    write(15, 0, 1);
    write(15, 0, 2);
    write(15, 4, 148);
    write(15, 8, 32);
    write(15, 12, 8);
    write(15, 0, 1);
    write(15, 0, 2);
    write(15, 4, 160);
    write(15, 8, 120);
    write(15, 12, 5);
    write(15, 0, 1);
    write(15, 0, 2);
    write(15, 4, 128);
    write(15, 8, 96);
    write(15, 12, 8);
    write(15, 0, 1);
    write(15, 0, 2);
    write(15, 4, 228);
    write(15, 8, 120);
    write(15, 12, 5);
    write(15, 0, 1);
    write(15, 0, 2);
    write(15, 4, 380);
    write(15, 8, 96);
    write(15, 12, 2);
    write(15, 0, 1);
    write(15, 0, 2);
    write(15, 4, 252);
    write(15, 8, 120);
    write(15, 12, 6);
    write(15, 0, 1);
    write(15, 0, 2);
    write(15, 4, 108);
    write(15, 8, 48);
    write(15, 12, 6);
    write(15, 0, 1);
    write(15, 0, 2);
    write(15, 4, 344);
    write(15, 8, 80);
    write(15, 12, 4);
    write(15, 0, 1);
    write(15, 0, 2);
    write(15, 4, 380);
    write(15, 8, 112);
    write(15, 12, 7);
    write(15, 0, 1);
    write(15, 0, 2);
    write(15, 4, 32);
    write(15, 8, 96);
    write(15, 12, 6);
    write(15, 0, 1);
    write(15, 0, 2);
    write(15, 4, 100);
    write(15, 8, 120);
    write(15, 12, 5);
    write(15, 0, 1);
    write(15, 0, 2);
    write(15, 4, 408);
    write(15, 8, 48);
    write(15, 12, 6);
    write(15, 0, 1);
    write(15, 0, 2);
    write(15, 4, 92);
    write(15, 8, 96);
    write(15, 12, 3);
    write(15, 0, 1);
    write(15, 0, 2);
    write(15, 4, 292);
    write(15, 8, 100);
    write(15, 12, 5);
    write(15, 0, 1);
    write(15, 0, 2);
    write(15, 4, 320);
    write(15, 8, 120);
    write(15, 12, 6);
    write(15, 0, 1);
    write(15, 0, 2);
    write(15, 4, 320);
    write(15, 8, 32);
    write(15, 12, 8);
    write(15, 0, 1);
    write(15, 0, 2);
    write(15, 4, 240);
    write(15, 8, 32);
    write(15, 12, 8);
    write(15, 0, 1);
    write(15, 0, 2);
    write(15, 4, 368);
    write(15, 8, 112);
    write(15, 12, 4);
    write(15, 0, 1);
    write(15, 0, 2);
    write(15, 4, 288);
    write(15, 8, 112);
    write(15, 12, 2);
    write(15, 0, 1);
    write(15, 0, 2);
    write(15, 4, 4);
    write(15, 8, 56);
    write(15, 12, 7);
    write(15, 0, 1);
    write(15, 0, 2);
    write(15, 4, 124);
    write(15, 8, 120);
    write(15, 12, 3);
    write(15, 0, 1);
    write(15, 0, 2);
    write(15, 4, 224);
    write(15, 8, 112);
    write(15, 12, 7);
    write(15, 0, 1);
    write(15, 0, 2);
    write(15, 4, 280);
    write(15, 8, 72);
    write(15, 12, 3);
    write(15, 0, 1);
    write(15, 0, 2);
    write(15, 4, 92);
    write(15, 8, 32);
    write(15, 12, 8);
    write(15, 0, 1);
    write(15, 0, 2);
    write(15, 4, 24);
    write(15, 8, 80);
    write(15, 12, 4);
    write(15, 0, 1);
    write(15, 0, 2);
    write(15, 4, 212);
    write(15, 8, 60);
    write(15, 12, 5);
    write(15, 0, 1);
    write(15, 0, 2);
    write(15, 4, 240);
    write(15, 8, 120);
    write(15, 12, 5);
    write(15, 0, 1);
    write(15, 0, 2);
    write(15, 4, 268);
    write(15, 8, 128);
    write(15, 12, 8);
    write(15, 0, 1);
    write(15, 0, 2);
    write(15, 4, 344);
    write(15, 8, 84);
    write(15, 12, 7);
    write(15, 0, 1);
    write(15, 0, 2);
    write(15, 4, 160);
    write(15, 8, 64);
    write(15, 12, 2);
    write(15, 0, 1);
    write(15, 0, 2);
    write(15, 4, 156);
    write(15, 8, 128);
    write(15, 12, 4);
    write(15, 0, 1);
    write(15, 0, 2);
    write(15, 4, 276);
    write(15, 8, 96);
    write(15, 12, 8);
    write(15, 0, 1);
    write(15, 0, 2);
    write(15, 4, 208);
    write(15, 8, 60);
    write(15, 12, 5);
    write(15, 0, 1);
    write(15, 0, 2);
    write(15, 4, 60);
    write(15, 8, 128);
    write(15, 12, 4);
    write(15, 0, 1);
    write(15, 0, 2);
    write(15, 4, 204);
    write(15, 8, 80);
    write(15, 12, 2);
    write(15, 0, 1);
    write(15, 0, 2);
    write(15, 4, 196);
    write(15, 8, 20);
    write(15, 12, 5);
    write(15, 0, 1);
    write(15, 0, 2);
    write(15, 4, 324);
    write(15, 8, 56);
    write(15, 12, 7);
    write(15, 0, 1);
    write(15, 0, 2);
    write(15, 4, 260);
    write(15, 8, 72);
    write(15, 12, 6);
    write(15, 0, 1);
    write(15, 0, 2);
    write(15, 4, 264);
    write(15, 8, 128);
    write(15, 12, 2);
    write(15, 0, 1);
    write(15, 0, 2);
    write(15, 4, 184);
    write(15, 8, 80);
    write(15, 12, 4);
    write(15, 0, 1);
    write(15, 0, 2);
    write(15, 4, 16);
    write(15, 8, 128);
    write(15, 12, 8);
    write(15, 0, 1);
    write(15, 0, 2);
    write(15, 4, 268);
    write(15, 8, 120);
    write(15, 12, 5);
    write(15, 0, 1);
    write(15, 0, 2);
    write(15, 4, 104);
    write(15, 8, 120);
    write(15, 12, 2);
    write(15, 0, 1);
    write(15, 0, 2);
    write(15, 4, 88);
    write(15, 8, 80);
    write(15, 12, 5);
    write(15, 0, 1);
    write(15, 0, 2);
    write(15, 4, 108);
    write(15, 8, 32);
    write(15, 12, 2);
    write(15, 0, 1);
    write(15, 0, 2);
    write(15, 4, 80);
    write(15, 8, 24);
    write(15, 12, 2);
    write(15, 0, 1);
    write(15, 0, 2);
    write(15, 4, 368);
    write(15, 8, 96);
    write(15, 12, 4);
    write(15, 0, 1);
    write(15, 0, 2);
    write(15, 4, 324);
    write(15, 8, 32);
    write(15, 12, 8);
    write(15, 0, 1);
    write(15, 0, 2);
    write(15, 4, 356);
    write(15, 8, 48);
    write(15, 12, 6);
    write(15, 0, 1);
    write(15, 0, 2);
    write(15, 4, 248);
    write(15, 8, 128);
    write(15, 12, 8);
    write(15, 0, 1);
    write(15, 0, 2);
    write(15, 4, 76);
    write(15, 8, 72);
    write(15, 12, 3);
    write(15, 0, 1);
    write(15, 0, 2);
    write(15, 4, 140);
    write(15, 8, 128);
    write(15, 12, 8);
    write(15, 0, 1);
    write(15, 0, 2);
    write(15, 4, 456);
    write(15, 8, 8);
    write(15, 12, 2);
    write(15, 0, 1);
    write(15, 0, 2);
    write(15, 4, 232);
    write(15, 8, 112);
    write(15, 12, 4);
    write(15, 0, 1);
    write(15, 0, 2);
    write(15, 4, 216);
    write(15, 8, 56);
    write(15, 12, 7);
    write(15, 0, 1);
    write(15, 0, 2);
    write(15, 4, 40);
    write(15, 8, 64);
    write(15, 12, 8);
    write(15, 0, 1);
    write(15, 0, 2);
    write(15, 4, 16);
    write(15, 8, 80);
    write(15, 12, 2);
    write(15, 0, 1);
    write(15, 0, 2);
    write(15, 4, 340);
    write(15, 8, 64);
    write(15, 12, 2);
    write(15, 0, 1);
    write(15, 0, 2);
    write(15, 4, 280);
    write(15, 8, 48);
    write(15, 12, 3);
    write(15, 0, 1);
    write(15, 0, 2);
    write(15, 4, 128);
    write(15, 8, 84);
    write(15, 12, 7);
    write(15, 0, 1);
    write(15, 0, 2);
    write(15, 4, 272);
    write(15, 8, 40);
    write(15, 12, 2);
    write(15, 0, 1);
    write(15, 0, 2);
    write(15, 4, 188);
    write(15, 8, 32);
    write(15, 12, 8);
    write(15, 0, 1);
    write(15, 0, 2);
    write(15, 4, 280);
    write(15, 8, 72);
    write(15, 12, 6);
    write(15, 0, 1);
    write(15, 0, 2);
    write(15, 4, 28);
    write(15, 8, 60);
    write(15, 12, 5);
    write(15, 0, 1);
    write(15, 0, 2);
    write(15, 4, 400);
    write(15, 8, 60);
    write(15, 12, 3);
    write(15, 0, 1);
    write(15, 0, 2);
    write(15, 4, 48);
    write(15, 8, 72);
    write(15, 12, 6);
    write(15, 0, 1);
    write(15, 0, 2);
    write(15, 4, 24);
    write(15, 8, 56);
    write(15, 12, 7);
    write(15, 0, 1);
    write(15, 0, 2);
    write(15, 4, 340);
    write(15, 8, 20);
    write(15, 12, 5);
    write(15, 0, 1);
    write(15, 0, 2);
    write(15, 4, 32);
    write(15, 8, 120);
    write(15, 12, 5);
    write(15, 0, 1);
    write(15, 0, 2);
    write(15, 4, 356);
    write(15, 8, 112);
    write(15, 12, 7);
    write(15, 0, 1);
    write(15, 0, 2);
    write(15, 4, 20);
    write(15, 8, 72);
    write(15, 12, 3);
    write(15, 0, 1);
    write(15, 0, 2);
    write(15, 4, 80);
    write(15, 8, 80);
    write(15, 12, 4);
    write(15, 0, 1);
    write(15, 0, 2);
    write(15, 4, 368);
    write(15, 8, 20);
    write(15, 12, 5);
    write(15, 0, 1);
    write(15, 0, 2);
    write(15, 4, 12);
    write(15, 8, 120);
    write(15, 12, 2);
    write(15, 0, 1);
    write(15, 0, 2);
    write(15, 4, 268);
    write(15, 8, 120);
    write(15, 12, 6);
    write(15, 0, 1);
    write(15, 0, 2);
    write(15, 4, 300);
    write(15, 8, 48);
    write(15, 12, 4);
    write(15, 0, 1);
    write(15, 0, 2);
    write(15, 4, 368);
    write(15, 8, 60);
    write(15, 12, 5);
    write(15, 0, 1);
    write(15, 0, 2);
    write(15, 4, 220);
    write(15, 8, 120);
    write(15, 12, 5);
    write(15, 0, 1);
    write(15, 0, 2);
    write(15, 4, 200);
    write(15, 8, 48);
    write(15, 12, 6);
    write(15, 0, 1);
    write(15, 0, 2);
    write(15, 4, 212);
    write(15, 8, 112);
    write(15, 12, 7);
    write(15, 0, 1);
    write(15, 0, 2);
    write(15, 4, 272);
    write(15, 8, 32);
    write(15, 12, 4);
    write(15, 0, 1);
    write(15, 0, 2);
    write(15, 4, 392);
    write(15, 8, 112);
    write(15, 12, 7);
    write(15, 0, 1);
    write(15, 0, 2);
    write(15, 4, 192);
    write(15, 8, 96);
    write(15, 12, 3);
    write(15, 0, 1);
    write(15, 0, 2);
    write(15, 4, 36);
    write(15, 8, 40);
    write(15, 12, 5);
    write(15, 0, 1);
    write(15, 0, 2);
    write(15, 4, 152);
    write(15, 8, 28);
    write(15, 12, 7);
    write(15, 0, 1);
    write(15, 0, 2);
    write(15, 4, 100);
    write(15, 8, 112);
    write(15, 12, 7);
    write(15, 0, 1);
    write(15, 0, 2);
    write(15, 4, 8);
    write(15, 8, 120);
    write(15, 12, 6);
    write(15, 0, 1);
    write(15, 0, 2);
    write(15, 4, 4);
    write(15, 8, 24);
    write(15, 12, 6);
    write(15, 0, 1);
    write(15, 0, 2);
    write(15, 4, 360);
    write(15, 8, 56);
    write(15, 12, 7);
    write(15, 0, 1);
    write(15, 0, 2);
    write(15, 4, 264);
    write(15, 8, 108);
    write(15, 12, 3);
    write(15, 0, 1);
    write(15, 0, 2);
    write(15, 4, 64);
    write(15, 8, 96);
    write(15, 12, 4);
    write(15, 0, 1);
    write(15, 0, 2);
    write(15, 4, 140);
    write(15, 8, 128);
    write(15, 12, 4);
    write(15, 0, 1);
    write(15, 0, 2);
    write(15, 4, 472);
    write(15, 8, 40);
    write(15, 12, 2);
    write(15, 0, 1);
    write(15, 0, 2);
    write(15, 4, 64);
    write(15, 8, 48);
    write(15, 12, 4);
    write(15, 0, 1);
    write(15, 0, 2);
    write(15, 4, 16);
    write(15, 8, 96);
    write(15, 12, 2);
    write(15, 0, 1);
    write(15, 0, 2);
    write(15, 4, 240);
    write(15, 8, 72);
    write(15, 12, 6);
    write(15, 0, 1);
    write(15, 0, 2);
    write(15, 4, 348);
    write(15, 8, 112);
    write(15, 12, 7);
    write(15, 0, 1);
    write(15, 0, 2);
    write(15, 4, 268);
    write(15, 8, 24);
    write(15, 12, 2);
    write(15, 0, 1);
    write(15, 0, 2);
    write(15, 4, 232);
    write(15, 8, 60);
    write(15, 12, 3);
    write(15, 0, 1);
    write(15, 0, 2);
    write(15, 4, 68);
    write(15, 8, 48);
    write(15, 12, 4);
    write(15, 0, 1);
    write(15, 0, 2);
    write(15, 4, 212);
    write(15, 8, 64);
    write(15, 12, 8);
    write(15, 0, 1);
    write(15, 0, 2);
    write(15, 4, 124);
    write(15, 8, 8);
    write(15, 12, 2);
    write(15, 0, 1);
    write(15, 0, 2);
    write(15, 4, 288);
    write(15, 8, 96);
    write(15, 12, 4);
    write(15, 0, 1);
    write(15, 0, 2);
    write(15, 4, 356);
    write(15, 8, 80);
    write(15, 12, 5);
    write(15, 0, 1);
    write(15, 0, 2);
    write(15, 4, 212);
    write(15, 8, 120);
    write(15, 12, 2);
    write(15, 0, 1);
    write(15, 0, 2);
    write(15, 4, 240);
    write(15, 8, 56);
    write(15, 12, 7);
    write(15, 0, 1);
    write(15, 0, 2);
    write(15, 4, 244);
    write(15, 8, 96);
    write(15, 12, 8);
    write(15, 0, 1);
    write(15, 0, 2);
    write(15, 4, 56);
    write(15, 8, 96);
    write(15, 12, 4);
    write(15, 0, 1);
    write(15, 0, 2);
    write(15, 4, 108);
    write(15, 8, 72);
    write(15, 12, 3);
    write(15, 0, 1);
    write(15, 0, 2);
    write(15, 4, 76);
    write(15, 8, 40);
    write(15, 12, 2);
    write(15, 0, 1);
    write(15, 0, 2);
    write(15, 4, 300);
    write(15, 8, 96);
    write(15, 12, 3);
    write(15, 0, 1);
    write(15, 0, 2);
    write(15, 4, 448);
    write(15, 8, 48);
    write(15, 12, 6);
    write(15, 0, 1);
    write(15, 0, 2);
    write(15, 4, 316);
    write(15, 8, 96);
    write(15, 12, 8);
    write(15, 0, 1);
    write(15, 0, 2);
    write(15, 4, 4);
    write(15, 8, 16);
    write(15, 12, 4);
    write(15, 0, 1);
    write(15, 0, 2);
    write(15, 4, 368);
    write(15, 8, 120);
    write(15, 12, 5);
    write(15, 0, 1);
    write(15, 0, 2);
    write(15, 4, 304);
    write(15, 8, 60);
    write(15, 12, 5);
    write(15, 0, 1);
    write(15, 0, 2);
    write(15, 4, 64);
    write(15, 8, 24);
    write(15, 12, 6);
    write(15, 0, 1);
    write(15, 0, 2);
    write(15, 4, 92);
    write(15, 8, 96);
    write(15, 12, 3);
    write(15, 0, 1);
    write(15, 0, 2);
    write(15, 4, 116);
    write(15, 8, 80);
    write(15, 12, 4);
    write(15, 0, 1);
    write(15, 0, 2);
    write(15, 4, 256);
    write(15, 8, 80);
    write(15, 12, 2);
    write(15, 0, 1);
    write(15, 0, 2);
    write(15, 4, 476);
    write(15, 8, 12);
    write(15, 12, 3);
    write(15, 0, 1);
    write(15, 0, 2);
    write(15, 4, 288);
    write(15, 8, 48);
    write(15, 12, 4);
    write(15, 0, 1);
    write(15, 0, 2);
    write(15, 4, 448);
    write(15, 8, 64);
    write(15, 12, 4);
    write(15, 0, 1);
    write(15, 0, 2);
    write(15, 4, 224);
    write(15, 8, 60);
    write(15, 12, 5);
    write(15, 0, 1);
    write(15, 0, 2);
    write(15, 4, 32);
    write(15, 8, 64);
    write(15, 12, 4);
    write(15, 0, 1);
    write(15, 0, 2);
    write(15, 4, 44);
    write(15, 8, 80);
    write(15, 12, 2);
    write(15, 0, 1);
    write(15, 0, 2);
    write(15, 4, 288);
    write(15, 8, 16);
    write(15, 12, 4);
    write(15, 0, 1);
    write(15, 0, 2);
    write(15, 4, 100);
    write(15, 8, 40);
    write(15, 12, 5);
    write(15, 0, 1);
    write(15, 0, 2);
    write(15, 4, 156);
    write(15, 8, 72);
    write(15, 12, 2);
    write(15, 0, 1);
    write(15, 0, 2);
    write(15, 4, 336);
    write(15, 8, 16);
    write(15, 12, 2);
    write(15, 0, 1);
    write(15, 0, 2);
    write(15, 4, 136);
    write(15, 8, 48);
    write(15, 12, 4);
    write(15, 0, 1);
    write(15, 0, 2);
    write(15, 4, 48);
    write(15, 8, 40);
    write(15, 12, 5);
    write(15, 0, 1);
    write(15, 0, 2);
    write(15, 4, 296);
    write(15, 8, 40);
    write(15, 12, 5);
    write(15, 0, 1);
    write(15, 0, 2);
    write(15, 4, 288);
    write(15, 8, 84);
    write(15, 12, 7);
    write(15, 0, 1);
    write(15, 0, 2);
    write(15, 4, 136);
    write(15, 8, 28);
    write(15, 12, 7);
    write(15, 0, 1);
    write(15, 0, 2);
    write(15, 4, 192);
    write(15, 8, 64);
    write(15, 12, 4);
    write(15, 0, 1);
    write(15, 0, 2);
    write(15, 4, 260);
    write(15, 8, 36);
    write(15, 12, 3);
    write(15, 0, 1);
    write(15, 0, 2);
    write(15, 4, 92);
    write(15, 8, 56);
    write(15, 12, 7);
    write(15, 0, 1);
    write(15, 0, 2);
    write(15, 4, 200);
    write(15, 8, 48);
    write(15, 12, 6);
    write(15, 0, 1);
    write(15, 0, 2);
    write(15, 4, 68);
    write(15, 8, 100);
    write(15, 12, 5);
    write(15, 0, 1);
    write(15, 0, 2);
    write(15, 4, 264);
    write(15, 8, 56);
    write(15, 12, 7);
    write(15, 0, 1);
    write(15, 0, 2);
    write(15, 4, 100);
    write(15, 8, 16);
    write(15, 12, 4);
    write(15, 0, 1);
    write(15, 0, 2);
    write(15, 4, 424);
    write(15, 8, 64);
    write(15, 12, 2);
    write(15, 0, 1);
    write(15, 0, 2);
    write(15, 4, 412);
    write(15, 8, 48);
    write(15, 12, 4);
    write(15, 0, 1);
    write(15, 0, 2);
    write(15, 4, 292);
    write(15, 8, 48);
    write(15, 12, 6);
    write(15, 0, 1);
    write(15, 0, 2);
    write(15, 4, 304);
    write(15, 8, 40);
    write(15, 12, 5);
    write(15, 0, 1);
    write(15, 0, 2);
    write(15, 4, 404);
    write(15, 8, 48);
    write(15, 12, 6);
    write(15, 0, 1);
    write(15, 0, 2);
    write(15, 4, 400);
    write(15, 8, 96);
    write(15, 12, 3);
    write(15, 0, 1);
    write(15, 0, 2);
    write(15, 4, 240);
    write(15, 8, 28);
    write(15, 12, 7);
    write(15, 0, 1);
    write(15, 0, 2);
    write(15, 4, 408);
    write(15, 8, 48);
    write(15, 12, 6);
    write(15, 0, 1);
    write(15, 0, 2);
    write(15, 4, 200);
    write(15, 8, 32);
    write(15, 12, 4);
    write(15, 0, 1);
    write(15, 0, 2);
    write(15, 4, 296);
    write(15, 8, 28);
    write(15, 12, 7);
    write(15, 0, 1);
    write(15, 0, 2);
    write(15, 4, 88);
    write(15, 8, 24);
    write(15, 12, 6);
    write(15, 0, 1);
    write(15, 0, 2);
    write(15, 4, 352);
    write(15, 8, 48);
    write(15, 12, 2);
    write(15, 0, 1);
    write(15, 0, 2);
    write(15, 4, 404);
    write(15, 8, 32);
    write(15, 12, 4);
    write(15, 0, 1);
    write(15, 0, 2);
    write(15, 4, 380);
    write(15, 8, 28);
    write(15, 12, 7);
    write(15, 0, 1);
    write(15, 0, 2);
    write(15, 4, 312);
    write(15, 8, 28);
    write(15, 12, 7);
    write(15, 0, 1);
    write(15, 0, 2);
    write(15, 4, 284);
    write(15, 8, 24);
    write(15, 12, 6);
    write(15, 0, 1);
    write(15, 0, 2);
    write(15, 4, 176);
    write(15, 8, 80);
    write(15, 12, 4);
    write(15, 0, 1);
    write(15, 0, 2);
    write(15, 4, 264);
    write(15, 8, 96);
    write(15, 12, 8);
    write(15, 0, 1);
    write(15, 0, 2);
    write(15, 4, 80);
    write(15, 8, 96);
    write(15, 12, 6);
    write(15, 0, 1);
    write(15, 0, 2);
    write(15, 4, 108);
    write(15, 8, 120);
    write(15, 12, 3);
    write(15, 0, 1);
    write(15, 0, 2);
    write(15, 4, 364);
    write(15, 8, 28);
    write(15, 12, 7);
    write(15, 0, 1);
    write(15, 0, 2);
    write(15, 4, 24);
    write(15, 8, 128);
    write(15, 12, 4);
    write(15, 0, 1);
    write(15, 0, 2);
    write(15, 4, 372);
    write(15, 8, 56);
    write(15, 12, 7);
    write(15, 0, 1);
    write(15, 0, 2);
    write(15, 4, 36);
    write(15, 8, 84);
    write(15, 12, 3);
    write(15, 0, 1);
    write(15, 0, 2);
    write(15, 4, 368);
    write(15, 8, 96);
    write(15, 12, 8);
    write(15, 0, 1);
    write(15, 0, 2);
    write(15, 4, 376);
    write(15, 8, 24);
    write(15, 12, 6);
    write(15, 0, 1);
    write(15, 0, 2);
    write(15, 4, 264);
    write(15, 8, 108);
    write(15, 12, 3);
    write(15, 0, 1);
    write(15, 0, 2);
    write(15, 4, 100);
    write(15, 8, 128);
    write(15, 12, 2);
    write(15, 0, 1);
    write(15, 0, 2);
    write(15, 4, 336);
    write(15, 8, 108);
    write(15, 12, 3);
    write(15, 0, 1);
    write(15, 0, 2);
    write(15, 4, 192);
    write(15, 8, 96);
    write(15, 12, 8);
    write(15, 0, 1);
    write(15, 0, 2);
    write(15, 4, 124);
    write(15, 8, 48);
    write(15, 12, 6);
    write(15, 0, 1);
    write(15, 0, 2);
    write(15, 4, 368);
    write(15, 8, 96);
    write(15, 12, 8);
    write(15, 0, 1);
    write(15, 0, 2);
    write(15, 4, 400);
    write(15, 8, 48);
    write(15, 12, 3);
    write(15, 0, 1);
    write(15, 0, 2);
    write(15, 4, 108);
    write(15, 8, 84);
    write(15, 12, 7);
    write(15, 0, 1);
    write(15, 0, 2);
    write(15, 4, 124);
    write(15, 8, 56);
    write(15, 12, 7);
    write(15, 0, 1);
    write(15, 0, 2);
    write(15, 4, 348);
    write(15, 8, 96);
    write(15, 12, 8);
    write(15, 0, 1);
    write(15, 0, 2);
    write(15, 4, 28);
    write(15, 8, 88);
    write(15, 12, 2);
    write(15, 0, 1);
    write(15, 0, 2);
    write(15, 4, 340);
    write(15, 8, 32);
    write(15, 12, 8);
    write(15, 0, 1);
    write(15, 0, 2);
    write(15, 4, 204);
    write(15, 8, 84);
    write(15, 12, 7);
    write(15, 0, 1);
    write(15, 0, 2);
    write(15, 4, 84);
    write(15, 8, 32);
    write(15, 12, 4);
    write(15, 0, 1);
    write(15, 0, 2);
    write(15, 4, 32);
    write(15, 8, 16);
    write(15, 12, 4);
    write(15, 0, 1);
    write(15, 0, 2);
    write(15, 4, 328);
    write(15, 8, 72);
    write(15, 12, 3);
    write(15, 0, 1);
    write(15, 0, 2);
    write(15, 4, 44);
    write(15, 8, 96);
    write(15, 12, 4);
    write(15, 0, 1);
    write(15, 0, 2);
    write(15, 4, 80);
    write(15, 8, 88);
    write(15, 12, 2);
    write(15, 0, 1);
    write(15, 0, 2);
    write(15, 4, 196);
    write(15, 8, 48);
    write(15, 12, 4);
    write(15, 0, 1);
    write(15, 0, 2);
    write(15, 4, 76);
    write(15, 8, 96);
    write(15, 12, 8);
    write(15, 0, 1);
    write(15, 0, 2);
    write(15, 4, 452);
    write(15, 8, 16);
    write(15, 12, 4);
    write(15, 0, 1);
    write(15, 0, 2);
    write(15, 4, 180);
    write(15, 8, 120);
    write(15, 12, 3);
    write(15, 0, 1);
    write(15, 0, 2);
    write(15, 4, 132);
    write(15, 8, 40);
    write(15, 12, 2);
    write(15, 0, 1);
    write(15, 0, 2);
    write(15, 4, 160);
    write(15, 8, 60);
    write(15, 12, 5);
    write(15, 0, 1);
    write(15, 0, 2);
    write(15, 4, 84);
    write(15, 8, 120);
    write(15, 12, 5);
    write(15, 0, 1);
    write(15, 0, 2);
    write(15, 4, 12);
    write(15, 8, 128);
    write(15, 12, 8);
    write(15, 0, 1);
    write(15, 0, 2);
    write(15, 4, 296);
    write(15, 8, 24);
    write(15, 12, 2);
    write(15, 0, 1);
    write(15, 0, 2);
    write(15, 4, 372);
    write(15, 8, 60);
    write(15, 12, 3);
    write(15, 0, 1);
    write(15, 0, 2);
    write(15, 4, 316);
    write(15, 8, 96);
    write(15, 12, 2);
    write(15, 0, 1);
    write(15, 0, 2);
    write(15, 4, 8);
    write(15, 8, 32);
    write(15, 12, 2);
    write(15, 0, 1);
    write(15, 0, 2);
    write(15, 4, 392);
    write(15, 8, 48);
    write(15, 12, 6);
    write(15, 0, 1);
    write(15, 0, 2);
    write(15, 4, 364);
    write(15, 8, 16);
    write(15, 12, 4);
    write(15, 0, 1);
    write(15, 0, 2);
    write(15, 4, 312);
    write(15, 8, 120);
    write(15, 12, 6);
    write(15, 0, 1);
    write(15, 0, 2);
    write(15, 4, 228);
    write(15, 8, 72);
    write(15, 12, 6);
    write(15, 0, 1);
    write(15, 0, 2);
    write(15, 4, 24);
    write(15, 8, 28);
    write(15, 12, 7);
    write(15, 0, 1);
    write(15, 0, 2);
    write(15, 4, 416);
    write(15, 8, 24);
    write(15, 12, 3);
    write(15, 0, 1);
    write(15, 0, 2);
    write(15, 4, 380);
    write(15, 8, 108);
    write(15, 12, 3);
    write(15, 0, 1);
    write(15, 0, 2);
    write(15, 4, 320);
    write(15, 8, 128);
    write(15, 12, 4);
    write(15, 0, 1);
    write(15, 0, 2);
    write(15, 4, 416);
    write(15, 8, 64);
    write(15, 12, 4);
    write(15, 0, 1);
    write(15, 0, 2);
    write(15, 4, 128);
    write(15, 8, 120);
    write(15, 12, 6);
    write(15, 0, 1);
    write(15, 0, 2);
    write(15, 4, 40);
    write(15, 8, 48);
    write(15, 12, 6);
    write(15, 0, 1);
    write(15, 0, 2);
    write(15, 4, 336);
    write(15, 8, 112);
    write(15, 12, 7);
    write(15, 0, 1);
    write(15, 0, 2);
    write(15, 4, 328);
    write(15, 8, 72);
    write(15, 12, 6);
    write(15, 0, 1);
    write(15, 0, 2);
    write(15, 4, 212);
    write(15, 8, 96);
    write(15, 12, 3);
    write(15, 0, 1);
    write(15, 0, 2);
    write(15, 4, 192);
    write(15, 8, 24);
    write(15, 12, 2);
    write(15, 0, 1);
    write(15, 0, 2);
    write(15, 4, 264);
    write(15, 8, 128);
    write(15, 12, 4);
    write(15, 0, 1);
    write(15, 0, 2);
    write(15, 4, 76);
    write(15, 8, 96);
    write(15, 12, 6);
    write(15, 0, 1);
    write(15, 0, 2);
    write(15, 4, 24);
    write(15, 8, 40);
    write(15, 12, 5);
    write(15, 0, 1);
    write(15, 0, 2);
    write(15, 4, 280);
    write(15, 8, 96);
    write(15, 12, 6);
    write(15, 0, 1);
    write(15, 0, 2);
    write(15, 4, 348);
    write(15, 8, 112);
    write(15, 12, 7);
    write(15, 0, 1);
    write(15, 0, 2);
    write(15, 4, 156);
    write(15, 8, 72);
    write(15, 12, 6);
    write(15, 0, 1);
    write(15, 0, 2);
    write(15, 4, 312);
    write(15, 8, 72);
    write(15, 12, 2);
    write(15, 0, 1);
    write(15, 0, 2);
    write(15, 4, 248);
    write(15, 8, 120);
    write(15, 12, 6);
    write(15, 0, 1);
    write(15, 0, 2);
    write(15, 4, 344);
    write(15, 8, 48);
    write(15, 12, 6);
    write(15, 0, 1);
    write(15, 0, 2);
    write(15, 4, 188);
    write(15, 8, 24);
    write(15, 12, 6);
    write(15, 0, 1);
    write(15, 0, 2);
    write(15, 4, 76);
    write(15, 8, 32);
    write(15, 12, 4);
    write(15, 0, 1);
    write(15, 0, 2);
    write(15, 4, 276);
    write(15, 8, 80);
    write(15, 12, 5);
    write(15, 0, 1);
    write(15, 0, 2);
    write(15, 4, 200);
    write(15, 8, 64);
    write(15, 12, 2);
    write(15, 0, 1);
    write(15, 0, 2);
    write(15, 4, 96);
    write(15, 8, 40);
    write(15, 12, 5);
    write(15, 0, 1);
    write(15, 0, 2);
    write(15, 4, 476);
    write(15, 8, 32);
    write(15, 12, 8);
    write(15, 0, 1);
    write(15, 0, 2);
    write(15, 4, 140);
    write(15, 8, 72);
    write(15, 12, 3);
    write(15, 0, 1);
    write(15, 0, 2);
    write(15, 4, 292);
    write(15, 8, 32);
    write(15, 12, 4);
    write(15, 0, 1);
    write(15, 0, 2);
    write(15, 4, 420);
    write(15, 8, 20);
    write(15, 12, 5);
    write(15, 0, 1);
    write(15, 0, 2);
    write(15, 4, 344);
    write(15, 8, 32);
    write(15, 12, 8);
    write(15, 0, 1);
    write(15, 0, 2);
    write(15, 4, 64);
    write(15, 8, 96);
    write(15, 12, 6);
    write(15, 0, 1);
    write(15, 0, 2);
    write(15, 4, 132);
    write(15, 8, 56);
    write(15, 12, 7);
    write(15, 0, 1);
    write(15, 0, 2);
    write(15, 4, 68);
    write(15, 8, 100);
    write(15, 12, 5);
    write(15, 0, 1);
    write(15, 0, 2);
    write(15, 4, 352);
    write(15, 8, 56);
    write(15, 12, 7);
    write(15, 0, 1);
    write(15, 0, 2);
    write(15, 4, 108);
    write(15, 8, 128);
    write(15, 12, 8);
    write(15, 0, 1);
    write(15, 0, 2);
    write(15, 4, 352);
    write(15, 8, 32);
    write(15, 12, 2);
    write(15, 0, 1);
    write(15, 0, 2);
    write(15, 4, 188);
    write(15, 8, 48);
    write(15, 12, 2);
    write(15, 0, 1);
    write(15, 0, 2);
    write(15, 4, 292);
    write(15, 8, 96);
    write(15, 12, 4);
    write(15, 0, 1);
    write(15, 0, 2);
    write(15, 4, 332);
    write(15, 8, 112);
    write(15, 12, 4);
    write(15, 0, 1);
    write(15, 0, 2);
    write(15, 4, 424);
    write(15, 8, 32);
    write(15, 12, 8);
    write(15, 0, 1);
    write(15, 0, 2);
    write(15, 4, 280);
    write(15, 8, 80);
    write(15, 12, 5);
    write(15, 0, 1);
    write(15, 0, 2);
    write(15, 4, 412);
    write(15, 8, 20);
    write(15, 12, 5);
    write(15, 0, 1);
    write(15, 0, 2);
    write(15, 4, 328);
    write(15, 8, 56);
    write(15, 12, 7);
    write(15, 0, 1);
    write(15, 0, 2);
    write(15, 4, 60);
    write(15, 8, 108);
    write(15, 12, 3);
    write(15, 0, 1);
    write(15, 0, 2);
    write(15, 4, 4);
    write(15, 8, 96);
    write(15, 12, 8);
    write(15, 0, 1);
    write(15, 0, 2);
    write(15, 4, 312);
    write(15, 8, 32);
    write(15, 12, 8);
    write(15, 0, 1);
    write(15, 0, 2);
    write(15, 4, 428);
    write(15, 8, 56);
    write(15, 12, 7);
    write(15, 0, 1);
    write(15, 0, 2);
    write(15, 4, 212);
    write(15, 8, 24);
    write(15, 12, 6);
    write(15, 0, 1);
    write(15, 0, 2);
    write(15, 4, 24);
    write(15, 8, 48);
    write(15, 12, 3);
    write(15, 0, 1);
    write(15, 0, 2);
    write(15, 4, 48);
    write(15, 8, 120);
    write(15, 12, 5);
    write(15, 0, 1);
    write(15, 0, 2);
    write(15, 4, 40);
    write(15, 8, 128);
    write(15, 12, 4);
    write(15, 0, 1);
    write(15, 0, 2);
    write(15, 4, 380);
    write(15, 8, 80);
    write(15, 12, 4);
    write(15, 0, 1);
    write(15, 0, 2);
    write(15, 4, 296);
    write(15, 8, 100);
    write(15, 12, 5);
    write(15, 0, 1);
    write(15, 0, 2);
    write(15, 4, 16);
    write(15, 8, 128);
    write(15, 12, 2);
    write(15, 0, 1);
    write(15, 0, 2);
    write(15, 4, 168);
    write(15, 8, 120);
    write(15, 12, 6);
    write(15, 0, 1);
    write(15, 0, 2);
    write(15, 4, 72);
    write(15, 8, 100);
    write(15, 12, 5);
    write(15, 0, 1);
    write(15, 0, 2);
    write(15, 4, 316);
    write(15, 8, 28);
    write(15, 12, 7);
    write(15, 0, 1);
    write(15, 0, 2);
    write(15, 4, 176);
    write(15, 8, 64);
    write(15, 12, 8);
    write(15, 0, 1);
    write(15, 0, 2);
    write(15, 4, 288);
    write(15, 8, 80);
    write(15, 12, 5);
    write(15, 0, 1);
    write(15, 0, 2);
    write(15, 4, 128);
    write(15, 8, 100);
    write(15, 12, 5);
    write(15, 0, 1);
    write(15, 0, 2);
    write(15, 4, 224);
    write(15, 8, 100);
    write(15, 12, 5);
    write(15, 0, 1);
    write(15, 0, 2);
    write(15, 4, 52);
    write(15, 8, 80);
    write(15, 12, 4);
    write(15, 0, 1);
    write(15, 0, 2);
    write(15, 4, 28);
    write(15, 8, 60);
    write(15, 12, 5);
    write(15, 0, 1);
    write(15, 0, 2);
    write(15, 4, 348);
    write(15, 8, 72);
    write(15, 12, 6);
    write(15, 0, 1);
    write(15, 0, 2);
    write(15, 4, 236);
    write(15, 8, 24);
    write(15, 12, 6);
    write(15, 0, 1);
    write(15, 0, 2);
    write(15, 4, 268);
    write(15, 8, 108);
    write(15, 12, 3);
    write(15, 0, 1);
    write(15, 0, 2);
    write(15, 4, 76);
    write(15, 8, 28);
    write(15, 12, 7);
    write(15, 0, 1);
    write(15, 0, 2);
    write(15, 4, 260);
    write(15, 8, 84);
    write(15, 12, 7);
    write(15, 0, 1);
    write(15, 0, 2);
    write(15, 4, 16);
    write(15, 8, 84);
    write(15, 12, 7);
    write(15, 0, 1);
    write(15, 0, 2);
    write(15, 4, 304);
    write(15, 8, 28);
    write(15, 12, 7);
    write(15, 0, 1);
    write(15, 0, 2);
    write(15, 4, 20);
    write(15, 8, 56);
    write(15, 12, 2);
    write(15, 0, 1);
    write(15, 0, 2);
    write(15, 4, 52);
    write(15, 8, 8);
    write(15, 12, 2);
    write(15, 0, 1);
    write(15, 0, 2);
    write(15, 4, 364);
    write(15, 8, 80);
    write(15, 12, 5);
    write(15, 0, 1);
    write(15, 0, 2);
    write(15, 4, 32);
    write(15, 8, 96);
    write(15, 12, 6);
    write(15, 0, 1);
    write(15, 0, 2);
    write(15, 4, 368);
    write(15, 8, 24);
    write(15, 12, 6);
    write(15, 0, 1);
    write(15, 0, 2);
    write(15, 4, 124);
    write(15, 8, 128);
    write(15, 12, 8);
    write(15, 0, 1);
    write(15, 0, 2);
    write(15, 4, 168);
    write(15, 8, 100);
    write(15, 12, 5);
    write(15, 0, 1);
    write(15, 0, 2);
    write(15, 4, 228);
    write(15, 8, 104);
    write(15, 12, 2);
    write(15, 0, 1);
    write(15, 0, 2);
    write(15, 4, 264);
    write(15, 8, 96);
    write(15, 12, 8);
    write(15, 0, 1);
    write(15, 0, 2);
    write(15, 4, 288);
    write(15, 8, 80);
    write(15, 12, 5);
    write(15, 0, 1);
    write(15, 0, 2);
    write(15, 4, 108);
    write(15, 8, 80);
    write(15, 12, 5);
    write(15, 0, 1);
    write(15, 0, 2);
    write(15, 4, 432);
    write(15, 8, 32);
    write(15, 12, 8);
    write(15, 0, 1);
    write(15, 0, 2);
    write(15, 4, 148);
    write(15, 8, 28);
    write(15, 12, 7);
    write(15, 0, 1);
    write(15, 0, 2);
    write(15, 4, 388);
    write(15, 8, 20);
    write(15, 12, 5);
    write(15, 0, 1);
    write(15, 0, 2);
    write(15, 4, 380);
    write(15, 8, 120);
    write(15, 12, 5);
    write(15, 0, 1);
    write(15, 0, 2);
    write(15, 4, 0);
    write(15, 8, 72);
    write(15, 12, 3);
    write(15, 0, 1);
    write(15, 0, 2);
    write(15, 4, 204);
    write(15, 8, 32);
    write(15, 12, 4);
    write(15, 0, 1);
    write(15, 0, 2);
    write(15, 4, 204);
    write(15, 8, 128);
    write(15, 12, 8);
    write(15, 0, 1);
    write(15, 0, 2);
    write(15, 4, 320);
    write(15, 8, 72);
    write(15, 12, 3);
    write(15, 0, 1);
    write(15, 0, 2);
    write(15, 4, 380);
    write(15, 8, 128);
    write(15, 12, 8);
    write(15, 0, 1);
    write(15, 0, 2);
    write(15, 4, 16);
    write(15, 8, 128);
    write(15, 12, 2);
    write(15, 0, 1);
    write(15, 0, 2);
    write(15, 4, 328);
    write(15, 8, 40);
    write(15, 12, 5);
    write(15, 0, 1);
    write(15, 0, 2);
    write(15, 4, 308);
    write(15, 8, 120);
    write(15, 12, 5);
    write(15, 0, 1);
    write(15, 0, 2);
    write(15, 4, 320);
    write(15, 8, 88);
    write(15, 12, 2);
    write(15, 0, 1);
    write(15, 0, 2);
    write(15, 4, 68);
    write(15, 8, 84);
    write(15, 12, 7);
    write(15, 0, 1);
    write(15, 0, 2);
    write(15, 4, 324);
    write(15, 8, 100);
    write(15, 12, 5);
    write(15, 0, 1);
    write(15, 0, 2);
    write(15, 4, 284);
    write(15, 8, 40);
    write(15, 12, 5);
    write(15, 0, 1);
    write(15, 0, 2);
    write(15, 4, 396);
    write(15, 8, 12);
    write(15, 12, 3);
    write(15, 0, 1);
    write(15, 0, 2);
    write(15, 4, 304);
    write(15, 8, 80);
    write(15, 12, 2);
    write(15, 0, 1);
    write(15, 0, 2);
    write(15, 4, 168);
    write(15, 8, 96);
    write(15, 12, 2);
    write(15, 0, 1);
    write(15, 0, 2);
    write(15, 4, 364);
    write(15, 8, 112);
    write(15, 12, 2);
    write(15, 0, 1);
    write(15, 0, 2);
    write(15, 4, 304);
    write(15, 8, 120);
    write(15, 12, 2);
    write(15, 0, 1);
    write(15, 0, 2);
    write(15, 4, 108);
    write(15, 8, 48);
    write(15, 12, 4);
    write(15, 0, 1);
    write(15, 0, 2);
    write(15, 4, 160);
    write(15, 8, 64);
    write(15, 12, 4);
    write(15, 0, 1);
    write(15, 0, 2);
    write(15, 4, 80);
    write(15, 8, 72);
    write(15, 12, 6);
    write(15, 0, 1);
    write(15, 0, 2);
    write(15, 4, 208);
    write(15, 8, 128);
    write(15, 12, 4);
    write(15, 0, 1);
    write(15, 0, 2);
    write(15, 4, 12);
    write(15, 8, 40);
    write(15, 12, 2);
    write(15, 0, 1);
    write(15, 0, 2);
    write(15, 4, 376);
    write(15, 8, 120);
    write(15, 12, 5);
    write(15, 0, 1);
    write(15, 0, 2);
    write(15, 4, 284);
    write(15, 8, 84);
    write(15, 12, 7);
    write(15, 0, 1);
    write(15, 0, 2);
    write(15, 4, 424);
    write(15, 8, 64);
    write(15, 12, 2);
    write(15, 0, 1);
    write(15, 0, 2);
    write(15, 4, 476);
    write(15, 8, 8);
    write(15, 12, 2);
    write(15, 0, 1);
    write(15, 0, 2);
    write(15, 4, 344);
    write(15, 8, 32);
    write(15, 12, 2);
    write(15, 0, 1);
    write(15, 0, 2);
    write(15, 4, 200);
    write(15, 8, 96);
    write(15, 12, 6);
    write(15, 0, 1);
    write(15, 0, 2);
    write(15, 4, 76);
    write(15, 8, 36);
    write(15, 12, 3);
    write(15, 0, 1);
    write(15, 0, 2);
    write(15, 4, 300);
    write(15, 8, 60);
    write(15, 12, 5);
    write(15, 0, 1);
    write(15, 0, 2);
    write(15, 4, 124);
    write(15, 8, 8);
    write(15, 12, 2);
    write(15, 0, 1);
    write(15, 0, 2);
    write(15, 4, 328);
    write(15, 8, 64);
    write(15, 12, 8);
    write(15, 0, 1);
    write(15, 0, 2);
    write(15, 4, 44);
    write(15, 8, 112);
    write(15, 12, 7);
    write(15, 0, 1);
    write(15, 0, 2);
    write(15, 4, 368);
    write(15, 8, 112);
    write(15, 12, 7);
    write(15, 0, 1);
    write(15, 0, 2);
    write(15, 4, 288);
    write(15, 8, 60);
    write(15, 12, 3);
    write(15, 0, 1);
    write(15, 0, 2);
    write(15, 4, 140);
    write(15, 8, 84);
    write(15, 12, 3);
    write(15, 0, 1);
    write(15, 0, 2);
    write(15, 4, 40);
    write(15, 8, 128);
    write(15, 12, 8);
    write(15, 0, 1);
    write(15, 0, 2);
    write(15, 4, 80);
    write(15, 8, 120);
    write(15, 12, 3);
    write(15, 0, 1);
    write(15, 0, 2);
    write(15, 4, 224);
    write(15, 8, 48);
    write(15, 12, 6);
    write(15, 0, 1);
    write(15, 0, 2);
    write(15, 4, 280);
    write(15, 8, 128);
    write(15, 12, 8);
    write(15, 0, 1);
    write(15, 0, 2);
    write(15, 4, 16);
    write(15, 8, 32);
    write(15, 12, 8);
    write(15, 0, 1);
    write(15, 0, 2);
    write(15, 4, 84);
    write(15, 8, 128);
    write(15, 12, 8);
    write(15, 0, 1);
    write(15, 0, 2);
    write(15, 4, 180);
    write(15, 8, 64);
    write(15, 12, 4);
    write(15, 0, 1);
    write(15, 0, 2);
    write(15, 4, 260);
    write(15, 8, 48);
    write(15, 12, 6);
    write(15, 0, 1);
    write(15, 0, 2);
    write(15, 4, 56);
    write(15, 8, 64);
    write(15, 12, 4);
    write(15, 0, 1);
    write(15, 0, 2);
    write(15, 4, 4);
    write(15, 8, 36);
    write(15, 12, 3);
    write(15, 0, 1);
    write(15, 0, 2);
    write(15, 4, 132);
    write(15, 8, 84);
    write(15, 12, 3);
    write(15, 0, 1);
    write(15, 0, 2);
    write(15, 4, 36);
    write(15, 8, 64);
    write(15, 12, 8);
    write(15, 0, 1);
    write(15, 0, 2);
    write(15, 4, 388);
    write(15, 8, 48);
    write(15, 12, 4);
    write(15, 0, 1);
    write(15, 0, 2);
    write(15, 4, 260);
    write(15, 8, 28);
    write(15, 12, 7);
    write(15, 0, 1);
    write(15, 0, 2);
    write(15, 4, 176);
    write(15, 8, 120);
    write(15, 12, 6);
    write(15, 0, 1);
    write(15, 0, 2);
    write(15, 4, 252);
    write(15, 8, 120);
    write(15, 12, 3);
    write(15, 0, 1);
    write(15, 0, 2);
    write(15, 4, 44);
    write(15, 8, 36);
    write(15, 12, 3);
    write(15, 0, 1);
    write(15, 0, 2);
    write(15, 4, 408);
    write(15, 8, 72);
    write(15, 12, 2);
    write(15, 0, 1);
    write(15, 0, 2);
    write(15, 4, 404);
    write(15, 8, 80);
    write(15, 12, 2);
    write(15, 0, 1);
    write(15, 0, 2);
    write(15, 4, 24);
    write(15, 8, 64);
    write(15, 12, 4);
    write(15, 0, 1);
    write(15, 0, 2);
    write(15, 4, 32);
    write(15, 8, 128);
    write(15, 12, 4);
    write(15, 0, 1);
    write(15, 0, 2);
    write(15, 4, 352);
    write(15, 8, 20);
    write(15, 12, 5);
    write(15, 0, 1);
    write(15, 0, 2);
    write(15, 4, 96);
    write(15, 8, 60);
    write(15, 12, 3);
    write(15, 0, 1);
    write(15, 0, 2);
    write(15, 4, 372);
    write(15, 8, 40);
    write(15, 12, 5);
    write(15, 0, 1);
    write(15, 0, 2);
    write(15, 4, 404);
    write(15, 8, 24);
    write(15, 12, 6);
    write(15, 0, 1);
    write(15, 0, 2);
    write(15, 4, 408);
    write(15, 8, 60);
    write(15, 12, 3);
    write(15, 0, 1);
    write(15, 0, 2);
    write(15, 4, 244);
    write(15, 8, 112);
    write(15, 12, 7);
    write(15, 0, 1);
    write(15, 0, 2);
    write(15, 4, 424);
    write(15, 8, 60);
    write(15, 12, 3);
    write(15, 0, 1);
    write(15, 0, 2);
    write(15, 4, 56);
    write(15, 8, 96);
    write(15, 12, 8);
    write(15, 0, 1);
    write(15, 0, 2);
    write(15, 4, 232);
    write(15, 8, 20);
    write(15, 12, 5);
    write(15, 0, 1);
    write(15, 0, 2);
    write(15, 4, 252);
    write(15, 8, 72);
    write(15, 12, 2);
    write(15, 0, 1);
    write(15, 0, 2);
    write(15, 4, 12);
    write(15, 8, 60);
    write(15, 12, 3);
    write(15, 0, 1);
    write(15, 0, 2);
    write(15, 4, 120);
    write(15, 8, 60);
    write(15, 12, 5);
    write(15, 0, 1);
    write(15, 0, 2);
    write(15, 4, 372);
    write(15, 8, 84);
    write(15, 12, 7);
    write(15, 0, 1);
    write(15, 0, 2);
    write(15, 4, 28);
    write(15, 8, 96);
    write(15, 12, 2);
    write(15, 0, 1);
    write(15, 0, 2);
    write(15, 4, 276);
    write(15, 8, 108);
    write(15, 12, 3);
    write(15, 0, 1);
    write(15, 0, 2);
    write(15, 4, 168);
    write(15, 8, 16);
    write(15, 12, 4);
    write(15, 0, 1);
    write(15, 0, 2);
    write(15, 4, 200);
    write(15, 8, 128);
    write(15, 12, 4);
    write(15, 0, 1);
    write(15, 0, 2);
    write(15, 4, 264);
    write(15, 8, 128);
    write(15, 12, 2);
    write(15, 0, 1);
    write(15, 0, 2);
    write(15, 4, 108);
    write(15, 8, 120);
    write(15, 12, 5);
    write(15, 0, 1);
    write(15, 0, 2);
    write(15, 4, 248);
    write(15, 8, 56);
    write(15, 12, 7);
    write(15, 0, 1);
    write(15, 0, 2);
    write(15, 4, 24);
    write(15, 8, 60);
    write(15, 12, 5);
    write(15, 0, 1);
    write(15, 0, 2);
    write(15, 4, 296);
    write(15, 8, 96);
    write(15, 12, 2);
    write(15, 0, 1);
    write(15, 0, 2);
    write(15, 4, 340);
    write(15, 8, 40);
    write(15, 12, 5);
    write(15, 0, 1);
    write(15, 0, 2);
    write(15, 4, 368);
    write(15, 8, 24);
    write(15, 12, 2);
    write(15, 0, 1);
    write(15, 0, 2);
    write(15, 4, 172);
    write(15, 8, 32);
    write(15, 12, 4);
    write(15, 0, 1);
    write(15, 0, 2);
    write(15, 4, 76);
    write(15, 8, 84);
    write(15, 12, 7);
    write(15, 0, 1);
    write(15, 0, 2);
    write(15, 4, 252);
    write(15, 8, 8);
    write(15, 12, 2);
    write(15, 0, 1);
    write(15, 0, 2);
    write(15, 4, 420);
    write(15, 8, 60);
    write(15, 12, 3);
    write(15, 0, 1);
    write(15, 0, 2);
    write(15, 4, 152);
    write(15, 8, 48);
    write(15, 12, 2);
    write(15, 0, 1);
    write(15, 0, 2);
    write(15, 4, 56);
    write(15, 8, 128);
    write(15, 12, 8);
    write(15, 0, 1);
    write(15, 0, 2);
    write(15, 4, 108);
    write(15, 8, 128);
    write(15, 12, 8);
    write(15, 0, 1);
    write(15, 0, 2);
    write(15, 4, 264);
    write(15, 8, 40);
    write(15, 12, 5);
    write(15, 0, 1);
    write(15, 0, 2);
    write(15, 4, 224);
    write(15, 8, 128);
    write(15, 12, 8);
    write(15, 0, 1);
    write(15, 0, 2);
    write(15, 4, 252);
    write(15, 8, 60);
    write(15, 12, 5);
    write(15, 0, 1);
    write(15, 0, 2);
    write(15, 4, 184);
    write(15, 8, 104);
    write(15, 12, 2);
    write(15, 0, 1);
    write(15, 0, 2);
    write(15, 4, 48);
    write(15, 8, 120);
    write(15, 12, 5);
    write(15, 0, 1);
    write(15, 0, 2);
    write(15, 4, 84);
    write(15, 8, 108);
    write(15, 12, 3);
    write(15, 0, 1);
    write(15, 0, 2);
    write(15, 4, 84);
    write(15, 8, 120);
    write(15, 12, 3);
    write(15, 0, 1);
    write(15, 0, 2);
    write(15, 4, 172);
    write(15, 8, 112);
    write(15, 12, 7);
    write(15, 0, 1);
    write(15, 0, 2);
    write(15, 4, 356);
    write(15, 8, 120);
    write(15, 12, 2);
    write(15, 0, 1);
    write(15, 0, 2);
    write(15, 4, 32);
    write(15, 8, 72);
    write(15, 12, 2);
    write(15, 0, 1);
    write(15, 0, 2);
    write(15, 4, 404);
    write(15, 8, 84);
    write(15, 12, 7);
    write(15, 0, 1);
    write(15, 0, 2);
    write(15, 4, 116);
    write(15, 8, 60);
    write(15, 12, 5);
    write(15, 0, 1);
    write(15, 0, 2);
    write(15, 4, 100);
    write(15, 8, 24);
    write(15, 12, 2);
    write(15, 0, 1);
    write(15, 0, 2);
    write(15, 4, 160);
    write(15, 8, 36);
    write(15, 12, 3);
    write(15, 0, 1);
    write(15, 0, 2);
    write(15, 4, 184);
    write(15, 8, 32);
    write(15, 12, 2);
    write(15, 0, 1);
    write(15, 0, 2);
    write(15, 4, 368);
    write(15, 8, 96);
    write(15, 12, 8);
    write(15, 0, 1);
    write(15, 0, 2);
    write(15, 4, 100);
    write(15, 8, 48);
    write(15, 12, 6);
    write(15, 0, 1);
    write(15, 0, 2);
    write(15, 4, 36);
    write(15, 8, 84);
    write(15, 12, 7);
    write(15, 0, 1);
    write(15, 0, 2);
    write(15, 4, 320);
    write(15, 8, 80);
    write(15, 12, 4);
    write(15, 0, 1);
    write(15, 0, 2);
    write(15, 4, 264);
    write(15, 8, 32);
    write(15, 12, 4);
    write(15, 0, 1);
    write(15, 0, 2);
    write(15, 4, 284);
    write(15, 8, 120);
    write(15, 12, 2);
    write(15, 0, 1);
    write(15, 0, 2);
    write(15, 4, 88);
    write(15, 8, 104);
    write(15, 12, 2);
    write(15, 0, 1);
    write(15, 0, 2);
    write(15, 4, 0);
    write(15, 8, 24);
    write(15, 12, 6);
    write(15, 0, 1);
    write(15, 0, 2);
    write(15, 4, 108);
    write(15, 8, 96);
    write(15, 12, 8);
    write(15, 0, 1);
    write(15, 0, 2);
    write(15, 4, 116);
    write(15, 8, 32);
    write(15, 12, 8);
    write(15, 0, 1);
    write(15, 0, 2);
    write(15, 4, 140);
    write(15, 8, 80);
    write(15, 12, 4);
    write(15, 0, 1);
    write(15, 0, 2);
    write(15, 4, 48);
    write(15, 8, 72);
    write(15, 12, 6);
    write(15, 0, 1);
    write(15, 0, 2);
    write(15, 4, 188);
    write(15, 8, 64);
    write(15, 12, 8);
    write(15, 0, 1);
    write(15, 0, 2);
    write(15, 4, 132);
    write(15, 8, 64);
    write(15, 12, 8);
    write(15, 0, 1);
    write(15, 0, 2);
    write(15, 4, 356);
    write(15, 8, 96);
    write(15, 12, 8);
    write(15, 0, 1);
    write(15, 0, 2);
    write(15, 4, 148);
    write(15, 8, 24);
    write(15, 12, 3);
    write(15, 0, 1);
    write(15, 0, 2);
    write(15, 4, 32);
    write(15, 8, 108);
    write(15, 12, 3);
    write(15, 0, 1);
    write(15, 0, 2);
    write(15, 4, 244);
    write(15, 8, 72);
    write(15, 12, 6);
    write(15, 0, 1);
    write(15, 0, 2);
    write(15, 4, 352);
    write(15, 8, 48);
    write(15, 12, 3);
    write(15, 0, 1);
    write(15, 0, 2);
    write(15, 4, 108);
    write(15, 8, 108);
    write(15, 12, 3);
    write(15, 0, 1);
    write(15, 0, 2);
    write(15, 4, 108);
    write(15, 8, 28);
    write(15, 12, 7);
    write(15, 0, 1);
    write(15, 0, 2);
    write(15, 4, 148);
    write(15, 8, 48);
    write(15, 12, 4);
    write(15, 0, 1);
    write(15, 0, 2);
    write(15, 4, 460);
    write(15, 8, 8);
    write(15, 12, 2);
    write(15, 0, 1);
    write(15, 0, 2);
    write(15, 4, 84);
    write(15, 8, 112);
    write(15, 12, 2);
    write(15, 0, 1);
    write(15, 0, 2);
    write(15, 4, 60);
    write(15, 8, 64);
    write(15, 12, 4);
    write(15, 0, 1);
    write(15, 0, 2);
    write(15, 4, 296);
    write(15, 8, 84);
    write(15, 12, 7);
    write(15, 0, 1);
    write(15, 0, 2);
    write(15, 4, 384);
    write(15, 8, 80);
    write(15, 12, 4);
    write(15, 0, 1);
    write(15, 0, 2);
    write(15, 4, 80);
    write(15, 8, 120);
    write(15, 12, 3);
    write(15, 0, 1);
    write(15, 0, 2);
    write(15, 4, 396);
    write(15, 8, 80);
    write(15, 12, 5);
    write(15, 0, 1);
    write(15, 0, 2);
    write(15, 4, 328);
    write(15, 8, 96);
    write(15, 12, 6);
    write(15, 0, 1);
    write(15, 0, 2);
    write(15, 4, 28);
    write(15, 8, 112);
    write(15, 12, 4);
    write(15, 0, 1);
    write(15, 0, 2);
    write(15, 4, 40);
    write(15, 8, 112);
    write(15, 12, 4);
    write(15, 0, 1);
    write(15, 0, 2);
    write(15, 4, 228);
    write(15, 8, 80);
    write(15, 12, 5);
    write(15, 0, 1);
    write(15, 0, 2);
    write(15, 4, 360);
    write(15, 8, 24);
    write(15, 12, 6);
    write(15, 0, 1);
    write(15, 0, 2);
    write(15, 4, 292);
    write(15, 8, 56);
    write(15, 12, 2);
    write(15, 0, 1);
    write(15, 0, 2);
    write(15, 4, 452);
    write(15, 8, 24);
    write(15, 12, 2);
    write(15, 0, 1);
    write(15, 0, 2);
    write(15, 4, 212);
    write(15, 8, 120);
    write(15, 12, 6);
    write(15, 0, 1);
    write(15, 0, 2);
    write(15, 4, 316);
    write(15, 8, 112);
    write(15, 12, 4);
    write(15, 0, 1);
    write(15, 0, 2);
    write(15, 4, 236);
    write(15, 8, 16);
    write(15, 12, 2);
    write(15, 0, 1);
    write(15, 0, 2);
    write(15, 4, 372);
    write(15, 8, 80);
    write(15, 12, 5);
    write(15, 0, 1);
    write(15, 0, 2);
    write(15, 4, 180);
    write(15, 8, 56);
    write(15, 12, 2);
    write(15, 0, 1);
    write(15, 0, 2);
    write(15, 4, 164);
    write(15, 8, 128);
    write(15, 12, 2);
    write(15, 0, 1);
    write(15, 0, 2);
    write(15, 4, 152);
    write(15, 8, 128);
    write(15, 12, 8);
    write(15, 0, 1);
    write(15, 0, 2);
    write(15, 4, 160);
    write(15, 8, 20);
    write(15, 12, 5);
    write(15, 0, 1);
    write(15, 0, 2);
    write(15, 4, 156);
    write(15, 8, 56);
    write(15, 12, 2);
    write(15, 0, 1);
    write(15, 0, 2);
    write(15, 4, 320);
    write(15, 8, 96);
    write(15, 12, 8);
    write(15, 0, 1);
    write(15, 0, 2);
    write(15, 4, 24);
    write(15, 8, 112);
    write(15, 12, 7);
    write(15, 0, 1);
    write(15, 0, 2);
    write(15, 4, 284);
    write(15, 8, 60);
    write(15, 12, 5);
    write(15, 0, 1);
    write(15, 0, 2);
    write(15, 4, 480);
    write(15, 8, 12);
    write(15, 12, 3);
    write(15, 0, 1);
    write(15, 0, 2);
    write(15, 4, 268);
    write(15, 8, 56);
    write(15, 12, 2);
    write(15, 0, 1);
    write(15, 0, 2);
    write(15, 4, 136);
    write(15, 8, 32);
    write(15, 12, 2);
    write(15, 0, 1);
    write(15, 0, 2);
    write(15, 4, 220);
    write(15, 8, 64);
    write(15, 12, 2);
    write(15, 0, 1);
    write(15, 0, 2);
    write(15, 4, 360);
    write(15, 8, 96);
    write(15, 12, 4);
    write(15, 0, 1);
    write(15, 0, 2);
    write(15, 4, 12);
    write(15, 8, 112);
    write(15, 12, 7);
    write(15, 0, 1);
    write(15, 0, 2);
    write(15, 4, 288);
    write(15, 8, 96);
    write(15, 12, 3);
    write(15, 0, 1);
    write(15, 0, 2);
    write(15, 4, 72);
    write(15, 8, 56);
    write(15, 12, 7);
    write(15, 0, 1);
    write(15, 0, 2);
    write(15, 4, 264);
    write(15, 8, 48);
    write(15, 12, 6);
    write(15, 0, 1);
    write(15, 0, 2);
    write(15, 4, 324);
    write(15, 8, 64);
    write(15, 12, 4);
    write(15, 0, 1);
    write(15, 0, 2);
    write(15, 4, 16);
    write(15, 8, 112);
    write(15, 12, 7);
    write(15, 0, 1);
    write(15, 0, 2);
    write(15, 4, 76);
    write(15, 8, 80);
    write(15, 12, 5);
    write(15, 0, 1);
    write(15, 0, 2);
    write(15, 4, 368);
    write(15, 8, 120);
    write(15, 12, 6);
    write(15, 0, 1);
    write(15, 0, 2);
    write(15, 4, 404);
    write(15, 8, 8);
    write(15, 12, 2);
    write(15, 0, 1);
    write(15, 0, 2);
    write(15, 4, 312);
    write(15, 8, 108);
    write(15, 12, 3);
    write(15, 0, 1);
    write(15, 0, 2);
    write(15, 4, 376);
    write(15, 8, 120);
    write(15, 12, 2);
    write(15, 0, 1);
    write(15, 0, 2);
    write(15, 4, 392);
    write(15, 8, 72);
    write(15, 12, 6);
    write(15, 0, 1);
    write(15, 0, 2);
    write(15, 4, 392);
    write(15, 8, 20);
    write(15, 12, 5);
    write(15, 0, 1);
    write(15, 0, 2);
    write(15, 4, 72);
    write(15, 8, 48);
    write(15, 12, 6);
    write(15, 0, 1);
    write(15, 0, 2);
    write(15, 4, 344);
    write(15, 8, 96);
    write(15, 12, 8);
    write(15, 0, 1);
    write(15, 0, 2);
    write(15, 4, 124);
    write(15, 8, 56);
    write(15, 12, 7);
    write(15, 0, 1);
    write(15, 0, 2);
    write(15, 4, 32);
    write(15, 8, 16);
    write(15, 12, 4);
    write(15, 0, 1);
    write(15, 0, 2);
    write(15, 4, 348);
    write(15, 8, 32);
    write(15, 12, 8);
    write(15, 0, 1);
    write(15, 0, 2);
    write(15, 4, 32);
    write(15, 8, 120);
    write(15, 12, 3);
    write(15, 0, 1);
    write(15, 0, 2);
    write(15, 4, 380);
    write(15, 8, 120);
    write(15, 12, 6);
    write(15, 0, 1);
    write(15, 0, 2);
    write(15, 4, 272);
    write(15, 8, 40);
    write(15, 12, 5);
    write(15, 0, 1);
    write(15, 0, 2);
    write(15, 4, 100);
    write(15, 8, 128);
    write(15, 12, 8);
    write(15, 0, 1);
    write(15, 0, 2);
    write(15, 4, 440);
    write(15, 8, 32);
    write(15, 12, 4);
    write(15, 0, 1);
    write(15, 0, 2);
    write(15, 4, 228);
    write(15, 8, 120);
    write(15, 12, 6);
    write(15, 0, 1);
    write(15, 0, 2);
    write(15, 4, 324);
    write(15, 8, 16);
    write(15, 12, 4);
    write(15, 0, 1);
    write(15, 0, 2);
    write(15, 4, 372);
    write(15, 8, 112);
    write(15, 12, 2);
    write(15, 0, 1);
    write(15, 0, 2);
    write(15, 4, 416);
    write(15, 8, 64);
    write(15, 12, 8);
    write(15, 0, 1);
    write(15, 0, 2);
    write(15, 4, 108);
    write(15, 8, 48);
    write(15, 12, 2);
    write(15, 0, 1);
    write(15, 0, 2);
    write(15, 4, 356);
    write(15, 8, 128);
    write(15, 12, 4);
    write(15, 0, 1);
    write(15, 0, 2);
    write(15, 4, 152);
    write(15, 8, 24);
    write(15, 12, 6);
    write(15, 0, 1);
    write(15, 0, 2);
    write(15, 4, 268);
    write(15, 8, 84);
    write(15, 12, 7);
    write(15, 0, 1);
    write(15, 0, 2);
    write(15, 4, 184);
    write(15, 8, 128);
    write(15, 12, 2);
    write(15, 0, 1);
    write(15, 0, 2);
    write(15, 4, 108);
    write(15, 8, 12);
    write(15, 12, 3);
    write(15, 0, 1);
    write(15, 0, 2);
    write(15, 4, 132);
    write(15, 8, 96);
    write(15, 12, 4);
    write(15, 0, 1);
    write(15, 0, 2);
    write(15, 4, 136);
    write(15, 8, 96);
    write(15, 12, 3);
    write(15, 0, 1);
    write(15, 0, 2);
    write(15, 4, 64);
    write(15, 8, 96);
    write(15, 12, 3);
    write(15, 0, 1);
    write(15, 0, 2);
    write(15, 4, 440);
    write(15, 8, 64);
    write(15, 12, 4);
    write(15, 0, 1);
    write(15, 0, 2);
    write(15, 4, 236);
    write(15, 8, 128);
    write(15, 12, 8);
    write(15, 0, 1);
    write(15, 0, 2);
    write(15, 4, 40);
    write(15, 8, 32);
    write(15, 12, 8);
    write(15, 0, 1);
    write(15, 0, 2);
    write(15, 4, 208);
    write(15, 8, 84);
    write(15, 12, 7);
    write(15, 0, 1);
    write(15, 0, 2);
    write(15, 4, 328);
    write(15, 8, 120);
    write(15, 12, 6);
    write(15, 0, 1);
    write(15, 0, 2);
    write(15, 4, 56);
    write(15, 8, 48);
    write(15, 12, 4);
    write(15, 0, 1);
    write(15, 0, 2);
    write(15, 4, 352);
    write(15, 8, 64);
    write(15, 12, 4);
    write(15, 0, 1);
    write(15, 0, 2);
    write(15, 4, 40);
    write(15, 8, 16);
    write(15, 12, 4);
    write(15, 0, 1);
    write(15, 0, 2);
    write(15, 4, 324);
    write(15, 8, 88);
    write(15, 12, 2);
    write(15, 0, 1);
    write(15, 0, 2);
    write(15, 4, 40);
    write(15, 8, 56);
    write(15, 12, 7);
    write(15, 0, 1);
    write(15, 0, 2);
    write(15, 4, 436);
    write(15, 8, 64);
    write(15, 12, 2);
    write(15, 0, 1);
    write(15, 0, 2);
    write(15, 4, 432);
    write(15, 8, 24);
    write(15, 12, 3);
    write(15, 0, 1);
    write(15, 0, 2);
    write(15, 4, 40);
    write(15, 8, 120);
    write(15, 12, 6);
    write(15, 0, 1);
    write(15, 0, 2);
    write(15, 4, 44);
    write(15, 8, 72);
    write(15, 12, 3);
    write(15, 0, 1);
    write(15, 0, 2);
    write(15, 4, 64);
    write(15, 8, 20);
    write(15, 12, 5);
    write(15, 0, 1);
    write(15, 0, 2);
    write(15, 4, 228);
    write(15, 8, 28);
    write(15, 12, 7);
    write(15, 0, 1);
    write(15, 0, 2);
    write(15, 4, 292);
    write(15, 8, 96);
    write(15, 12, 4);
    write(15, 0, 1);
    write(15, 0, 2);
    write(15, 4, 292);
    write(15, 8, 84);
    write(15, 12, 3);
    write(15, 0, 1);
    write(15, 0, 2);
    write(15, 4, 20);
    write(15, 8, 128);
    write(15, 12, 8);
    write(15, 0, 1);
    write(15, 0, 2);
    write(15, 4, 172);
    write(15, 8, 112);
    write(15, 12, 7);
    write(15, 0, 1);
    write(15, 0, 2);
    write(15, 4, 408);
    write(15, 8, 96);
    write(15, 12, 8);
    write(15, 0, 1);
    write(15, 0, 2);
    write(15, 4, 236);
    write(15, 8, 96);
    write(15, 12, 8);
    write(15, 0, 1);
    write(15, 0, 2);
    write(15, 4, 44);
    write(15, 8, 108);
    write(15, 12, 3);
    write(15, 0, 1);
    write(15, 0, 2);
    write(15, 4, 152);
    write(15, 8, 20);
    write(15, 12, 5);
    write(15, 0, 1);
    write(15, 0, 2);
    write(15, 4, 372);
    write(15, 8, 48);
    write(15, 12, 6);
    write(15, 0, 1);
    write(15, 0, 2);
    write(15, 4, 16);
    write(15, 8, 32);
    write(15, 12, 4);
    write(15, 0, 1);
    write(15, 0, 2);
    write(15, 4, 36);
    write(15, 8, 108);
    write(15, 12, 3);
    write(15, 0, 1);
    write(15, 0, 2);
    write(15, 4, 256);
    write(15, 8, 72);
    write(15, 12, 2);
    write(15, 0, 1);
    write(15, 0, 2);
    write(15, 4, 52);
    write(15, 8, 100);
    write(15, 12, 5);
    write(15, 0, 1);
    write(15, 0, 2);
    write(15, 4, 316);
    write(15, 8, 100);
    write(15, 12, 5);
    write(15, 0, 1);
    write(15, 0, 2);
    write(15, 4, 360);
    write(15, 8, 96);
    write(15, 12, 2);
    write(15, 0, 1);
    write(15, 0, 2);
    write(15, 4, 192);
    write(15, 8, 96);
    write(15, 12, 6);
    write(15, 0, 1);
    write(15, 0, 2);
    write(15, 4, 356);
    write(15, 8, 24);
    write(15, 12, 3);
    write(15, 0, 1);
    write(15, 0, 2);
    write(15, 4, 232);
    write(15, 8, 96);
    write(15, 12, 2);
    write(15, 0, 1);
    write(15, 0, 2);
    write(15, 4, 320);
    write(15, 8, 72);
    write(15, 12, 6);
    write(15, 0, 1);
    write(15, 0, 2);
    write(15, 4, 172);
    write(15, 8, 108);
    write(15, 12, 3);
    write(15, 0, 1);
    write(15, 0, 2);
    write(15, 4, 356);
    write(15, 8, 32);
    write(15, 12, 8);
    write(15, 0, 1);
    write(15, 0, 2);
    write(15, 4, 236);
    write(15, 8, 128);
    write(15, 12, 8);
    write(15, 0, 1);
    write(15, 0, 2);
    write(15, 4, 16);
    write(15, 8, 72);
    write(15, 12, 6);
    write(15, 0, 1);
    write(15, 0, 2);
    write(15, 4, 140);
    write(15, 8, 120);
    write(15, 12, 6);
    write(15, 0, 1);
    write(15, 0, 2);
    write(15, 4, 4);
    write(15, 8, 100);
    write(15, 12, 5);
    write(15, 0, 1);
    write(15, 0, 2);
    write(15, 4, 116);
    write(15, 8, 72);
    write(15, 12, 6);
    write(15, 0, 1);
    write(15, 0, 2);
    write(15, 4, 232);
    write(15, 8, 120);
    write(15, 12, 3);
    write(15, 0, 1);
    write(15, 0, 2);
    write(15, 4, 308);
    write(15, 8, 96);
    write(15, 12, 3);
    write(15, 0, 1);
    write(15, 0, 2);
    write(15, 4, 308);
    write(15, 8, 12);
    write(15, 12, 3);
    write(15, 0, 1);
    write(15, 0, 2);
    write(15, 4, 84);
    write(15, 8, 120);
    write(15, 12, 5);
    write(15, 0, 1);
    write(15, 0, 2);
    write(15, 4, 40);
    write(15, 8, 60);
    write(15, 12, 5);
    write(15, 0, 1);
    write(15, 0, 2);
    write(15, 4, 296);
    write(15, 8, 72);
    write(15, 12, 6);
    write(15, 0, 1);
    write(15, 0, 2);
    write(15, 4, 144);
    write(15, 8, 128);
    write(15, 12, 4);
    write(15, 0, 1);
    write(15, 0, 2);
    write(15, 4, 380);
    write(15, 8, 48);
    write(15, 12, 3);
    write(15, 0, 1);
    write(15, 0, 2);
    write(15, 4, 384);
    write(15, 8, 84);
    write(15, 12, 7);
    write(15, 0, 1);
    write(15, 0, 2);
    write(15, 4, 384);
    write(15, 8, 40);
    write(15, 12, 2);
    write(15, 0, 1);
    write(15, 0, 2);
    write(15, 4, 164);
    write(15, 8, 72);
    write(15, 12, 2);
    write(15, 0, 1);
    write(15, 0, 2);
    write(15, 4, 236);
    write(15, 8, 64);
    write(15, 12, 8);
    write(15, 0, 1);
    write(15, 0, 2);
    write(15, 4, 308);
    write(15, 8, 120);
    write(15, 12, 5);
    write(15, 0, 1);
    write(15, 0, 2);
    write(15, 4, 20);
    write(15, 8, 48);
    write(15, 12, 6);
    write(15, 0, 1);
    write(15, 0, 2);
    write(15, 4, 84);
    write(15, 8, 120);
    write(15, 12, 6);
    write(15, 0, 1);
    write(15, 0, 2);
    write(15, 4, 228);
    write(15, 8, 120);
    write(15, 12, 2);
    write(15, 0, 1);
    write(15, 0, 2);
    write(15, 4, 236);
    write(15, 8, 72);
    write(15, 12, 6);
    write(15, 0, 1);
    write(15, 0, 2);
    write(15, 4, 372);
    write(15, 8, 80);
    write(15, 12, 4);
    write(15, 0, 1);
    write(15, 0, 2);
    write(15, 4, 284);
    write(15, 8, 120);
    write(15, 12, 6);
    write(15, 0, 1);
    write(15, 0, 2);
    write(15, 4, 8);
    write(15, 8, 32);
    write(15, 12, 8);
    write(15, 0, 1);
    write(15, 0, 2);
    write(15, 4, 244);
    write(15, 8, 72);
    write(15, 12, 6);
    write(15, 0, 1);
    write(15, 0, 2);
    write(15, 4, 124);
    write(15, 8, 112);
    write(15, 12, 7);
    write(15, 0, 1);
    write(15, 0, 2);
    write(15, 4, 60);
    write(15, 8, 96);
    write(15, 12, 4);
    write(15, 0, 1);
    write(15, 0, 2);
    write(15, 4, 412);
    write(15, 8, 64);
    write(15, 12, 4);
    write(15, 0, 1);
    write(15, 0, 2);
    write(15, 4, 108);
    write(15, 8, 120);
    write(15, 12, 5);
    write(15, 0, 1);
    write(15, 0, 2);
    write(15, 4, 352);
    write(15, 8, 64);
    write(15, 12, 4);
    write(15, 0, 1);
    write(15, 0, 2);
    write(15, 4, 104);
    write(15, 8, 128);
    write(15, 12, 8);
    write(15, 0, 1);
    write(15, 0, 2);
    write(15, 4, 92);
    write(15, 8, 24);
    write(15, 12, 2);
    write(15, 0, 1);
    write(15, 0, 2);
    write(15, 4, 20);
    write(15, 8, 32);
    write(15, 12, 8);
    write(15, 0, 1);
    write(15, 0, 2);
    write(15, 4, 60);
    write(15, 8, 100);
    write(15, 12, 5);
    write(15, 0, 1);
    write(15, 0, 2);
    write(15, 4, 292);
    write(15, 8, 120);
    write(15, 12, 3);
    write(15, 0, 1);
    write(15, 0, 2);
    write(15, 4, 360);
    write(15, 8, 48);
    write(15, 12, 3);
    write(15, 0, 1);
    write(15, 0, 2);
    write(15, 4, 184);
    write(15, 8, 104);
    write(15, 12, 2);
    write(15, 0, 1);
    write(15, 0, 2);
    write(15, 4, 80);
    write(15, 8, 128);
    write(15, 12, 8);
    write(15, 0, 1);
    write(15, 0, 2);
    write(15, 4, 188);
    write(15, 8, 100);
    write(15, 12, 5);
    write(15, 0, 1);
    write(15, 0, 2);
    write(15, 4, 236);
    write(15, 8, 48);
    write(15, 12, 6);
    write(15, 0, 1);
    write(15, 0, 2);
    write(15, 4, 200);
    write(15, 8, 36);
    write(15, 12, 3);
    write(15, 0, 1);
    write(15, 0, 2);
    write(15, 4, 180);
    write(15, 8, 72);
    write(15, 12, 6);
    write(15, 0, 1);
    write(15, 0, 2);
    write(15, 4, 216);
    write(15, 8, 28);
    write(15, 12, 7);
    write(15, 0, 1);
    write(15, 0, 2);
    write(15, 4, 328);
    write(15, 8, 48);
    write(15, 12, 3);
    write(15, 0, 1);
    write(15, 0, 2);
    write(15, 4, 184);
    write(15, 8, 84);
    write(15, 12, 7);
    write(15, 0, 1);
    write(15, 0, 2);
    write(15, 4, 188);
    write(15, 8, 108);
    write(15, 12, 3);
    write(15, 0, 1);
    write(15, 0, 2);
    write(15, 4, 252);
    write(15, 8, 56);
    write(15, 12, 7);
    write(15, 0, 1);
    write(15, 0, 2);
    write(15, 4, 312);
    write(15, 8, 32);
    write(15, 12, 8);
    write(15, 0, 1);
    write(15, 0, 2);
    write(15, 4, 244);
    write(15, 8, 60);
    write(15, 12, 3);
    write(15, 0, 1);
    write(15, 0, 2);
    write(15, 4, 364);
    write(15, 8, 12);
    write(15, 12, 3);
    write(15, 0, 1);
    write(15, 0, 2);
    write(15, 4, 96);
    write(15, 8, 72);
    write(15, 12, 6);
    write(15, 0, 1);
    write(15, 0, 2);
    write(15, 4, 192);
    write(15, 8, 112);
    write(15, 12, 4);
    write(15, 0, 1);
    write(15, 0, 2);
    write(15, 4, 364);
    write(15, 8, 56);
    write(15, 12, 7);
    write(15, 0, 1);
    write(15, 0, 2);
    write(15, 4, 380);
    write(15, 8, 64);
    write(15, 12, 8);
    write(15, 0, 1);
    write(15, 0, 2);
    write(15, 4, 168);
    write(15, 8, 128);
    write(15, 12, 4);
    write(15, 0, 1);
    write(15, 0, 2);
    write(15, 4, 44);
    write(15, 8, 96);
    write(15, 12, 4);
    write(15, 0, 1);
    write(15, 0, 2);
    write(15, 4, 412);
    write(15, 8, 28);
    write(15, 12, 7);
    write(15, 0, 1);
    write(15, 0, 2);
    write(15, 4, 364);
    write(15, 8, 48);
    write(15, 12, 2);
    write(15, 0, 1);
    write(15, 0, 2);
    write(15, 4, 132);
    write(15, 8, 16);
    write(15, 12, 4);
    write(15, 0, 1);
    write(15, 0, 2);
    write(15, 4, 52);
    write(15, 8, 80);
    write(15, 12, 5);
    write(15, 0, 1);
    write(15, 0, 2);
    write(15, 4, 64);
    write(15, 8, 96);
    write(15, 12, 6);
    write(15, 0, 1);
    write(15, 0, 2);
    write(15, 4, 404);
    write(15, 8, 100);
    write(15, 12, 5);
    write(15, 0, 1);
    write(15, 0, 2);
    write(15, 4, 168);
    write(15, 8, 12);
    write(15, 12, 3);
    write(15, 0, 1);
    write(15, 0, 2);
    write(15, 4, 244);
    write(15, 8, 72);
    write(15, 12, 6);
    write(15, 0, 1);
    write(15, 0, 2);
    write(15, 4, 324);
    write(15, 8, 96);
    write(15, 12, 6);
    write(15, 0, 1);
    write(15, 0, 2);
    write(15, 4, 352);
    write(15, 8, 32);
    write(15, 12, 4);
    write(15, 0, 1);
    write(15, 0, 2);
    write(15, 4, 248);
    write(15, 8, 28);
    write(15, 12, 7);
    write(15, 0, 1);
    write(15, 0, 2);
    write(15, 4, 428);
    write(15, 8, 84);
    write(15, 12, 7);
    write(15, 0, 1);
    write(15, 0, 2);
    write(15, 4, 464);
    write(15, 8, 48);
    write(15, 12, 6);
    write(15, 0, 1);
    write(15, 0, 2);
    write(15, 4, 96);
    write(15, 8, 100);
    write(15, 12, 5);
    write(15, 0, 1);
    write(15, 0, 2);
    write(15, 4, 280);
    write(15, 8, 64);
    write(15, 12, 8);
    write(15, 0, 1);
    write(15, 0, 2);
    write(15, 4, 272);
    write(15, 8, 120);
    write(15, 12, 5);
    write(15, 0, 1);
    write(15, 0, 2);
    write(15, 4, 316);
    write(15, 8, 108);
    write(15, 12, 3);
    write(15, 0, 1);
    write(15, 0, 2);
    write(15, 4, 408);
    write(15, 8, 72);
    write(15, 12, 3);
    write(15, 0, 1);
    write(15, 0, 2);
    write(15, 4, 184);
    write(15, 8, 24);
    write(15, 12, 6);
    write(15, 0, 1);
    write(15, 0, 2);
    write(15, 4, 368);
    write(15, 8, 48);
    write(15, 12, 4);
    write(15, 0, 1);
    write(15, 0, 2);
    write(15, 4, 44);
    write(15, 8, 84);
    write(15, 12, 3);
    write(15, 0, 1);
    write(15, 0, 2);
    write(15, 4, 320);
    write(15, 8, 20);
    write(15, 12, 5);
    write(15, 0, 1);
    write(15, 0, 2);
    write(15, 4, 332);
    write(15, 8, 80);
    write(15, 12, 4);
    write(15, 0, 1);
    write(15, 0, 2);
    write(15, 4, 108);
    write(15, 8, 40);
    write(15, 12, 5);
    write(15, 0, 1);
    write(15, 0, 2);
    write(15, 4, 16);
    write(15, 8, 28);
    write(15, 12, 7);
    write(15, 0, 1);
    write(15, 0, 2);
    write(15, 4, 404);
    write(15, 8, 96);
    write(15, 12, 3);
    write(15, 0, 1);
    write(15, 0, 2);
    write(15, 4, 220);
    write(15, 8, 28);
    write(15, 12, 7);
    write(15, 0, 1);
    write(15, 0, 2);
    write(15, 4, 12);
    write(15, 8, 112);
    write(15, 12, 7);
    write(15, 0, 1);
    write(15, 0, 2);
    write(15, 4, 372);
    write(15, 8, 20);
    write(15, 12, 5);
    write(15, 0, 1);
    write(15, 0, 2);
    write(15, 4, 176);
    write(15, 8, 60);
    write(15, 12, 5);
    write(15, 0, 1);
    write(15, 0, 2);
    write(15, 4, 172);
    write(15, 8, 84);
    write(15, 12, 7);
    write(15, 0, 1);
    write(15, 0, 2);
    write(15, 4, 152);
    write(15, 8, 32);
    write(15, 12, 8);
    write(15, 0, 1);
    write(15, 0, 2);
    write(15, 4, 252);
    write(15, 8, 24);
    write(15, 12, 2);
    write(15, 0, 1);
    write(15, 0, 2);
    write(15, 4, 468);
    write(15, 8, 32);
    write(15, 12, 8);
    write(15, 0, 1);
    write(15, 0, 2);
    write(15, 4, 60);
    write(15, 8, 128);
    write(15, 12, 8);
    write(15, 0, 1);
    write(15, 0, 2);
    write(15, 4, 72);
    write(15, 8, 72);
    write(15, 12, 6);
    write(15, 0, 1);
    write(15, 0, 2);
    write(15, 4, 364);
    write(15, 8, 100);
    write(15, 12, 5);
    write(15, 0, 1);
    write(15, 0, 2);
    write(15, 4, 160);
    write(15, 8, 112);
    write(15, 12, 7);
    write(15, 0, 1);
    write(15, 0, 2);
    write(15, 4, 188);
    write(15, 8, 128);
    write(15, 12, 8);
    write(15, 0, 1);
    write(15, 0, 2);
    write(15, 4, 232);
    write(15, 8, 32);
    write(15, 12, 8);
    write(15, 0, 1);
    write(15, 0, 2);
    write(15, 4, 156);
    write(15, 8, 48);
    write(15, 12, 6);
    write(15, 0, 1);
    write(15, 0, 2);
    write(15, 4, 72);
    write(15, 8, 36);
    write(15, 12, 3);
    write(15, 0, 1);
    write(15, 0, 2);
    write(15, 4, 280);
    write(15, 8, 28);
    write(15, 12, 7);
    write(15, 0, 1);
    write(15, 0, 2);
    write(15, 4, 384);
    write(15, 8, 60);
    write(15, 12, 3);
    write(15, 0, 1);
    write(15, 0, 2);
    write(15, 4, 184);
    write(15, 8, 16);
    write(15, 12, 4);
    write(15, 0, 1);
    write(15, 0, 2);
    write(15, 4, 12);
    write(15, 8, 96);
    write(15, 12, 6);
    write(15, 0, 1);
    write(15, 0, 2);
    write(15, 4, 336);
    write(15, 8, 112);
    write(15, 12, 7);
    write(15, 0, 1);
    write(15, 0, 2);
    write(15, 4, 380);
    write(15, 8, 24);
    write(15, 12, 6);
    write(15, 0, 1);
    write(15, 0, 2);
    write(15, 4, 36);
    write(15, 8, 128);
    write(15, 12, 8);
    write(15, 0, 1);
    write(15, 0, 2);
    write(15, 4, 416);
    write(15, 8, 60);
    write(15, 12, 5);
    write(15, 0, 1);
    write(15, 0, 2);
    write(15, 4, 80);
    write(15, 8, 84);
    write(15, 12, 7);
    write(15, 0, 1);
    write(15, 0, 2);
    write(15, 4, 324);
    write(15, 8, 96);
    write(15, 12, 3);
    write(15, 0, 1);
    write(15, 0, 2);
    write(15, 4, 296);
    write(15, 8, 120);
    write(15, 12, 5);
    write(15, 0, 1);
    write(15, 0, 2);
    write(15, 4, 324);
    write(15, 8, 100);
    write(15, 12, 5);
    write(15, 0, 1);
    write(15, 0, 2);
    write(15, 4, 288);
    write(15, 8, 128);
    write(15, 12, 8);
    write(15, 0, 1);
    write(15, 0, 2);
    write(15, 4, 28);
    write(15, 8, 64);
    write(15, 12, 8);
    write(15, 0, 1);
    write(15, 0, 2);
    write(15, 4, 260);
    write(15, 8, 128);
    write(15, 12, 4);
    write(15, 0, 1);
    write(15, 0, 2);
    write(15, 4, 128);
    write(15, 8, 48);
    write(15, 12, 4);
    write(15, 0, 1);
    write(15, 0, 2);
    write(15, 4, 32);
    write(15, 8, 40);
    write(15, 12, 5);
    write(15, 0, 1);
    write(15, 0, 2);
    write(15, 4, 172);
    write(15, 8, 128);
    write(15, 12, 2);
    write(15, 0, 1);
    write(15, 0, 2);
    write(15, 4, 12);
    write(15, 8, 72);
    write(15, 12, 3);
    write(15, 0, 1);
    write(15, 0, 2);
    write(15, 4, 72);
    write(15, 8, 60);
    write(15, 12, 5);
    write(15, 0, 1);
    write(15, 0, 2);
    write(15, 4, 364);
    write(15, 8, 16);
    write(15, 12, 4);
    write(15, 0, 1);
    write(15, 0, 2);
    write(15, 4, 76);
    write(15, 8, 64);
    write(15, 12, 4);
    write(15, 0, 1);
    write(15, 0, 2);
    write(15, 4, 260);
    write(15, 8, 24);
    write(15, 12, 6);
    write(15, 0, 1);
    write(15, 0, 2);
    write(15, 4, 248);
    write(15, 8, 80);
    write(15, 12, 4);
    write(15, 0, 1);
    write(15, 0, 2);
    write(15, 4, 324);
    write(15, 8, 56);
    write(15, 12, 7);
    write(15, 0, 1);
    write(15, 0, 2);
    write(15, 4, 144);
    write(15, 8, 84);
    write(15, 12, 3);
    write(15, 0, 1);
    write(15, 0, 2);
    write(15, 4, 316);
    write(15, 8, 56);
    write(15, 12, 7);
    write(15, 0, 1);
    write(15, 0, 2);
    write(15, 4, 328);
    write(15, 8, 112);
    write(15, 12, 2);
    write(15, 0, 1);
    write(15, 0, 2);
    write(15, 4, 104);
    write(15, 8, 72);
    write(15, 12, 2);
    write(15, 0, 1);
    write(15, 0, 2);
    write(15, 4, 300);
    write(15, 8, 120);
    write(15, 12, 6);
    write(15, 0, 1);
    write(15, 0, 2);
    write(15, 4, 232);
    write(15, 8, 88);
    write(15, 12, 2);
    write(15, 0, 1);
    write(15, 0, 2);
    write(15, 4, 316);
    write(15, 8, 128);
    write(15, 12, 2);
    write(15, 0, 1);
    write(15, 0, 2);
    write(15, 4, 148);
    write(15, 8, 112);
    write(15, 12, 2);
    write(15, 0, 1);
    write(15, 0, 2);
    write(15, 4, 144);
    write(15, 8, 24);
    write(15, 12, 6);
    write(15, 0, 1);
    write(15, 0, 2);
    write(15, 4, 248);
    write(15, 8, 40);
    write(15, 12, 5);
    write(15, 0, 1);
    write(15, 0, 2);
    write(15, 4, 344);
    write(15, 8, 72);
    write(15, 12, 6);
    write(15, 0, 1);
    write(15, 0, 2);
    write(15, 4, 280);
    write(15, 8, 80);
    write(15, 12, 5);
    write(15, 0, 1);
    write(15, 0, 2);
    write(15, 4, 288);
    write(15, 8, 40);
    write(15, 12, 2);
    write(15, 0, 1);
    write(15, 0, 2);
    write(15, 4, 192);
    write(15, 8, 72);
    write(15, 12, 6);
    write(15, 0, 1);
    write(15, 0, 2);
    write(15, 4, 104);
    write(15, 8, 24);
    write(15, 12, 6);
    write(15, 0, 1);
    write(15, 0, 2);
    write(15, 4, 264);
    write(15, 8, 120);
    write(15, 12, 2);
    write(15, 0, 1);
    write(15, 0, 2);
    write(15, 4, 144);
    write(15, 8, 24);
    write(15, 12, 2);
    write(15, 0, 1);
    write(15, 0, 2);
    write(15, 4, 320);
    write(15, 8, 96);
    write(15, 12, 4);
    write(15, 0, 1);
    write(15, 0, 2);
    write(15, 4, 360);
    write(15, 8, 96);
    write(15, 12, 3);
    write(15, 0, 1);
    write(15, 0, 2);
    write(15, 4, 112);
    write(15, 8, 96);
    write(15, 12, 3);
    write(15, 0, 1);
    write(15, 0, 2);
    write(15, 4, 372);
    write(15, 8, 48);
    write(15, 12, 4);
    write(15, 0, 1);
    write(15, 0, 2);
    write(15, 4, 376);
    write(15, 8, 24);
    write(15, 12, 2);
    write(15, 0, 1);
    write(15, 0, 2);
    write(15, 4, 0);
    write(15, 8, 120);
    write(15, 12, 5);
    write(15, 0, 1);
    write(15, 0, 2);
    write(15, 4, 244);
    write(15, 8, 40);
    write(15, 12, 5);
    write(15, 0, 1);
    write(15, 0, 2);
    write(15, 4, 476);
    write(15, 8, 24);
    write(15, 12, 6);
    write(15, 0, 1);
    write(15, 0, 2);
    write(15, 4, 420);
    write(15, 8, 32);
    write(15, 12, 8);
    write(15, 0, 1);
    write(15, 0, 2);
    write(15, 4, 60);
    write(15, 8, 16);
    write(15, 12, 4);
    write(15, 0, 1);
    write(15, 0, 2);
    write(15, 4, 72);
    write(15, 8, 64);
    write(15, 12, 8);
    write(15, 0, 1);
    write(15, 0, 2);
    write(15, 4, 368);
    write(15, 8, 104);
    write(15, 12, 2);
    write(15, 0, 1);
    write(15, 0, 2);
    write(15, 4, 356);
    write(15, 8, 80);
    write(15, 12, 4);
    write(15, 0, 1);
    write(15, 0, 2);
    write(15, 4, 80);
    write(15, 8, 100);
    write(15, 12, 5);
    write(15, 0, 1);
    write(15, 0, 2);
    write(15, 4, 420);
    write(15, 8, 64);
    write(15, 12, 8);
    write(15, 0, 1);
    write(15, 0, 2);
    write(15, 4, 164);
    write(15, 8, 56);
    write(15, 12, 7);
    write(15, 0, 1);
    write(15, 0, 2);
    write(15, 4, 404);
    write(15, 8, 84);
    write(15, 12, 7);
    write(15, 0, 1);
    write(15, 0, 2);
    write(15, 4, 320);
    write(15, 8, 80);
    write(15, 12, 5);
    write(15, 0, 1);
    write(15, 0, 2);
    write(15, 4, 32);
    write(15, 8, 112);
    write(15, 12, 2);
    write(15, 0, 1);
    write(15, 0, 2);
    write(15, 4, 332);
    write(15, 8, 56);
    write(15, 12, 7);
    write(15, 0, 1);
    write(15, 0, 2);
    write(15, 4, 240);
    write(15, 8, 48);
    write(15, 12, 6);
    write(15, 0, 1);
    write(15, 0, 2);
    write(15, 4, 120);
    write(15, 8, 64);
    write(15, 12, 2);
    write(15, 0, 1);
    write(15, 0, 2);
    write(15, 4, 164);
    write(15, 8, 120);
    write(15, 12, 5);
    write(15, 0, 1);
    write(15, 0, 2);
    write(15, 4, 344);
    write(15, 8, 32);
    write(15, 12, 2);
    write(15, 0, 1);
    write(15, 0, 2);
    write(15, 4, 380);
    write(15, 8, 120);
    write(15, 12, 3);
    write(15, 0, 1);
    write(15, 0, 2);
    write(15, 4, 212);
    write(15, 8, 16);
    write(15, 12, 2);
    write(15, 0, 1);
    write(15, 0, 2);
    write(15, 4, 228);
    write(15, 8, 120);
    write(15, 12, 3);
    write(15, 0, 1);
    write(15, 0, 2);
    write(15, 4, 168);
    write(15, 8, 96);
    write(15, 12, 8);
    write(15, 0, 1);
    write(15, 0, 2);
    write(15, 4, 256);
    write(15, 8, 24);
    write(15, 12, 3);
    write(15, 0, 1);
    write(15, 0, 2);
    write(15, 4, 136);
    write(15, 8, 84);
    write(15, 12, 7);
    write(15, 0, 1);
    write(15, 0, 2);
    write(15, 4, 376);
    write(15, 8, 84);
    write(15, 12, 3);
    write(15, 0, 1);
    write(15, 0, 2);
    write(15, 4, 276);
    write(15, 8, 40);
    write(15, 12, 5);
    write(15, 0, 1);
    write(15, 0, 2);
    write(15, 4, 92);
    write(15, 8, 84);
    write(15, 12, 7);
    write(15, 0, 1);
    write(15, 0, 2);
    write(15, 4, 208);
    write(15, 8, 32);
    write(15, 12, 8);
    write(15, 0, 1);
    write(15, 0, 2);
    write(15, 4, 380);
    write(15, 8, 32);
    write(15, 12, 4);
    write(15, 0, 1);
    write(15, 0, 2);
    write(15, 4, 148);
    write(15, 8, 128);
    write(15, 12, 8);
    write(15, 0, 1);
    write(15, 0, 2);
    write(15, 4, 240);
    write(15, 8, 72);
    write(15, 12, 3);
    write(15, 0, 1);
    write(15, 0, 2);
    write(15, 4, 276);
    write(15, 8, 128);
    write(15, 12, 4);
    write(15, 0, 1);
    write(15, 0, 2);
    write(15, 4, 204);
    write(15, 8, 128);
    write(15, 12, 2);
    write(15, 0, 1);
    write(15, 0, 2);
    write(15, 4, 332);
    write(15, 8, 60);
    write(15, 12, 5);
    write(15, 0, 1);
    write(15, 0, 2);
    write(15, 4, 464);
    write(15, 8, 32);
    write(15, 12, 8);
    write(15, 0, 1);
    write(15, 0, 2);
    write(15, 4, 92);
    write(15, 8, 120);
    write(15, 12, 5);
    write(15, 0, 1);
    write(15, 0, 2);
    write(15, 4, 384);
    write(15, 8, 24);
    write(15, 12, 6);
    write(15, 0, 1);
    write(15, 0, 2);
    write(15, 4, 384);
    write(15, 8, 16);
    write(15, 12, 4);
    write(15, 0, 1);
    write(15, 0, 2);
    write(15, 4, 192);
    write(15, 8, 96);
    write(15, 12, 2);
    write(15, 0, 1);
    write(15, 0, 2);
    write(15, 4, 144);
    write(15, 8, 48);
    write(15, 12, 2);
    write(15, 0, 1);
    write(15, 0, 2);
    write(15, 4, 376);
    write(15, 8, 112);
    write(15, 12, 4);
    write(15, 0, 1);
    write(15, 0, 2);
    write(15, 4, 196);
    write(15, 8, 28);
    write(15, 12, 7);
    write(15, 0, 1);
    write(15, 0, 2);
    write(15, 4, 112);
    write(15, 8, 96);
    write(15, 12, 8);
    write(15, 0, 1);
    write(15, 0, 2);
    write(15, 4, 128);
    write(15, 8, 80);
    write(15, 12, 4);
    write(15, 0, 1);
    write(15, 0, 2);
    write(15, 4, 152);
    write(15, 8, 120);
    write(15, 12, 5);
    write(15, 0, 1);
    write(15, 0, 2);
    write(15, 4, 4);
    write(15, 8, 108);
    write(15, 12, 3);
    write(15, 0, 1);
    write(15, 0, 2);
    write(15, 4, 8);
    write(15, 8, 64);
    write(15, 12, 2);
    write(15, 0, 1);
    write(15, 0, 2);
    write(15, 4, 60);
    write(15, 8, 112);
    write(15, 12, 4);
    write(15, 0, 1);
    write(15, 0, 2);
    write(15, 4, 404);
    write(15, 8, 24);
    write(15, 12, 6);
    write(15, 0, 1);
    write(15, 0, 2);
    write(15, 4, 280);
    write(15, 8, 84);
    write(15, 12, 7);
    write(15, 0, 1);
    write(15, 0, 2);
    write(15, 4, 40);
    write(15, 8, 64);
    write(15, 12, 4);
    write(15, 0, 1);
    write(15, 0, 2);
    write(15, 4, 288);
    write(15, 8, 128);
    write(15, 12, 8);
    write(15, 0, 1);
    write(15, 0, 2);
    write(15, 4, 52);
    write(15, 8, 72);
    write(15, 12, 3);
    write(15, 0, 1);
    write(15, 0, 2);
    write(15, 4, 248);
    write(15, 8, 128);
    write(15, 12, 8);
    write(15, 0, 1);
    write(15, 0, 2);
    write(15, 4, 316);
    write(15, 8, 32);
    write(15, 12, 8);
    write(15, 0, 1);
    write(15, 0, 2);
    write(15, 4, 188);
    write(15, 8, 60);
    write(15, 12, 5);
    write(15, 0, 1);
    write(15, 0, 2);
    write(15, 4, 332);
    write(15, 8, 64);
    write(15, 12, 8);
    write(15, 0, 1);
    write(15, 0, 2);
    write(15, 4, 280);
    write(15, 8, 20);
    write(15, 12, 5);
    write(15, 0, 1);
    write(15, 0, 2);
    write(15, 4, 276);
    write(15, 8, 24);
    write(15, 12, 6);
    write(15, 0, 1);
    write(15, 0, 2);
    write(15, 4, 56);
    write(15, 8, 48);
    write(15, 12, 6);
    write(15, 0, 1);
    write(15, 0, 2);
    write(15, 4, 216);
    write(15, 8, 60);
    write(15, 12, 5);
    write(15, 0, 1);
    write(15, 0, 2);
    write(15, 4, 20);
    write(15, 8, 72);
    write(15, 12, 2);
    write(15, 0, 1);
    write(15, 0, 2);
    write(15, 4, 268);
    write(15, 8, 72);
    write(15, 12, 6);
    write(15, 0, 1);
    write(15, 0, 2);
    write(15, 4, 368);
    write(15, 8, 16);
    write(15, 12, 4);
    write(15, 0, 1);
    write(15, 0, 2);
    write(15, 4, 64);
    write(15, 8, 80);
    write(15, 12, 4);
    write(15, 0, 1);
    write(15, 0, 2);
    write(15, 4, 160);
    write(15, 8, 64);
    write(15, 12, 8);
    write(15, 0, 1);
    write(15, 0, 2);
    write(15, 4, 212);
    write(15, 8, 32);
    write(15, 12, 2);
    write(15, 0, 1);
    write(15, 0, 2);
    write(15, 4, 152);
    write(15, 8, 128);
    write(15, 12, 8);
    write(15, 0, 1);
    write(15, 0, 2);
    write(15, 4, 380);
    write(15, 8, 80);
    write(15, 12, 2);
    write(15, 0, 1);
    write(15, 0, 2);
    write(15, 4, 288);
    write(15, 8, 96);
    write(15, 12, 8);
    write(15, 0, 1);
    write(15, 0, 2);
    write(15, 4, 292);
    write(15, 8, 80);
    write(15, 12, 2);
    write(15, 0, 1);
    write(15, 0, 2);
    write(15, 4, 296);
    write(15, 8, 48);
    write(15, 12, 4);
    write(15, 0, 1);
    write(15, 0, 2);
    write(15, 4, 52);
    write(15, 8, 96);
    write(15, 12, 8);
    write(15, 0, 1);
    write(15, 0, 2);
    write(15, 4, 200);
    write(15, 8, 16);
    write(15, 12, 4);
    write(15, 0, 1);
    write(15, 0, 2);
    write(15, 4, 244);
    write(15, 8, 60);
    write(15, 12, 5);
    write(15, 0, 1);
    write(15, 0, 2);
    write(15, 4, 204);
    write(15, 8, 84);
    write(15, 12, 7);
    write(15, 0, 1);
    write(15, 0, 2);
    write(15, 4, 216);
    write(15, 8, 96);
    write(15, 12, 8);
    write(15, 0, 1);
    write(15, 0, 2);
    write(15, 4, 224);
    write(15, 8, 72);
    write(15, 12, 6);
    write(15, 0, 1);
    write(15, 0, 2);
    write(15, 4, 188);
    write(15, 8, 24);
    write(15, 12, 6);
    write(15, 0, 1);
    write(15, 0, 2);
    write(15, 4, 28);
    write(15, 8, 120);
    write(15, 12, 5);
    write(15, 0, 1);
    write(15, 0, 2);
    write(15, 4, 172);
    write(15, 8, 32);
    write(15, 12, 4);
    write(15, 0, 1);
    write(15, 0, 2);
    write(15, 4, 52);
    write(15, 8, 120);
    write(15, 12, 2);
    write(15, 0, 1);
    write(15, 0, 2);
    write(15, 4, 448);
    write(15, 8, 36);
    write(15, 12, 3);
    write(15, 0, 1);
    write(15, 0, 2);
    write(15, 4, 420);
    write(15, 8, 64);
    write(15, 12, 2);
    write(15, 0, 1);
    write(15, 0, 2);
}
