// trace 0
trace {
    reset();
    reset();
    reset();
    reset();
    reset();
    reset();
    write_burst_increment_linear(15, 8, [2985317987, 112818957, 1189058957, 2999092325, 2302104082]);
    write_burst_increment_linear(15, 28, [15983361, 114806029, 992211318, 512609597, 1993627629]);
    write_burst_increment_linear(15, 156, [3807872197, 3574846122, 1924134885, 3151131255, 2301810194, 1206705039, 2033215986]);
    write_burst_increment_linear(15, 184, [3883308750, 4093672168, 3804909253, 777537884, 3733858493, 2527811629, 2997298789]);
    write_burst_increment_linear(15, 212, [2985255523, 91457290, 3225100928, 274997536, 1433945514, 3469528221, 3407888022]);
    write_burst_increment_linear(15, 240, [2307110931, 2260482061, 2846348883, 899669355, 3936758485, 2165787138, 3612753582]);
    write_burst_increment_linear(15, 256, [84501770, 3849521866, 2654030908, 2036907506, 1160667530]);
    write_burst_increment_linear(15, 276, [549761857, 3964351704, 1008792440, 3297383049, 1975848427]);
    write_burst_increment_linear(15, 296, [1526883766, 1665923526, 1460999086, 3732210364, 353361194]);
    write_burst_increment_linear(15, 368, [670192975, 2647416891]);
    write_burst_increment_linear(15, 376, [486945594, 3206754942]);
    write_burst_increment_linear(15, 384, [178932501, 2027527153]);
    write_burst_increment_linear(15, 392, [1822182361, 824379234]);
    write_burst_increment_linear(15, 308, [2087561720, 3687669943, 3485750943, 2927465564, 2915811419, 1155413897]);
    write_burst_increment_linear(15, 332, [2762879561, 3894623952, 3959341271, 2831678545, 1260466070, 102596364]);
    write_burst_increment_linear(15, 356, [3777810114, 1683484104, 3145882231, 519236925, 151837458, 3204776062]);
    write_burst_increment_linear(15, 380, [921010541, 484042553, 265457439, 3924555475, 1121529733, 3155462264]);
    write_burst_increment_linear(15, 404, [769284443, 613108553, 2683481663, 353152810, 739599192, 3275700358]);
    write_burst_increment_linear(15, 460, [2474490918, 966137715, 3515593891]);
    write_burst_increment_linear(15, 472, [2543429679, 3654455987, 2950190687]);
    write_burst_increment_linear(15, 484, [573115716, 2079915511, 3852154571]);
    write_burst_increment_linear(15, 496, [4077460198, 757652314, 349159721]);
    write_burst_increment_linear(15, 88, [3666535093, 4022244575, 1022433657, 573701956, 3899919568]);
    write_burst_increment_linear(15, 108, [352914218, 1442229675, 124768014, 1851633116, 3445537946]);
    write_burst_increment_linear(15, 128, [4276056829, 3790668483, 722398550, 662301006, 3017373287]);
    write_burst_increment_linear(15, 44, [1020364665, 3693855928]);
    write_burst_increment_linear(15, 52, [1249165204, 1237736851]);
    write_burst_increment_linear(15, 60, [2185178116, 2897726041]);
    write_burst_increment_linear(15, 68, [1842047451, 2801589837]);
    write_burst_increment_linear(15, 76, [1823520729, 3064211053]);
    write_burst_increment_linear(15, 84, [3141919350, 1698384330]);
    write_burst_increment_linear(15, 92, [1528245686, 1251176853]);
    write_burst_increment_linear(15, 100, [2735151686, 41196292]);
    write_burst_increment_linear(15, 108, [2077385207, 882378601]);
    write_burst_increment_linear(15, 116, [3664689844, 1140952456]);
    write_burst_increment_linear(15, 124, [343726376, 2526020653]);
    write_burst_increment_linear(15, 132, [3821351111, 2539428910]);
    write_burst_increment_linear(15, 140, [2222449672, 239158556]);
    write_burst_increment_linear(15, 148, [4272400125, 345900841]);
    write_burst_increment_linear(15, 172, [2662843965, 860792678]);
    write_burst_increment_linear(15, 180, [3092628592, 3119842419]);
    write_burst_increment_linear(15, 188, [1567726010, 792376158]);
    write_burst_increment_linear(15, 196, [2101836282, 1787692501]);
    write_burst_increment_linear(15, 204, [2368009754, 3706716345]);
    write_burst_increment_linear(15, 212, [461857079, 1260861334]);
    write_burst_increment_linear(15, 220, [1614356928, 321232678]);
    write_burst_increment_linear(15, 228, [3678804662, 1050248061]);
    write_burst_increment_linear(15, 236, [1851723740, 1130452870]);
    write_burst_increment_linear(15, 244, [1006894968, 1062902654]);
    write_burst_increment_linear(15, 252, [3985473755, 3888363215]);
    write_burst_increment_linear(15, 260, [1022176121, 4247315706]);
    write_burst_increment_linear(15, 268, [2965171809, 194251031]);
    write_burst_increment_linear(15, 60, [2056018421, 2595522613, 2493155881, 1622242753]);
    write_burst_increment_linear(15, 76, [3806688453, 3422663832, 632453963, 3112977011]);
    write_burst_increment_linear(15, 92, [4129482476, 3310360202, 660132174, 3561717928]);
    write_burst_increment_linear(15, 108, [1419705769, 3502935201, 118208782, 4080297702]);
    write_burst_increment_linear(15, 124, [3486957727, 355448106, 358227242, 3333813389]);
    write_burst_increment_linear(15, 140, [1333133214, 2624448056, 3167725689, 1684333512]);
    write_burst_increment_linear(15, 156, [1696810442, 167723283, 899729771, 3820465863]);
    write_burst_increment_linear(15, 356, [1552061881, 1227871122, 3659963060, 1069235071, 3274936454, 2104358394, 4180120818]);
    write_burst_increment_linear(15, 384, [423960882, 3738066621, 1112526212, 4064912612, 1698942922, 1420327337, 3499468961]);
    write_burst_increment_linear(15, 412, [1197844878, 4253772539, 2246385163, 4152529135, 1690844617, 459334966, 3132180597]);
    write_burst_increment_linear(15, 440, [3353892495, 902676331, 1147529096, 3611276462, 1307804059, 1228817810, 340057896]);
    write_burst_increment_linear(15, 160, [2401039902, 112395533]);
    write_burst_increment_linear(15, 168, [1987706348, 201563416]);
    write_burst_increment_linear(15, 176, [1756240849, 3279297670]);
    write_burst_increment_linear(15, 184, [2696946753, 2646565947]);
    write_burst_increment_linear(15, 192, [1816459736, 703588691]);
    write_burst_increment_linear(15, 200, [2870567510, 2913739355]);
    write_burst_increment_linear(15, 208, [4050057954, 2188632580]);
    write_burst_increment_linear(15, 216, [967574387, 3964712152]);
    write_burst_increment_linear(15, 224, [155077906, 3691201720]);
    write_burst_increment_linear(15, 232, [2625704505, 4068980453]);
    write_burst_increment_linear(15, 240, [3502628001, 361303851]);
    write_burst_increment_linear(15, 232, [1356200353, 2408345119, 2183281156, 741155672, 3411837078, 175018772, 2300163090]);
    write_burst_increment_linear(15, 260, [3408031894, 3635208881, 717411669, 4140011245, 361442091, 2058427381, 1454637997]);
    write_burst_increment_linear(15, 288, [2478907943, 1112145796, 3551061159, 4090996455, 3706687673, 2765772361, 1843772379]);
    write_burst_increment_linear(15, 316, [1689915337, 679719249, 3502005921, 356965674, 2099922426, 2732990533, 1101071747]);
    write_burst_increment_linear(15, 236, [3025531496, 3084888687, 1128664454]);
    write_burst_increment_linear(15, 248, [2015568368, 477206328, 544641344]);
    write_burst_increment_linear(15, 260, [2483648040, 2064493046, 3804175045]);
    write_burst_increment_linear(15, 256, [3630852784, 505186108, 354521898, 824496994, 183252245, 4038151905, 199400727, 2710302275]);
    write_burst_increment_linear(15, 288, [1689641929, 3275097222, 311937829, 1626774977, 3332219533, 2909266522, 64366343, 375094060]);
    write_burst_increment_linear(15, 320, [101342476, 3098404465, 2648800315, 1533076918, 4225745655, 3474247326, 2927122524, 716765013]);
    write_burst_increment_linear(15, 336, [3661466804, 1854600669]);
    write_burst_increment_linear(15, 344, [2262626317, 632330571]);
    write_burst_increment_linear(15, 352, [3167502969, 3479427742]);
    write_burst_increment_linear(15, 360, [4277167357, 3185627771]);
    write_burst_increment_linear(15, 368, [1206023055, 2177079811]);
    write_burst_increment_linear(15, 376, [1908484579, 244466461]);
    write_burst_increment_linear(15, 124, [4028445920, 4137777389, 695866706, 2082364408, 1188870029, 2841625682, 1108993924]);
    write_burst_increment_linear(15, 152, [594214214, 3325727372, 1212710288, 199934231, 892166506, 1115379588, 3579559082]);
    write_burst_increment_linear(15, 180, [1047465852, 2958164576, 1565150650, 3315687563, 3541958310, 2458066469, 419791666]);
    write_burst_increment_linear(15, 16, [2664022077, 636617547, 2926063708, 596669767]);
    write_burst_increment_linear(15, 32, [1128175494, 2628745785, 3657796276, 1750197712]);
    write_burst_increment_linear(15, 212, [3038920810, 144046353]);
    write_burst_increment_linear(15, 220, [1953169384, 2783419979]);
    write_burst_increment_linear(15, 228, [971276659, 1982421996]);
    write_burst_increment_linear(15, 236, [301860131, 1376710564]);
    write_burst_increment_linear(15, 244, [1692493257, 2628191289]);
    write_burst_increment_linear(15, 252, [4018369247, 3931641044]);
    write_burst_increment_linear(15, 260, [864249191, 1319125405]);
    write_burst_increment_linear(15, 268, [1479615920, 1091582338]);
    write_burst_increment_linear(15, 276, [617791305, 3971554009]);
    write_burst_increment_linear(15, 284, [268482336, 2382711836]);
    write_burst_increment_linear(15, 292, [1236365203, 1907646947]);
    write_burst_increment_linear(15, 300, [2504753706, 3832674504]);
    write_burst_increment_linear(15, 308, [2933337693, 490708282]);
    write_burst_increment_linear(15, 296, [2306808850, 2843672658, 746883417, 3895170768, 3076123246, 1274358167, 1837860827]);
    write_burst_increment_linear(15, 0, [2279885839, 3035158121, 2253611532, 749214041, 1660766661, 1742157263, 1211753872]);
    write_burst_increment_linear(15, 28, [2833569873, 3036259433, 998493559, 623076682, 3963050200, 1306348955, 3792607940]);
    write_burst_increment_linear(15, 56, [1551413688, 3689345719, 3279482502, 2555206192, 1005409143, 1524025269, 1779824084]);
    write_burst_increment_linear(15, 84, [59213575, 990615414, 1956752873, 1172474763, 15884033, 1837140955, 3228975744]);
    write_burst_increment_linear(15, 40, [3618825391, 3003308646, 1476114863, 4107824873, 2084679672, 2205592582, 4152719087, 1894725601]);
    write_burst_increment_linear(15, 72, [3400826005, 4151459566, 810437984, 4070334181, 2485185064, 841973092, 347354921, 4042174177]);
    write_burst_increment_linear(15, 316, [1788852693, 876074344, 2019717616]);
    write_burst_increment_linear(15, 328, [3581411498, 127910671, 4175186161]);
    write_burst_increment_linear(15, 340, [3197877373, 1194235278, 4049722594]);
    write_burst_increment_linear(15, 352, [510020924, 3568690857, 2011935215]);
    write_burst_increment_linear(15, 364, [2917650523, 3617733807, 620927818]);
    write_burst_increment_linear(15, 376, [1557269945, 160312595, 164115731]);
    write_burst_increment_linear(15, 388, [853295461, 684074833, 3684186807]);
    write_burst_increment_linear(15, 400, [3432517785, 2635204666, 3102358129]);
    write_burst_increment_linear(15, 256, [3201975421, 753819481, 1925424101, 1994288109, 3836215497, 2695810113]);
    write_burst_increment_linear(15, 280, [1472319919, 3987152091, 3868649677, 940810096, 2200359942, 3511165090]);
    write_burst_increment_linear(15, 304, [1587035581, 3042303594, 1849509852, 2825674320, 3179738235, 2459785253]);
    write_burst_increment_linear(15, 68, [298621731, 1018407801, 1682310600]);
    write_burst_increment_linear(15, 80, [3721479867, 2265771534, 3112670323]);
    write_burst_increment_linear(15, 92, [108069644, 3876559054, 1780113876]);
    write_burst_increment_linear(15, 104, [2901204057, 1554149305, 3652763827]);
    write_burst_increment_linear(15, 116, [2052046836, 3136610933, 107802892]);
    write_burst_increment_linear(15, 128, [2633792057, 24285954, 2330770965]);
    write_burst_increment_linear(15, 140, [50067717, 656163662, 20916482]);
    write_burst_increment_linear(15, 152, [1551454648, 2222961160, 1189565325]);
    write_burst_increment_linear(15, 164, [3618934447, 1953706472, 1213794704]);
    write_burst_increment_linear(15, 176, [2062986229, 2787151948, 1031978363]);
    write_burst_increment_linear(15, 8, [3095138416, 382466349]);
    write_burst_increment_linear(15, 16, [2497632297, 1579504060]);
    write_burst_increment_linear(15, 24, [2558199856, 1613180352]);
    write_burst_increment_linear(15, 32, [678848848, 3503254177]);
    write_burst_increment_linear(15, 40, [650067789, 4210241269]);
    write_burst_increment_linear(15, 48, [2055712757, 2934623325]);
    write_burst_increment_linear(15, 56, [3393720980, 3042485866]);
    write_burst_increment_linear(15, 64, [1583375804, 3695380664]);
    write_burst_increment_linear(15, 72, [3476069534, 4252567290]);
    write_burst_increment_linear(15, 80, [591399750, 2214224903]);
    write_burst_increment_linear(15, 412, [584446277, 2977958499, 2895372377, 2473774630]);
    write_burst_increment_linear(15, 428, [3024713320, 2405688350, 3359175824, 756655450]);
    write_burst_increment_linear(15, 328, [1747376592, 934897007, 1818914264, 2731313221, 1188472717]);
    write_burst_increment_linear(15, 348, [1173562251, 2116325884, 1847467996, 3531541156, 211258649]);
    write_burst_increment_linear(15, 368, [1387606949, 2671349310, 4186685683, 2893556824, 1644522436]);
    write_burst_increment_linear(15, 388, [775308124, 54150406, 3441250458, 202774808, 3807405765]);
    write_burst_increment_linear(15, 408, [1427493290, 219284250, 1641797059, 1496639922, 104030988]);
    write_burst_increment_linear(15, 428, [4109373161, 1641741763, 1974301675, 2083371512, 2032927730]);
    write_burst_increment_linear(15, 236, [3600885933, 877511016, 2465796645, 1743280079, 1440583083, 2375340571, 3225108096]);
    write_burst_increment_linear(15, 264, [785832285, 1093533058, 2184462852, 732407127, 456559414, 426378034, 3169003641]);
    write_burst_increment_linear(15, 292, [4065046244, 2336418838, 3581930666, 1615881664, 2539227182, 1181038476, 3099640433]);
    write_burst_increment_linear(15, 164, [200038167, 3772777665, 1979392491, 1520253877, 3304926857, 3350389391, 3757504191, 3628477104]);
    write_burst_increment_linear(15, 196, [3920927443, 3944547030, 3242511490, 224621850, 954640241, 3951559895, 2271383054, 4173796593]);
    write_burst_increment_linear(15, 228, [1720065485, 45957893, 238742300, 1276692376, 4134570220, 2504119850, 3000060517, 462554423]);
    write_burst_increment_linear(15, 260, [2180658691, 4285701886, 4272807165, 2675576382, 4097455336, 3126868084, 1477020080, 2204228614]);
    write_burst_increment_linear(15, 180, [4280299262, 453971254, 2040465907, 2111679483, 3045948523]);
    write_burst_increment_linear(15, 200, [197902103, 2278569487, 2319955476, 352322858, 3546705574]);
    write_burst_increment_linear(15, 92, [41413380, 4199035636, 1183539597, 4041896161]);
    write_burst_increment_linear(15, 108, [1122221445, 3701044409, 3839825609, 2959052384]);
    write_burst_increment_linear(15, 124, [2741252678, 510970684, 461725495, 739005784]);
    write_burst_increment_linear(15, 140, [970348403, 2272842254, 1852646364, 406831920]);
    write_burst_increment_linear(15, 264, [2087621112, 3501824673, 700456787, 1280872344, 804207967, 3284046471, 4250884858, 379179309]);
    write_burst_increment_linear(15, 296, [3094741616, 3048532075, 2564241457, 2301607954, 105963276, 115043085, 181211925, 540084032]);
    write_burst_increment_linear(15, 328, [1248038292, 706454356, 3227648640, 160240915, 3789784771, 4137017069, 3998148316, 3161985144]);
    write_burst_increment_linear(15, 280, [1435954091, 474093368, 290671906, 1693629897, 3823848647, 3242222210]);
    write_burst_increment_linear(15, 32, [1839427547, 2221216776, 985821045, 1523785141, 2373808666, 472519480, 3240311426, 2886049880]);
    write_burst_increment_linear(15, 64, [2824497744, 3515390627, 1380180900, 851697509, 1966872554, 57686278, 2853404756, 2918400091]);
    write_burst_increment_linear(15, 44, [2082337784, 3666424501, 685156689, 1101976963]);
    write_burst_increment_linear(15, 60, [1302258587, 446750005, 1477858224, 4259283707]);
    write_burst_increment_linear(15, 76, [663599951, 2555225648, 2352530456, 4001437917]);
    write_burst_increment_linear(15, 92, [2741692486, 820121441, 2895595609, 720466773]);
    write_burst_increment_linear(15, 108, [395024175, 2244890635, 4011715294, 3922865363]);
    write_burst_increment_linear(15, 124, [340111656, 1960602089, 743930200, 1789174229]);
    write_burst_increment_linear(15, 316, [1059450750, 1797889494, 2280572943, 3249554563, 1349185440, 3238986882, 1608764351, 585816901]);
    write_burst_increment_linear(15, 348, [3149676151, 580717381, 3130265717, 4234611448, 1664236486, 906058092, 2823706704, 415064881]);
    write_burst_increment_linear(15, 380, [3457220252, 3727842492, 3621985967, 2267884558, 3034867305, 3646636210, 4011892446, 3270014085]);
    write_burst_increment_linear(15, 412, [1432096682, 336064808, 1628362178, 1293945242, 1776767443, 3708885690, 4260068603, 3318706827]);
    write_burst_increment_linear(15, 324, [1330184606, 815586145, 3185789051, 3751530687, 3363945617, 3764426944, 749298521, 3209933950]);
    write_burst_increment_linear(15, 356, [706573140, 2833441361, 2766022729, 1945796071, 305835812, 1102435715, 2918056027, 1558094265]);
    write_burst_increment_linear(15, 228, [1932287974, 3621891759, 37282052, 2305056786, 2116662268, 3585755307, 3791909060]);
    write_burst_increment_linear(15, 336, [760060762, 3496404128, 4285778686, 973695860, 1569109947, 1899150306]);
    write_burst_increment_linear(15, 360, [4050208994, 4025699551, 3423855256, 1339813279, 135777040, 2031192562]);
    write_burst_increment_linear(15, 328, [2852695124, 1156029321, 2310394899, 1443664300, 451150645, 502669115, 2594186293, 396987695]);
    write_burst_increment_linear(15, 360, [442603828, 2866848341, 3732079292, 4184145650, 3556652711, 3773989057, 4063434468, 2696454721]);
    write_burst_increment_linear(15, 392, [3032575081, 4250065146, 3869102285, 2144334847, 3670640309, 4095771368, 2778029131, 2298752530]);
    write_burst_increment_linear(15, 424, [462917431, 1464737198, 4232881400, 2417511968, 3977990362, 2436760098, 1983075820, 2503283242]);
    write_burst_increment_linear(15, 196, [4121228011, 95745803, 3070550638, 2940558942, 1045441916, 583020869, 3318437003]);
    write_burst_increment_linear(15, 224, [155964178, 469286199, 3250837123, 4037738721, 1733287886, 2771803210, 1791849429]);
    write_burst_increment_linear(15, 252, [1721305037, 4060409572, 4197616884, 1986089964, 224542490, 4054003427, 4129588460]);
    write_burst_increment_linear(15, 284, [1854752221, 4128426220, 3352853135, 2145104895, 1010009464, 1442232747, 332527399, 2110394363]);
    write_burst_increment_linear(15, 316, [165659411, 105487116, 1572313019, 4083272422, 2765634121, 894794602, 2238772746, 2349257240]);
    write_burst_increment_linear(15, 348, [1260186006, 2229478921, 388329774, 3739866301, 862161254, 3137742966, 983049589, 3350477455]);
    write_burst_increment_linear(15, 104, [3086233711, 3833744585, 3839369417, 1513578932, 1833477594, 3601770669, 1875898847]);
    write_burst_increment_linear(15, 132, [112255757, 944587120, 1102931843, 2831598673, 41585924, 3225842304, 4243916025]);
    write_burst_increment_linear(15, 160, [58322182, 3842390730, 4019021023, 1694088137, 1115256196, 3628697776, 1958478825]);
    write_burst_increment_linear(15, 132, [77134601, 1811424215, 818122593, 2261266957, 1220786065]);
    write_burst_increment_linear(15, 152, [3924496083, 1299708314, 398296879, 656433998, 1540719543]);
    write_burst_increment_linear(15, 172, [3810816710, 785804125, 3456363676, 397705007, 2720712260]);
    write_burst_increment_linear(15, 192, [3451861659, 2971664482, 1955249129, 390562606, 3331330701]);
    write_burst_increment_linear(15, 212, [1664026566, 3575428266, 3491623072, 468242231, 4167053040]);
    write_burst_increment_linear(15, 232, [4100761832, 3867417805, 1758267857, 1568891835, 4025914079]);
    write_burst_increment_linear(15, 132, [1269575575, 2203951622, 2493591081, 1649107908, 3954243287, 2930168925, 650580813]);
    write_burst_increment_linear(15, 160, [968869747, 3218483839, 2802021454, 1557947833, 4032652512, 2631320121, 1090211713]);
    write_burst_increment_linear(15, 188, [419136305, 1206644623, 2136178174, 2932928605, 2274002959, 429640499, 881775977]);
    write_burst_increment_linear(15, 316, [619251529, 1775073235, 2641590842, 1819604440, 3155955320, 483079481]);
    write_burst_increment_linear(15, 340, [2463129637, 2224477705, 2872551510, 2519492652, 3919256787, 224608026]);
    write_burst_increment_linear(15, 176, [3060422764, 3493609632, 248325405, 1757499345, 7147264]);
    write_burst_increment_linear(15, 196, [3981277402, 1813612504, 1616755648, 2789805132, 3905925329]);
    write_burst_increment_linear(15, 216, [2830830673, 2833378897, 2728705605, 1501783987, 3206612606]);
    write_burst_increment_linear(15, 236, [3226060416, 2119914492, 606525256, 3232596097, 2561989681]);
    write_burst_increment_linear(15, 256, [1403565479, 1102183811, 2680242751, 168192, 2987756644]);
    write_burst_increment_linear(15, 276, [1062376318, 2022170609, 1194195854, 1327713694, 1948785128]);
    write_burst_increment_linear(15, 336, [2831140945, 2765719113, 2466064421, 3058361964, 2890964056, 2942135390]);
    write_burst_increment_linear(15, 272, [1784536020, 3389932692]);
    write_burst_increment_linear(15, 280, [3378635922, 506619708]);
    write_burst_increment_linear(15, 288, [590355270, 3082300015]);
    write_burst_increment_linear(15, 296, [2696130113, 2078152183]);
    write_burst_increment_linear(15, 304, [2340173846, 956903282]);
    write_burst_increment_linear(15, 112, [3855528139, 873035112, 2561994289, 1707606987, 2865875029, 950241649, 793334622]);
    write_burst_increment_linear(15, 140, [3873539789, 3673380533, 71372040, 3239624322, 2676004927, 3624399536, 1443819436]);
    write_burst_increment_linear(15, 168, [2568499250, 43975941, 796130142, 3692484792, 1052927869, 2232506378, 3330771597]);
    write_burst_increment_linear(15, 196, [1693137353, 4174633201, 3658669748, 1922727909, 437467444, 298239267, 378643245]);
    write_burst_increment_linear(15, 356, [121271054, 841793892, 839551844, 605469000, 3309623434, 1308526491]);
    write_burst_increment_linear(15, 380, [3875271885, 3052993131, 1442784171, 4058817251, 1587359677, 3976144089]);
    write_burst_increment_linear(15, 404, [3776600258, 4032408800, 2949719647, 2396796445, 3384167571, 320340774]);
    write_burst_increment_linear(15, 428, [2193065477, 2225661961, 3056436332, 3049635947, 1482210736, 4221548791]);
    write_burst_increment_linear(15, 356, [664331087, 1514519988, 2395644445, 1136727431, 591815494, 862819174, 1326760350]);
    write_burst_increment_linear(15, 276, [2787914828, 2202308614, 678368080, 380923181, 3276659846, 895779690]);
    write_burst_increment_linear(15, 300, [1546321336, 4160670447, 1349146528, 531205951, 2228529673, 3564847784]);
    write_burst_increment_linear(15, 324, [2864839253, 2403952158, 3693272248, 3876217550, 3946899158, 2462216229]);
    write_burst_increment_linear(15, 348, [3570272937, 3887297743, 446362933, 541580608, 1527542710, 4210066677]);
    write_burst_increment_linear(15, 224, [2478465063, 578728260, 3163833977]);
    write_burst_increment_linear(15, 236, [3484982943, 1414828968, 1691538377]);
    write_burst_increment_linear(15, 248, [1117085061, 1122213253, 3118033011]);
    write_burst_increment_linear(15, 260, [1141836168, 1261372822, 2589213236]);
    write_burst_increment_linear(15, 272, [512093501, 682750289, 2377132059]);
    write_burst_increment_linear(15, 284, [2386137116, 1590029245, 3664372404]);
    write_burst_increment_linear(15, 296, [660895054, 401096495, 754970969]);
    write_burst_increment_linear(15, 308, [4134599916, 255874334, 3465988765]);
    write_burst_increment_linear(15, 320, [3760277696, 1906907619, 2991388260]);
    write_burst_increment_linear(15, 332, [2782490699, 1223294865, 1115150212]);
    write_burst_increment_linear(15, 172, [241340700, 340585768, 359185194, 781678941, 2003460590, 1711692748]);
    write_burst_increment_linear(15, 432, [781498205, 2402482718, 990362998, 1705540043, 1845293531, 3661817012, 275661600, 34061060]);
    write_burst_increment_linear(15, 128, [2731409477, 3572132521, 3476159646]);
    write_burst_increment_linear(15, 140, [1858259933, 1611345344, 2780381771]);
    write_burst_increment_linear(15, 152, [1572331963, 1082796417, 3643988146]);
    write_burst_increment_linear(15, 164, [1502422963, 95336715, 604049736]);
    write_burst_increment_linear(15, 176, [4038615265, 2121451004, 3623371951]);
    write_burst_increment_linear(15, 316, [1822949337, 2261937677, 328282407, 976066932]);
    write_burst_increment_linear(15, 332, [2122260988, 3755753151, 2948985439, 3232229505]);
    write_burst_increment_linear(15, 348, [3022563944, 4249635066, 4254302459, 211165465]);
    write_burst_increment_linear(15, 364, [3543487654, 697637715, 4157601519, 4141395693]);
    write_burst_increment_linear(15, 380, [1490525617, 2993684068, 2428055585, 2066005494]);
    write_burst_increment_linear(15, 104, [2502964778, 527939390, 4222283511, 595074886, 2661141053, 3491709088]);
    write_burst_increment_linear(15, 232, [6805248, 1851161564, 943861104, 2492574249, 133216527, 1264284054, 1803705815, 298389795]);
    write_burst_increment_linear(15, 264, [2200100358, 2771910730, 621099338, 551337793, 1143801736, 3873749197, 955178353, 2485330472]);
    write_burst_increment_linear(15, 296, [2311040019, 3053511276, 2863342677, 2133288958, 931728751, 2048822260, 3771313345, 3923080915]);
    write_burst_increment_linear(15, 328, [2356224536, 1456373677, 2090455033, 1684406728, 2459281957, 2758559816, 1904651235, 1745514448]);
    write_burst_increment_linear(15, 104, [811134816, 658489166, 1742558159, 3109402226, 2037934578, 3395912340, 4094257384]);
    write_burst_increment_linear(15, 396, [3333227661, 3852645067, 3621897903, 472002360, 1884124640, 1356401057, 3394846868]);
    write_burst_increment_linear(15, 424, [3505114273, 281199905, 311787301, 4120176363, 500367675, 2537799214, 1310027676]);
    write_burst_increment_linear(15, 452, [191063830, 2417198112, 3778145986, 3398563989, 2532059693, 45799685, 2208669703]);
    write_burst_increment_linear(15, 480, [1952183784, 3424346264, 874788712, 3417957015, 1974993387, 2613965367, 691312978]);
    write_burst_increment_linear(15, 328, [2589375540, 3125150324, 3110303858, 4180450034, 1714888652, 3291330696, 574283076]);
    write_burst_increment_linear(15, 356, [1095912322, 3326081676, 4201492212, 3349954703, 3800467653, 3235204225, 2330110997]);
    write_burst_increment_linear(15, 244, [4210311925, 2665887293, 593893190, 2646474811, 4146117870, 1236582803, 4067492580, 3797294276]);
    write_burst_increment_linear(15, 276, [3108578418, 958479218, 2833361489, 1522277813, 1371359139, 1450049964, 3414669975, 2566438961]);
    write_burst_increment_linear(15, 308, [3741823166, 2879991383, 991666550, 1513521588, 2155457536, 3116933235, 2494202921, 960338802]);
    write_burst_increment_linear(15, 376, [2125466621, 1803767255]);
    write_burst_increment_linear(15, 384, [234520347, 1734198734]);
    write_burst_increment_linear(15, 392, [1258654614, 3842721994]);
    write_burst_increment_linear(15, 400, [1140548999, 2526032941]);
    write_burst_increment_linear(15, 408, [373791532, 317950245]);
    write_burst_increment_linear(15, 416, [288718114, 4193375475]);
    write_burst_increment_linear(15, 424, [1099789187, 518199101]);
    write_burst_increment_linear(15, 432, [1477010864, 1556845497]);
    write_burst_increment_linear(15, 440, [909644652, 1414512552]);
    write_burst_increment_linear(15, 448, [1294432666, 1090722178]);
    write_burst_increment_linear(15, 456, [1324233629, 2118782972]);
    write_burst_increment_linear(15, 464, [4025210079, 3972453593]);
    write_burst_increment_linear(15, 68, [1090122113, 2812061775]);
    write_burst_increment_linear(15, 76, [3560411304, 1369085347]);
    write_burst_increment_linear(15, 84, [3294648456, 2090547193]);
    write_burst_increment_linear(15, 92, [3741162685, 206827288]);
    write_burst_increment_linear(15, 100, [260750111, 904509291]);
    write_burst_increment_linear(15, 108, [3201236605, 1263109014]);
    write_burst_increment_linear(15, 116, [2239922187, 143631121]);
    write_burst_increment_linear(15, 124, [3354788495, 2681612351]);
    write_burst_increment_linear(15, 132, [87414538, 3179428475]);
    write_burst_increment_linear(15, 140, [2531243565, 3806887621]);
    write_burst_increment_linear(15, 148, [4288916223, 2933945949]);
    write_burst_increment_linear(15, 156, [3844597450, 1805574615]);
    write_burst_increment_linear(15, 164, [516400957, 1861162461]);
    write_burst_increment_linear(15, 172, [224729882, 4121127659]);
    write_burst_increment_linear(15, 180, [1766210002, 349475625]);
    write_burst_increment_linear(15, 28, [3944032470, 2030472178, 3345098382, 3380119698, 4224635639]);
    write_burst_increment_linear(15, 492, [3065335917, 3549914279, 2185793540, 2438265890, 2899188825]);
    write_burst_increment_linear(15, 240, [502034747, 1737951695, 2788591692, 1703015371, 3555544231]);
    write_burst_increment_linear(15, 260, [203275544, 4056692963, 913139564, 2276681743, 766564699]);
    write_burst_increment_linear(15, 124, [273917728, 4146695406, 2464044069, 962533234, 3661378228, 39102212, 3491948704, 1501749683]);
    write_burst_increment_linear(15, 156, [836717411, 2410454559, 1849440220, 2317376532, 2596042805, 4067462372, 1730128334, 3610969262]);
    write_burst_increment_linear(15, 188, [1558842297, 1381454244, 2909236314, 2256803853, 2204174854, 711689044, 4001262300, 3499528353]);
    write_burst_increment_linear(15, 68, [66267911, 2894415449, 793864030, 1797362134, 230449947, 4072561381, 1696010698]);
    write_burst_increment_linear(15, 208, [686430545, 3195501180, 250567965, 2029431793, 211541785, 3757096127]);
    write_burst_increment_linear(15, 232, [1222825873, 3080076911, 3778640578, 3220866175, 4161691376, 3129709685]);
    write_burst_increment_linear(15, 256, [203935000, 2340748823, 1996566510, 2291513873, 3019861095, 2259751949]);
    write_burst_increment_linear(15, 280, [3960751832, 1472363951, 2703800386, 3585897131, 711352148, 2201641478]);
    write_burst_increment_linear(15, 156, [466402615, 1678280136, 197097751, 2571584562, 2671482430, 496663355, 109984525, 2974567010]);
    write_burst_increment_linear(15, 188, [575125828, 3484225183, 604140360, 1739899343, 4185699570, 3491453088, 1627231169, 461383479]);
    write_burst_increment_linear(15, 208, [3407591062, 3247250563, 1131038598]);
    write_burst_increment_linear(15, 220, [2788289612, 2308860435, 2820760144]);
    write_burst_increment_linear(15, 232, [3058163820, 2090189305, 499450171]);
    write_burst_increment_linear(15, 268, [3333289101, 3797340356, 1995827693, 2781533259]);
    write_burst_increment_linear(15, 432, [2793351756, 4057048803, 4020926687, 181939989]);
    write_burst_increment_linear(15, 448, [3590937260, 927866222, 1539824055, 2089691129]);
    write_burst_increment_linear(15, 464, [457232182, 3922223315, 3226844288, 432051507]);
    write_burst_increment_linear(15, 480, [4173443825, 3129715829, 614412105, 2502168618]);
    write_burst_increment_linear(15, 496, [1360590242, 678231888, 3858627275, 184350997]);
    write_burst_increment_linear(15, 220, [226191642, 1987706860]);
    write_burst_increment_linear(15, 228, [238446364, 2301924370]);
    write_burst_increment_linear(15, 236, [483867961, 1079861120]);
    write_burst_increment_linear(15, 244, [2769629770, 1979038187]);
    write_burst_increment_linear(15, 252, [2804682318, 677530448]);
    write_burst_increment_linear(15, 260, [2646045755, 251062557]);
    write_burst_increment_linear(15, 176, [97496843, 3758744768, 3420207767, 2803828814, 1848531420, 3950567638, 2433799202, 3641250482]);
    write_burst_increment_linear(15, 208, [1411641256, 564448067, 394145070, 1673004487, 892355434, 1262485910, 2158226433, 1109694340]);
    write_burst_increment_linear(15, 132, [2171160066, 1061029758, 3500441249, 3960412376, 3812511942, 1918161892, 2902278233, 2723125828]);
    write_burst_increment_linear(15, 164, [2654318652, 436537652, 492584762, 1851176924, 2008490991, 1256994197, 805737312, 1541920695]);
    write_burst_increment_linear(15, 168, [1867196894, 374074156, 2658361404, 493122874, 360289578, 4072110309]);
    write_burst_increment_linear(15, 192, [630208843, 2668165182, 3305688202, 76909321, 3417684119, 299025699]);
    write_burst_increment_linear(15, 216, [3151443575, 2390661148, 525019966, 156611346, 2239234570, 4203274485]);
    write_burst_increment_linear(15, 240, [1898617826, 1657365445, 3059686508, 4169424625, 380426029, 3299159689]);
    write_burst_increment_linear(15, 72, [3724292283, 3229328000, 198683415, 402562863, 3248047747]);
    write_burst_increment_linear(15, 92, [369666860, 3188469884, 4259676923, 2027622385, 4079169254]);
    write_burst_increment_linear(15, 112, [2829278801, 3002458213, 2857361492, 1316412316, 3067210861]);
    write_burst_increment_linear(15, 224, [1068390783, 808714080, 971167603, 3039829098, 2762792521]);
    write_burst_increment_linear(15, 244, [2194609157, 1460172206, 2460535845, 3453713051, 1992710125]);
    write_burst_increment_linear(15, 264, [2213023239, 1972949995, 3218991231, 3485683359, 2539830830]);
    write_burst_increment_linear(15, 52, [737239895, 3554761895, 2013391344, 416437041, 3766523585]);
    write_burst_increment_linear(15, 72, [3834836681, 1957934057, 1161378186, 2366421018, 1317411229]);
    write_burst_increment_linear(15, 92, [3348217487, 4096230120, 117301005, 1535455671, 993037174]);
    write_burst_increment_linear(15, 112, [1691386313, 3510889122, 4023347423, 4150415086, 1671053255]);
    write_burst_increment_linear(15, 132, [3560076968, 4047809762, 1534265270, 405374768, 4179418866]);
    write_burst_increment_linear(15, 32, [1169309067, 396086575, 2607418422, 3773670593]);
    write_burst_increment_linear(15, 48, [3541659302, 3278716550, 1206194063, 1100076419]);
    write_burst_increment_linear(15, 64, [3167555705, 2850090579, 1646295492, 2956082784]);
    write_burst_increment_linear(15, 0, [3886117071, 504288572, 2792780876, 3275565702]);
    write_burst_increment_linear(15, 16, [2616767543, 980479860, 1978524651, 1684090312]);
    write_burst_increment_linear(15, 32, [2078545911, 3770640577, 407551280, 4202890485]);
    write_burst_increment_linear(15, 48, [1152279945, 1044094332, 2022683121, 2239917579]);
    write_burst_increment_linear(15, 64, [4111280362, 241347356, 811084128, 1464919470]);
    write_burst_increment_linear(15, 80, [3937186005, 1611230144, 3410251926, 2372773402]);
    write_burst_increment_linear(15, 96, [1987839980, 842562404, 2401572382, 2552343600]);
    write_burst_increment_linear(15, 212, [192656662, 767299419, 951892849, 3192121468, 3054254700, 2693044289]);
    write_burst_increment_linear(15, 236, [3697402552, 1411616168, 3110173298, 3758399680, 1059539838, 3654483123]);
    write_burst_increment_linear(15, 200, [552265537, 783276381, 666443599, 1391200677, 1778169299, 1737895887]);
    write_burst_increment_linear(15, 44, [72592648, 1642654147, 557503810]);
    write_burst_increment_linear(15, 56, [1819766744, 1508856243, 2074435575]);
    write_burst_increment_linear(15, 68, [3317096075, 2053830132, 1746262480]);
    write_burst_increment_linear(15, 80, [1271880599, 2524942380, 2382728220]);
    write_burst_increment_linear(15, 92, [2379594779, 692857682, 437176116]);
    write_burst_increment_linear(15, 104, [1661495238, 538655552, 1347672992]);
    write_burst_increment_linear(15, 116, [1843535323, 2482334759, 1575767995]);
    write_burst_increment_linear(15, 128, [2189243396, 202829080, 3288026247]);
    write_burst_increment_linear(15, 140, [4268012284, 2240398347, 2965788257]);
    write_burst_increment_linear(15, 152, [4120998123, 1416751016, 1290917785]);
    write_burst_increment_linear(15, 128, [1513126324, 642522956, 2783967307]);
    write_burst_increment_linear(15, 140, [113338125, 2681173055, 4126897899]);
    write_burst_increment_linear(15, 152, [888075113, 1980984300, 4080228582]);
    write_burst_increment_linear(15, 388, [3643240114, 1383046052, 1194619278]);
    write_burst_increment_linear(15, 400, [507930940, 959038834, 2808602190]);
    write_burst_increment_linear(15, 412, [818548577, 1622514625, 1131881350]);
    write_burst_increment_linear(15, 424, [885226857, 2841174610, 22609666]);
    write_burst_increment_linear(15, 436, [2513901611, 23696642, 274619680]);
    write_burst_increment_linear(15, 448, [1109135236, 1797780438, 3342401166]);
    write_burst_increment_linear(15, 340, [2581878835, 732344663, 433056563, 604978504, 3784179395, 3524010148, 4029443808, 20973314]);
    write_burst_increment_linear(15, 372, [1159990666, 1036347259, 3778547394, 1055810429, 3766247104, 1899998178, 2509965355, 3000917093]);
    write_burst_increment_linear(15, 404, [3794833604, 644407116, 4057422051, 4008887005, 1832517082, 1687923657, 541374784, 200875799]);
    write_burst_increment_linear(15, 436, [1515045812, 55278342, 4039944417, 3744841406, 888716137, 3312482954, 1248223636, 649047373]);
    write_burst_increment_linear(15, 256, [4164728048, 2422634016]);
    write_burst_increment_linear(15, 264, [1264222102, 1830347226]);
    write_burst_increment_linear(15, 272, [2135778814, 1089844097]);
    write_burst_increment_linear(15, 280, [804494175, 1564532666]);
    write_burst_increment_linear(15, 288, [3581478570, 455938870]);
    write_burst_increment_linear(15, 296, [499259195, 3285259911]);
    write_burst_increment_linear(15, 304, [2177476099, 3501470369]);
    write_burst_increment_linear(15, 312, [1995038701, 4136207597]);
    write_burst_increment_linear(15, 320, [3938980565, 997354870]);
    write_burst_increment_linear(15, 328, [3579551914, 534766911]);
    write_burst_increment_linear(15, 336, [3343373454, 216719641]);
    write_burst_increment_linear(15, 344, [595642183, 3166417017]);
    write_burst_increment_linear(15, 352, [1509112243, 2572707378]);
    write_burst_increment_linear(15, 360, [2913434715, 200419607]);
    write_burst_increment_linear(15, 368, [60247303, 3666451637]);
    write_burst_increment_linear(15, 376, [2553196592, 3951183063]);
    write_burst_increment_linear(15, 192, [1603322815, 2729668677, 3585886379, 4269145852, 3206815870, 60774663, 1434040234, 1431548330]);
    write_burst_increment_linear(15, 164, [2959412832, 1879319008, 147788049, 2707737666, 657508174, 2699198017, 3541777062]);
    write_burst_increment_linear(15, 192, [2797137485, 3524674212, 2652973628, 2016962032, 2236613130, 3518607011, 225664794]);
    write_burst_increment_linear(15, 220, [4273577725, 75933449, 456128822, 748034905, 1807791063, 3284743815, 887803241]);
    write_burst_increment_linear(15, 436, [3496252064, 2367279130, 473521464, 3730459324, 3968629465, 130123023]);
    write_burst_increment_linear(15, 460, [2359576601, 1053574525, 3975311065, 2071932918, 2262810637, 487136570]);
    write_burst_increment_linear(15, 376, [4046449378, 2082729976, 691344210, 3269279877]);
    write_burst_increment_linear(15, 392, [2245496331, 2889814616, 849479525, 3396247700]);
    write_burst_increment_linear(15, 408, [1458217389, 584020293, 3636879025, 113720077]);
    write_burst_increment_linear(15, 424, [3292757640, 341621544, 3154303096, 2330565653]);
    write_burst_increment_linear(15, 440, [3020440680, 3637991089, 3914985682, 1579094460]);
    write_burst_increment_linear(15, 456, [13029121, 2214884360, 1693180873, 2906890842]);
    write_burst_increment_linear(15, 384, [248652061, 2824297552, 2558173744, 4127065323]);
    write_burst_increment_linear(15, 400, [3853522123, 4056406243, 2596391477, 2385472540]);
    write_burst_increment_linear(15, 416, [2931411549, 602344263, 2211423239, 3140885622]);
    write_burst_increment_linear(15, 400, [4148892910, 3910890194, 2145630207]);
    write_burst_increment_linear(15, 412, [2925516892, 1466764718, 2523510828]);
    write_burst_increment_linear(15, 424, [2289936912, 1457933229, 2451341860]);
    write_burst_increment_linear(15, 436, [4096291560, 62341895, 2287181328]);
    write_burst_increment_linear(15, 320, [2476982311, 1230412178, 3061722732, 3108473970, 2334087190]);
    write_burst_increment_linear(15, 340, [1468460975, 3743517374, 3925391059, 3003635814, 2571646002]);
    write_burst_increment_linear(15, 360, [2628126265, 3832968904, 1795385302, 1122477445, 4176524017]);
    write_burst_increment_linear(15, 76, [513104189, 1788993493, 2022451185, 3410144918, 3567421097, 197656855, 2510909483]);
    write_burst_increment_linear(15, 104, [3784934083, 4113401578, 706979668, 840039268, 4198297844, 1788765653, 3483527839]);
    write_burst_increment_linear(15, 236, [1104260483, 87638282, 1431784362, 242724636, 1463453102]);
    write_burst_increment_linear(15, 256, [1443763628, 2998365797, 3648647858, 1216205712, 1081235840]);
    write_burst_increment_linear(15, 256, [3394435732, 875679080, 520941886]);
    write_burst_increment_linear(15, 268, [1953888232, 880387432, 3594240684]);
    write_burst_increment_linear(15, 280, [1458308525, 2573157938, 3963143384]);
    write_burst_increment_linear(15, 292, [3456693404, 1678134216, 3003382374]);
    write_burst_increment_linear(15, 304, [2245493771, 2715000899, 4094283496]);
    write_burst_increment_linear(15, 316, [3093277808, 733860183, 2043659251]);
    write_burst_increment_linear(15, 328, [3630390960, 2951593055, 2925549148]);
    write_burst_increment_linear(15, 180, [552370497, 3736409789, 2651688508, 3438616217]);
    write_burst_increment_linear(15, 196, [2931063389, 2323841045, 2447213603, 2447370275]);
    write_burst_increment_linear(15, 212, [358298410, 3976450778, 3462019228, 156761874]);
    write_burst_increment_linear(15, 228, [4022358751, 319833382, 1520316853, 3367730321]);
    write_burst_increment_linear(15, 244, [3182184571, 3919762643, 797621599, 3645914290]);
    write_burst_increment_linear(15, 260, [1413234600, 3226713728, 18082050, 3323977356]);
    write_burst_increment_linear(15, 276, [588128582, 3918855891, 2588704308, 3985882331]);
    write_burst_increment_linear(15, 164, [3000037477, 3166379129, 3178835578, 255383838, 3939784917, 744607576, 1306319259, 1738012623]);
    write_burst_increment_linear(15, 384, [2085957624, 289404706]);
    write_burst_increment_linear(15, 392, [66597639, 4168628464]);
    write_burst_increment_linear(15, 400, [1225854866, 1834263514]);
    write_burst_increment_linear(15, 408, [2031877618, 1654597573]);
    write_burst_increment_linear(15, 336, [1937068006, 3054809196, 2337996822, 906011500, 3869945037, 189746454]);
    write_burst_increment_linear(15, 360, [1622912449, 2822115920, 2208627207, 3309715082, 3356855952, 3734104253]);
    write_burst_increment_linear(15, 244, [4229058808, 389291822]);
    write_burst_increment_linear(15, 252, [1475680687, 4159974639]);
    write_burst_increment_linear(15, 260, [516306237, 3883740366]);
    write_burst_increment_linear(15, 268, [3839219401, 4029013728]);
    write_burst_increment_linear(15, 276, [381239597, 3643513522]);
    write_burst_increment_linear(15, 284, [3080494191, 2527246381]);
    write_burst_increment_linear(15, 292, [2577391667, 53864198]);
    write_burst_increment_linear(15, 300, [871806311, 3591148716]);
    write_burst_increment_linear(15, 308, [2671985214, 888163689]);
    write_burst_increment_linear(15, 316, [3814992582, 1451824045]);
    write_burst_increment_linear(15, 324, [1387090853, 1380501924]);
    write_burst_increment_linear(15, 332, [1564724666, 3948776662]);
    write_burst_increment_linear(15, 24, [2689276992, 1200154511, 540324160]);
    write_burst_increment_linear(15, 36, [649494861, 3265962117, 744358744]);
    write_burst_increment_linear(15, 48, [1312872348, 3377260690, 38319364]);
    write_burst_increment_linear(15, 276, [2248259084, 429621043, 3823267015, 1738070479, 2417867808, 2790258252, 832510307]);
    write_burst_increment_linear(15, 304, [3868079821, 242002204, 3105197682, 3665607860, 89806090, 841094500, 4079760102]);
    write_burst_increment_linear(15, 332, [698832211, 771882332, 3950075094, 2774569034, 3821052103, 3365190289, 3840514761]);
    write_burst_increment_linear(15, 360, [3300397705, 4036762337, 2998458981, 1519496629, 2547835951, 3065707629, 3455543963]);
    write_burst_increment_linear(15, 68, [4039652577, 785087837, 1245113748, 592752966]);
    write_burst_increment_linear(15, 320, [4027758816, 3912329938, 2820189264, 2280065039, 2513607211, 1146039688, 3835561673]);
    write_burst_increment_linear(15, 348, [496321339, 2248036875, 2271336974, 988748661, 1873909727, 173382932, 964624242]);
    write_burst_increment_linear(15, 228, [3065177709, 1203808655, 3844536010, 1884984800, 609000776, 2413729823, 447814965, 2039512051]);
    write_burst_increment_linear(15, 260, [669642063, 3262854276, 841190244, 2117755900, 1833133530, 1299880346, 3700731577, 3704146105]);
    write_burst_increment_linear(15, 292, [3333967501, 3389563028, 3629101744, 4104775913, 1956296681, 4034193632, 1677755336, 2626010681]);
    write_burst_increment_linear(15, 28, [1379534756, 3484808351, 2235655690, 1813969880]);
    write_burst_increment_linear(15, 44, [546716993, 4085031654, 4012872926, 2262055437]);
    write_burst_increment_linear(15, 60, [4141325037, 916750189, 2551181872, 2242278411]);
    write_burst_increment_linear(15, 76, [3991215835, 1089557889, 2500385834, 2801359437]);
    write_burst_increment_linear(15, 92, [3075180142, 564244803, 3561778856, 1348031392]);
    write_burst_increment_linear(15, 108, [838421347, 4126859499, 2536801326, 1122471301]);
    write_burst_increment_linear(15, 32, [3833983689, 3195378812, 392604462, 2617797176]);
    write_burst_increment_linear(15, 48, [3385012883, 2888163416, 2794560077, 1609217471]);
    write_burst_increment_linear(15, 64, [1820768217, 1956181481, 367922475, 2983620707]);
    write_burst_increment_linear(15, 80, [3145510006, 568988483, 458690358, 1573928379]);
    write_burst_increment_linear(15, 96, [3997302492, 549336385, 330722087, 1986819564]);
    write_burst_increment_linear(15, 128, [2972398690, 1152001929, 3319544459, 3654362291]);
    write_burst_increment_linear(15, 144, [781474141, 742823768, 2679952959, 1452661677]);
    write_burst_increment_linear(15, 160, [3390274708, 1228772754, 1493559730, 2109446651]);
    write_burst_increment_linear(15, 176, [3449027227, 481544505, 3838913737, 90828554]);
    write_burst_increment_linear(15, 192, [2765943369, 763798363, 3974765785, 3068078189]);
    write_burst_increment_linear(15, 208, [3970776281, 2377666075, 625604938, 2495369257]);
    write_burst_increment_linear(15, 224, [4187453171, 77313801, 1297332634, 3826332360]);
    write_burst_increment_linear(15, 240, [2996698213, 163612435, 449846581, 606625096]);
    write_burst_increment_linear(15, 208, [3239254146, 2871008342, 3305427082, 3546838694, 217412377, 1221275537, 3359597712, 4117669610]);
    write_burst_increment_linear(15, 240, [3423746200, 2389277212, 3741946046, 2767447625, 1603728831, 697311571, 3090595952, 163690259]);
    write_burst_increment_linear(15, 272, [1529345462, 4172019953, 3558809768, 2427407905, 288113442, 1071489407, 80453385, 3403525781]);
    write_burst_increment_linear(15, 304, [1641655235, 295007523, 518120765, 380866349, 3640703666, 2263846925, 3343933582, 244935965]);
    write_burst_increment_linear(15, 224, [2037745138, 3188440188, 2193477637, 597910855]);
    write_burst_increment_linear(15, 240, [954717041, 675449168, 612428617, 2958853728]);
    write_burst_increment_linear(15, 256, [1900418018, 1416670120, 4286332670, 565120323]);
    write_burst_increment_linear(15, 272, [3881287374, 1939894247, 717923669, 826876770]);
    write_burst_increment_linear(15, 288, [1339168671, 2868830805, 3239754370, 3068769901]);
    write_burst_increment_linear(15, 304, [211030809, 2833764945, 3612007598, 256668446]);
    write_burst_increment_linear(15, 292, [4292199679, 2078519287]);
    write_burst_increment_linear(15, 300, [1899630562, 2879091799]);
    write_burst_increment_linear(15, 308, [3271480965, 3952870615]);
    write_burst_increment_linear(15, 316, [2586883636, 2791531084]);
    write_burst_increment_linear(15, 324, [2843841619, 3836309193]);
    write_burst_increment_linear(15, 332, [606373704, 1372736419]);
    write_burst_increment_linear(15, 340, [2084875768, 2860493908]);
    write_burst_increment_linear(15, 16, [1038367099, 1562418106, 3556851880]);
    write_burst_increment_linear(15, 28, [332289319, 2859093076, 680277329]);
    write_burst_increment_linear(15, 40, [3385246867, 1863188446, 2712594499]);
    write_burst_increment_linear(15, 52, [1091807618, 3283498119, 748172121]);
    write_burst_increment_linear(15, 64, [2689909824, 1955825129, 1518841269]);
    write_burst_increment_linear(15, 76, [222779674, 2562743857, 1942950887]);
    write_burst_increment_linear(15, 88, [1367017890, 2238357514, 3751015103]);
    write_burst_increment_linear(15, 100, [2109497339, 2654200380, 871495015]);
    write_burst_increment_linear(15, 112, [3588979883, 3180344955, 1414896552]);
    write_burst_increment_linear(15, 124, [2052719604, 2371401754, 1737106895]);
    write_burst_increment_linear(15, 384, [1619032001, 1095224706, 3058088044, 1143993736, 4230756088]);
    write_burst_increment_linear(15, 404, [1650048964, 223377178, 895888746, 506802492, 315587877]);
    write_burst_increment_linear(15, 424, [341647656, 662865743, 3388863123, 2511282731, 3804044485]);
    write_burst_increment_linear(15, 444, [1197965198, 3979331290, 543591744, 2979371619, 1729450446]);
    write_burst_increment_linear(15, 284, [98957579, 1583191996, 3858946764, 775194972, 847852389]);
    write_burst_increment_linear(15, 304, [2692344384, 2605069878, 498667835, 1119910789, 2996306021]);
    write_burst_increment_linear(15, 324, [3147188343, 524962622, 484117305, 1144448904, 1330358686]);
    write_burst_increment_linear(15, 344, [4257816827, 2398216733, 2686740544, 2089727481, 2956148320]);
    write_burst_increment_linear(15, 380, [2135888382, 101781772, 3358861456, 525730110, 1947715048]);
    write_burst_increment_linear(15, 400, [4023918815, 677888848, 1614133184, 2062108661, 2312168979]);
    write_burst_increment_linear(15, 420, [3697583288, 1020398457, 1735147470, 2395544605, 2843107410]);
    write_burst_increment_linear(15, 440, [348525865, 3309444746, 1837122523, 1950301672, 2279912463]);
    write_burst_increment_linear(15, 460, [561057090, 2418250272, 3406055574, 286556962, 948959601]);
    write_burst_increment_linear(15, 480, [2441741859, 2461617701, 887872873, 900894059, 2620415032]);
    write_burst_increment_linear(15, 192, [4009038045, 3686022327, 1363240354, 3314098315]);
    write_burst_increment_linear(15, 208, [1133797255, 70744840, 2874607702, 2812294735]);
    write_burst_increment_linear(15, 224, [2464432677, 2038261234, 180038421, 1100556163]);
    write_burst_increment_linear(15, 240, [1926265317, 4258759931, 3134644853, 1762352082]);
    write_burst_increment_linear(15, 188, [1532166070, 1438747051, 116153101, 3828108488, 1102905731]);
    write_burst_increment_linear(15, 208, [1013357432, 768337755, 3957257431, 645073740, 2871029846]);
    write_burst_increment_linear(15, 340, [3091956336, 3934781653, 3038820458, 1786883029, 2281836048, 281928993]);
    write_burst_increment_linear(15, 364, [3431156377, 3108591218, 1851265500, 3816805574, 2109094907, 609434952]);
    write_burst_increment_linear(15, 388, [2337751574, 1156930441, 116433165, 1714210764, 3703252153, 1704773067]);
    write_burst_increment_linear(15, 0, [440867636, 3238725250, 694696274, 2864685141, 355741482, 3445619866]);
    write_burst_increment_linear(15, 24, [1343011232, 2003563502, 232687387, 3986578139, 2862485077, 3024904808]);
    write_burst_increment_linear(15, 48, [2743562823, 1173093259, 4086916327, 1054420349, 2256731661, 1513258420]);
    write_burst_increment_linear(15, 72, [1174185867, 2237942794, 876868968, 1069235071, 3274867334, 1628798914]);
    write_burst_increment_linear(15, 312, [1168522635, 1929580518, 1316984732, 3970462937, 2195572229, 3547106470, 1546170808]);
    write_burst_increment_linear(15, 368, [2171008002, 3424098456]);
    write_burst_increment_linear(15, 376, [936044399, 3743179966]);
    write_burst_increment_linear(15, 384, [2110161403, 1251001237]);
    write_burst_increment_linear(15, 392, [3509564578, 2710214211]);
    write_burst_increment_linear(15, 400, [4204474101, 3177729658]);
    write_burst_increment_linear(15, 408, [1171373451, 1236191123]);
    write_burst_increment_linear(15, 416, [2799476301, 1876044255]);
    write_burst_increment_linear(15, 424, [1564539834, 4053910243]);
    write_burst_increment_linear(15, 432, [1992436717, 500103483]);
    write_burst_increment_linear(15, 440, [1489185201, 617026889]);
    write_burst_increment_linear(15, 328, [2874739286, 3296576136]);
    write_burst_increment_linear(15, 336, [2102130682, 634129739]);
    write_burst_increment_linear(15, 344, [2897522265, 637356875]);
    write_burst_increment_linear(15, 352, [2425960993, 3402037909]);
    write_burst_increment_linear(15, 360, [1952828904, 736877911]);
    write_burst_increment_linear(15, 368, [2860800, 4277487869]);
    write_burst_increment_linear(15, 376, [3857904331, 1780717524]);
    write_burst_increment_linear(15, 384, [1628940226, 2569892914]);
    write_burst_increment_linear(15, 392, [1802070998, 3324400268]);
    write_burst_increment_linear(15, 400, [4035340513, 3601054381]);
    write_burst_increment_linear(15, 184, [2535855662, 225526554, 3301116553, 2143330303]);
    write_burst_increment_linear(15, 200, [3004712038, 3895130832, 304315172, 3432131737]);
    write_burst_increment_linear(15, 216, [1731182542, 3413554838, 2840845906, 3087706224]);
    write_burst_increment_linear(15, 376, [3964601048, 1055215485]);
    write_burst_increment_linear(15, 384, [1340024223, 1827059161]);
    write_burst_increment_linear(15, 392, [2648761403, 3148028535]);
    write_burst_increment_linear(15, 400, [2746887751, 3190659708]);
    write_burst_increment_linear(15, 408, [894090602, 847095652]);
    write_burst_increment_linear(15, 0, [2265393678, 2781506123, 1929491430, 3745757374, 4031488736, 3851055819, 1203100559, 2157934081]);
    write_burst_increment_linear(15, 404, [3255064708, 3963496664]);
    write_burst_increment_linear(15, 412, [2083787256, 704244563]);
    write_burst_increment_linear(15, 420, [930909038, 1258351510]);
    write_burst_increment_linear(15, 428, [84738314, 3014347879]);
    write_burst_increment_linear(15, 436, [3739417277, 4217378038]);
    write_burst_increment_linear(15, 444, [1057893246, 1615821760]);
    write_burst_increment_linear(15, 452, [2731496005, 948723569]);
    write_burst_increment_linear(15, 460, [3318357131, 3244068994]);
    write_burst_increment_linear(15, 236, [1504734131, 823144290, 1219758481, 1667908550, 1131193734, 621791562]);
    write_burst_increment_linear(15, 260, [1105830275, 1137004935, 2576521267, 67337480, 3734555325, 3399537813]);
    write_burst_increment_linear(15, 284, [1096771458, 2521216044, 2691891264, 1382620580, 1869080542, 1647943108]);
    write_burst_increment_linear(15, 308, [817333089, 3570217641, 74757896, 879567720, 2809088078, 30073603]);
    write_burst_increment_linear(15, 332, [2652779068, 1485762993, 476647736, 628800330, 4146624238, 1863677406]);
    write_burst_increment_linear(15, 216, [2343294999, 1768052690, 3084962927, 1957857257, 140380432, 2167933954, 1576657339, 3494987936]);
    write_burst_increment_linear(15, 244, [2290533393, 4000399580, 4026944224, 3471693981, 2660618813, 1792664021, 2127268349]);
    write_burst_increment_linear(15, 272, [1712330188, 2647986235, 1157987210, 105573644, 3287108231, 977984372, 1421328809]);
    write_burst_increment_linear(15, 300, [3924899027, 3357804176, 520703294, 2665289789, 2290931729, 1448712108, 1212826512]);
    write_burst_increment_linear(15, 328, [3925258963, 2462717477, 3817211591, 88824074, 1732671950, 3211717246, 3590332588]);
    write_burst_increment_linear(15, 288, [3293147272, 1476334511, 2073820663, 3811574470, 1587168189, 3631984304, 1341477791, 3438608537]);
    write_burst_increment_linear(15, 228, [4146791150, 491610426]);
    write_burst_increment_linear(15, 236, [3301798537, 2028060657]);
    write_burst_increment_linear(15, 320, [548465985, 358009130, 1177213836, 917051245, 1888009697]);
    write_burst_increment_linear(15, 340, [3399697557, 3534876837, 2947488351, 2883656279, 700856147]);
    write_burst_increment_linear(15, 360, [3115322995, 2958325856, 4114525930, 1069112191, 3383542931]);
    write_burst_increment_linear(15, 280, [1514561460, 974224244, 3693343928, 250341149, 3531466404]);
    write_burst_increment_linear(15, 300, [3627717808, 3015752807, 1967622122, 298002723, 1235090323]);
    write_burst_increment_linear(15, 320, [4070894821, 2565065265, 3351294607, 1860815325, 2007561199]);
    write_burst_increment_linear(15, 48, [268039967, 1923474917, 498895163, 3931491540, 3427134104, 158725394, 2195828229]);
    write_burst_increment_linear(15, 332, [1608829887, 834830179, 894568298, 3777414338, 113912589]);
    write_burst_increment_linear(15, 352, [3696178872, 2784872011, 2489859112, 1582881212, 3861888716]);
    write_burst_increment_linear(15, 372, [2115216892, 2547547183, 287744290, 1354003361, 999902071]);
    write_burst_increment_linear(15, 392, [3418242199, 191107350, 1104768899, 853354341, 442628916]);
    write_burst_increment_linear(15, 412, [325612326, 1214418832, 2229428745, 1217000337, 150852369]);
    write_burst_increment_linear(15, 432, [3887558351, 1250749333, 3283492999, 393019182, 1199532430]);
    write_burst_increment_linear(15, 196, [2734529605, 873216, 140758288, 2499650601, 3559711400, 270190880]);
    write_burst_increment_linear(15, 256, [3688152247, 2450907172, 4149201134, 3725122236, 425122098]);
    write_burst_increment_linear(15, 276, [2334400022, 1600134590, 1555957177, 3982854874, 3407035542]);
    write_burst_increment_linear(15, 296, [3531916453, 363672363, 1473904047, 1711764428, 2228079625]);
    write_burst_increment_linear(15, 316, [2521563180, 885922665, 3653156019, 3374972050, 875546984]);
    write_burst_increment_linear(15, 168, [1785310164, 1009307512, 202852120, 565760323, 849510245]);
    write_burst_increment_linear(15, 188, [1225980818, 1959869417, 1695468490, 1979114475, 3776709826]);
    write_burst_increment_linear(15, 208, [3006772838, 202809112, 1905472483, 2641729594, 2781704779]);
    write_burst_increment_linear(15, 228, [2769082954, 2869922390, 1314529180, 1859579357, 2534721582]);
    write_burst_increment_linear(15, 248, [3498821281, 3715679930, 1087791489, 763655515, 2693496897]);
    write_burst_increment_linear(15, 368, [3046250603, 3895519440, 1377626020, 486079289, 3514738338, 3602676397]);
    write_burst_increment_linear(15, 392, [7941888, 3050548331, 78121737, 1266573206, 992863094, 2560216113]);
    write_burst_increment_linear(15, 416, [3434667161, 771849564, 1719008204, 55781126, 122387214, 630032203]);
    write_burst_increment_linear(15, 376, [148038417, 2816805967, 535854399]);
    write_burst_increment_linear(15, 388, [1140214663, 911655276, 2863578709]);
    write_burst_increment_linear(15, 400, [1266274198, 1827533785, 1100942723]);
    write_burst_increment_linear(15, 412, [2852734548, 3885567183, 1168005515]);
    write_burst_increment_linear(15, 424, [555642690, 2122605053, 1744028111]);
    write_burst_increment_linear(15, 36, [1176909708, 1396017062, 3723817147, 468711735, 2249161740, 2673460798, 4003276509, 856207718]);
    write_burst_increment_linear(15, 68, [4242366201, 388608814, 1530308022, 1942645223, 1725457869, 3151586935, 3689404087, 3027607144]);
    write_burst_increment_linear(15, 336, [3511193250, 3540375718, 501962043, 1012845944, 4072355045, 335223591]);
    write_burst_increment_linear(15, 360, [3662448820, 954803569, 2373667354, 3631953584, 3498275489, 397174063]);
    write_burst_increment_linear(15, 384, [405295408, 3012063847, 591590214, 2467213862, 852459877, 3083329135]);
    write_burst_increment_linear(15, 408, [777101660, 3674668726, 3156726904, 2223850505, 2502285866, 873001832]);
    write_burst_increment_linear(15, 0, [2461072421, 1858117597, 367719211, 1817125848, 3761260224]);
    write_burst_increment_linear(15, 28, [1400421798, 3021312104, 3706641081, 3851725003, 187239702, 263825183, 2850511443]);
    write_burst_increment_linear(15, 56, [660816206, 3560480936, 1877314527, 3402784405, 1976061931, 3378750610, 4152653551]);
    write_burst_increment_linear(15, 84, [1679487432, 1981311980, 928450414, 3238750338, 2453330980, 4046975714, 4053561571]);
    write_burst_increment_linear(15, 112, [3681885878, 3414601879, 2146894847, 71717128, 1291719065, 2629416505, 2737665606]);
    write_burst_increment_linear(15, 360, [1670834631, 1359273378, 4216348406, 2957789792, 1433319850, 3212190334, 1912041955, 1133523335]);
    write_burst_increment_linear(15, 392, [2613837367, 463277367, 556872514, 1155267465, 1203608463, 2878064215, 1036443003, 1835053530]);
    write_burst_increment_linear(15, 284, [2310939667, 391641902, 562634563, 4013400286, 30334211, 3480303774]);
    write_burst_increment_linear(15, 308, [331339047, 1634070978, 456403254, 2524428332, 1244040084, 3738081981]);
    write_burst_increment_linear(15, 16, [4054031075, 1743481807]);
    write_burst_increment_linear(15, 24, [2480060455, 3379062930]);
    write_burst_increment_linear(15, 32, [4243369209, 953005937]);
    write_burst_increment_linear(15, 40, [2738203718, 384936237]);
    write_burst_increment_linear(15, 48, [1279478680, 3330098316]);
    write_burst_increment_linear(15, 56, [2451231780, 807344992]);
    write_burst_increment_linear(15, 64, [894350698, 1643193283]);
    write_burst_increment_linear(15, 120, [988748661, 1870525406, 2640772666, 1116575109]);
    write_burst_increment_linear(15, 136, [232241947, 3274202758, 2956298336, 1513112500]);
    write_burst_increment_linear(15, 152, [3962719448, 4247121146, 2418570272, 4053674723]);
    write_burst_increment_linear(15, 168, [2885213271, 894319978, 3822300871, 3695659192]);
    write_burst_increment_linear(15, 184, [1235499411, 2260248589, 3902267089, 3578877610]);
    write_burst_increment_linear(15, 220, [2907952218, 3767419073, 1238892947, 431332659, 1775500243, 2082751992, 2197186565]);
    write_burst_increment_linear(15, 248, [3365683345, 3531655333, 3785736899, 3718372027, 2328759317, 2821650000, 83446025]);
    write_burst_increment_linear(15, 0, [1452024237, 2318405652, 687443793, 164047123]);
    write_burst_increment_linear(15, 16, [413030193, 375017260, 3376832146, 477324600]);
    write_burst_increment_linear(15, 32, [122599694, 2417526816, 681346385, 4225594103]);
    write_burst_increment_linear(15, 208, [2627390521, 266792223, 1609375167, 4142354157, 3272520326, 2723288132, 984150389, 2104822266]);
    write_burst_increment_linear(15, 240, [1856380381, 632953675, 3250303619, 1532382134, 3469985949, 680232273, 288192802, 2289402384]);
    write_burst_increment_linear(15, 272, [3184276603, 2367267354, 3968738521, 3375487634, 2097256954, 3303702665, 382816557, 898318187]);
    write_burst_increment_linear(15, 304, [794816862, 3200444541, 2380945435, 3775814850, 1296629146, 2473748006, 1177048972, 2407570975]);
    write_burst_increment_linear(15, 120, [575418692, 2226575369, 1725077453, 2642569787, 715915605]);
    write_burst_increment_linear(15, 140, [3869762253, 453255478, 4156782831, 3432495257, 1093930370]);
    write_burst_increment_linear(15, 152, [2433602594, 2930955869, 3476564126, 4050212066]);
    write_burst_increment_linear(15, 168, [4244993786, 1496668594, 2099987450, 2931445341]);
    write_burst_increment_linear(15, 184, [2923753052, 4191733491, 3659929268, 3045417579]);
    write_burst_increment_linear(15, 200, [2186016772, 678603600, 3762668736, 3850762955]);
    write_burst_increment_linear(15, 216, [2460749349, 1036997499, 1459561901, 3262923396]);
    write_burst_increment_linear(15, 232, [1317302685, 134072591, 268096799, 1549347256]);
    write_burst_increment_linear(15, 140, [3895088848, 1711783884]);
    write_burst_increment_linear(15, 148, [3596751020, 3049673835]);
    write_burst_increment_linear(15, 156, [4123409131, 428991795]);
    write_burst_increment_linear(15, 164, [3325016716, 3643153586]);
    write_burst_increment_linear(15, 172, [3996647132, 2542453807]);
    write_burst_increment_linear(15, 180, [701948755, 1272980887]);
    write_burst_increment_linear(15, 188, [1189842829, 1314544540]);
    write_burst_increment_linear(15, 196, [2926073436, 1254344597]);
    write_burst_increment_linear(15, 204, [2509871147, 798909279]);
    write_burst_increment_linear(15, 212, [2378145819, 3703317177]);
    write_burst_increment_linear(15, 220, [1895008225, 1441159595]);
    write_burst_increment_linear(15, 228, [3524202148, 99356939]);
    write_burst_increment_linear(15, 236, [3390015124, 472872760]);
    write_burst_increment_linear(15, 320, [589347654, 2224635913, 897374570, 61220615, 2147934720, 3210108030, 4139133677, 4187021043]);
    write_burst_increment_linear(15, 84, [3627407536, 3058271340, 925310318, 1097332610, 2620849720]);
    write_burst_increment_linear(15, 104, [3772266689, 1045010300, 834365283, 3168992889, 3321379979]);
    write_burst_increment_linear(15, 56, [540479808, 2801170509, 2937121886, 4154325231, 1164963722, 901004139, 1638431171, 964037490]);
    write_burst_increment_linear(15, 88, [168284436, 1016354681, 1629385154, 3231917185, 2917758043, 2451266084, 3165843577, 552055617]);
    write_burst_increment_linear(15, 120, [3477165726, 2654244924, 3937260757, 2482692647, 519680829, 763234138, 3627727024, 3635716273]);
    write_burst_increment_linear(15, 348, [3002700901, 2450622500, 1654627269, 2928914013, 4167511792, 1440102827, 3579679914]);
    write_burst_increment_linear(15, 376, [795195742, 3586103979, 2113787387, 2599386165, 3050156651, 3105210994, 296441123]);
    write_burst_increment_linear(15, 404, [757407578, 646838605, 213472025, 3932649684, 1812531672, 4281640702, 2934093917]);
    write_burst_increment_linear(15, 432, [1155316105, 275547424, 741841240, 3525254308, 4082324198, 1697882058, 1188064141]);
    write_burst_increment_linear(15, 36, [379090733, 1265982870, 3164750457]);
    write_burst_increment_linear(15, 48, [2363662361, 4075085029, 4204612853]);
    write_burst_increment_linear(15, 344, [3138153590, 3583060651, 2385866268, 57793798, 1703652299]);
    write_burst_increment_linear(15, 364, [289622818, 2250479116, 3452137627, 562082115, 205056792]);
    write_burst_increment_linear(15, 384, [2524407340, 4055059683, 4070173925, 10127617, 3689425079]);
    write_burst_increment_linear(15, 404, [149245201, 255494430, 2970509410, 3802130629, 2141261311]);
    write_burst_increment_linear(15, 424, [1806070231, 385117997, 944207216, 611182408, 2783859275]);
    write_burst_increment_linear(15, 444, [1247965076, 4241643257, 2003762158, 1050384765, 2682247743]);
    write_burst_increment_linear(15, 124, [3085038191, 2849902163, 1527576502, 2263859725, 4228361976, 3815227078, 448190773]);
    write_burst_increment_linear(15, 152, [2224111113, 3323317388, 2260627981, 61268743, 1193628046, 749914969, 2810149454]);
    write_burst_increment_linear(15, 180, [330232103, 2481267239, 836952419, 1444602796, 824483682, 3528106148, 3477342878]);
    write_burst_increment_linear(15, 304, [470419768, 4257660155, 162138387, 1702499786, 2293912593, 1174472588, 557038914, 4052197603]);
    write_burst_increment_linear(15, 336, [3970443481, 876700008, 2299985938, 4049210082, 3778053314, 1288279449, 1298149786, 126025487]);
    write_burst_increment_linear(15, 176, [329049383, 2405267998, 101351180]);
    write_burst_increment_linear(15, 188, [3683419319, 1958145513, 2877869655]);
    write_burst_increment_linear(15, 200, [469535543, 3318947467, 1082196353]);
    write_burst_increment_linear(15, 212, [873732456, 3489735328, 3233715841]);
    write_burst_increment_linear(15, 240, [3004040294, 475054392]);
    write_burst_increment_linear(15, 248, [2244164619, 1121379205]);
    write_burst_increment_linear(15, 256, [1341671839, 3957720279]);
    write_burst_increment_linear(15, 264, [2543570991, 532112191]);
    write_burst_increment_linear(15, 272, [369621804, 81953545]);
    write_burst_increment_linear(15, 280, [3958753495, 908139884]);
    write_burst_increment_linear(15, 288, [565672259, 3354258575]);
    write_burst_increment_linear(15, 368, [3407390870, 2329057813, 1986081772, 3950381270, 2454185508, 2948082783]);
    write_burst_increment_linear(15, 392, [1016915321, 1680118216, 2623640120, 3197932669, 713327445, 1193924494]);
    write_burst_increment_linear(15, 416, [4047000802, 1508872115, 3156055672, 3105026674, 473406776, 120755982]);
    write_burst_increment_linear(15, 440, [3915672786, 1791280597, 1070569343, 947185520, 177738517, 1180165516]);
    write_burst_increment_linear(15, 464, [2913021019, 1670348743, 2135315966, 3484725407, 795478878, 1663113158]);
    write_burst_increment_linear(15, 196, [491400506, 1666946502, 3395517588, 2570063922, 740883800, 1817440216]);
    write_burst_increment_linear(15, 220, [4002476765, 1476678576, 68518664, 3712061626, 297207587, 2140539903]);
    write_burst_increment_linear(15, 48, [709274452, 423649074, 3665930421, 915485037]);
    write_burst_increment_linear(15, 64, [1071405439, 2867555925, 1060861310, 444514100]);
    write_burst_increment_linear(15, 80, [1672349127, 2872418902, 1947286504, 189782294]);
    write_burst_increment_linear(15, 96, [4086257895, 2824583248, 825330018, 1868995550]);
    write_burst_increment_linear(15, 288, [4216119542, 34041092, 1788034005, 192522006, 59786503]);
    write_burst_increment_linear(15, 308, [1904296931, 3048660587, 2853195860, 1381902244, 3790140099]);
    write_burst_increment_linear(15, 328, [2886915160, 2460430373, 484417337, 395700015, 1680120264]);
    write_burst_increment_linear(15, 208, [649553229, 3019474535]);
    write_burst_increment_linear(15, 216, [1324648861, 723586390]);
    write_burst_increment_linear(15, 224, [1109407620, 3428438680]);
    write_burst_increment_linear(15, 232, [75559177, 368432939]);
    write_burst_increment_linear(15, 240, [3879324878, 3806070469]);
    write_burst_increment_linear(15, 248, [3668631733, 2794788429]);
    write_burst_increment_linear(15, 256, [203464472, 4204489973]);
    write_burst_increment_linear(15, 264, [4247401722, 291895074]);
    write_burst_increment_linear(15, 272, [279898913, 644223308]);
    write_burst_increment_linear(15, 280, [4254762747, 1928356837]);
    write_burst_increment_linear(15, 288, [2696457281, 3200827517]);
    write_burst_increment_linear(15, 296, [3071751790, 4291365119]);
    write_burst_increment_linear(15, 304, [268934944, 3604678317]);
    write_burst_increment_linear(15, 312, [832003427, 3242021506]);
    write_burst_increment_linear(15, 320, [739721560, 3150655607]);
    write_burst_increment_linear(15, 328, [3775518914, 2327800853]);
    write_burst_increment_linear(15, 368, [2484225064, 3280419975, 2885163607, 1732245966, 3828712648, 4201860852, 3060740716]);
    write_burst_increment_linear(15, 396, [3996391132, 2031197170, 1894744033, 378593069, 1257469845, 3622023343, 540281152]);
    write_burst_increment_linear(15, 424, [1970351082, 4079466726, 1919529956, 2924669020, 3041058922, 1775908819, 214847257]);
    write_burst_increment_linear(15, 244, [274001696, 1364220322, 2309454355, 900076395, 1992671725]);
    write_burst_increment_linear(15, 264, [3845104330, 2468722726, 1991044589, 3130633333, 3869421773]);
    write_burst_increment_linear(15, 284, [2730758213, 1535439287, 4159071471, 2562736689, 1430458794]);
    write_burst_increment_linear(15, 304, [3178904698, 705318740, 2107691515, 2458518053, 1537256375]);
    write_burst_increment_linear(15, 380, [3064978029, 302331172, 3820852935, 2471931430, 278865697, 2291188753]);
    write_burst_increment_linear(15, 404, [2035254770, 2983772259, 738306392, 4193565427, 1342694304, 1567848378]);
    write_burst_increment_linear(15, 428, [656555854, 1364149154, 1665919430, 1178852236, 2397013533, 1187989389]);
    write_burst_increment_linear(15, 8, [916484973, 1423484329, 2494537257, 2549436975, 1956066281, 1013748088, 1969149930, 2720648772]);
    write_burst_increment_linear(15, 172, [3601525933, 2145052159, 1647358916]);
    write_burst_increment_linear(15, 184, [3403427477, 3445491354, 1051224957]);
    write_burst_increment_linear(15, 196, [605200712, 1934796774, 816068449]);
    write_burst_increment_linear(15, 208, [2134161918, 1081465728, 1946625000]);
    write_burst_increment_linear(15, 220, [1719032780, 1760818641, 1637720515]);
    write_burst_increment_linear(15, 232, [3403459221, 1363218338, 1825247193]);
    write_burst_increment_linear(15, 244, [2060905461, 826610018, 75542793]);
    write_burst_increment_linear(15, 256, [3522932899, 2641655354, 1980554220]);
    write_burst_increment_linear(15, 268, [152917778, 533743935, 1401602983]);
    write_burst_increment_linear(15, 280, [1013712760, 3803879109, 2643521083]);
    write_burst_increment_linear(15, 280, [1041160060, 1185760141, 2771724874, 669597007, 137344272, 2905400410, 3604104365, 4131028204]);
    write_burst_increment_linear(15, 312, [2694473281, 3628848816, 3822896839, 1934110182, 642353484, 3970238169, 3865030860, 78255881]);
    write_burst_increment_linear(15, 344, [1965520874, 1200627599, 3175856762, 649251149, 3630845104, 4274883837, 87253770, 654019917]);
    write_burst_increment_linear(15, 376, [2293229073, 1223850897, 851895653, 2779803211, 299491619, 982832501, 1259355542, 698105171]);
    write_burst_increment_linear(15, 400, [3539239077, 3625722544, 2633318457, 1666522566, 4175792369, 2122736637, 2247026699, 1237409683]);
    write_burst_increment_linear(15, 432, [1037983611, 846263140, 309669668, 3900499152, 1721552845, 4013174494, 1626717633, 3675679926]);
    write_burst_increment_linear(15, 464, [4294534911, 156513042, 4037476577, 798913375, 2675142718, 4204583669, 2146706943, 4280496894]);
    write_burst_increment_linear(15, 56, [2213324807, 1351011745, 522601790, 652115789, 3916992722, 2748085831, 31555843]);
    write_burst_increment_linear(15, 84, [1940245991, 3526780580, 2095072761, 2771537482, 611659080, 1325622686, 3572973737]);
    write_burst_increment_linear(15, 128, [49624837, 111073037, 868519271, 4186738931, 2268639758, 3679652022, 3765740736]);
    write_burst_increment_linear(15, 356, [2376400411, 3409506966, 2440573474, 3363083408, 56067334, 2729543237, 3494055072]);
    write_burst_increment_linear(15, 384, [930932078, 2855986260, 839478116, 4123598059, 586665797, 1649838532, 2880314967]);
    write_burst_increment_linear(15, 336, [190504214, 2397753373, 771528539, 1012404600, 3646201522, 4052438243, 3412029078, 563383107]);
    write_burst_increment_linear(15, 112, [3310254218, 1939596775, 1643005891, 3399651989, 379390253]);
    write_burst_increment_linear(15, 132, [482353465, 3875151053, 3283506823, 1337468831, 1419170729]);
    write_burst_increment_linear(15, 152, [917044077, 1403352487, 3588520619, 1540994999, 1346531744]);
    write_burst_increment_linear(15, 172, [349637929, 2787079244, 334776103, 2820983376, 1286207385]);
    write_burst_increment_linear(15, 192, [4203430133, 4068459236, 1846612956, 307286308, 2493171753]);
    write_burst_increment_linear(15, 212, [2726240836, 3057063020, 3379426962, 3623729327, 2405115422]);
    write_burst_increment_linear(15, 68, [1436436395, 3718331067]);
    write_burst_increment_linear(15, 164, [1666889158, 3728410812, 4209178357, 1658098117]);
    write_burst_increment_linear(15, 284, [1335980447, 1720743885, 3975625433, 2283311632, 3410026646, 3978204890, 56996614, 2471170598]);
    write_burst_increment_linear(15, 316, [3559528616, 549586241, 396622639, 993243510, 3072202862, 1087409537, 146960145, 1352144801]);
    write_burst_increment_linear(15, 348, [1478728112, 4198153460, 377301804, 2256974349, 1094915970, 3222789760, 3847752394, 683847505]);
    write_burst_increment_linear(15, 380, [855822182, 3404856981, 3397036692, 116389645, 2997009509, 181529365, 994862454, 3229563008]);
    write_burst_increment_linear(15, 212, [1566171066, 768338267, 4006088925, 1858166749]);
    write_burst_increment_linear(15, 228, [3746436286, 3692159160, 22390018, 242095388]);
    write_burst_increment_linear(15, 244, [943376752, 3395910804, 3979326682, 223663898]);
    write_burst_increment_linear(15, 260, [3506152609, 3296164488, 3737962685, 2541731886]);
    write_burst_increment_linear(15, 276, [2366969370, 549607745, 1881813472, 631287627]);
    write_burst_increment_linear(15, 24, [4142742765, 32974595, 1161386378, 2957305952, 2394604573]);
    write_burst_increment_linear(15, 44, [2325765653, 2214016519, 1879741408, 3520751267, 2264619533]);
    write_burst_increment_linear(15, 260, [2368488986, 2448365091, 371455788, 2200378886, 533205311, 2878952023]);
    write_burst_increment_linear(15, 284, [2200734214, 3609013934, 3938477269, 588173126, 2685371968, 2062501877]);
    write_burst_increment_linear(15, 308, [3708791482, 2052327924, 1085289857, 4068295396, 3408204438, 2678799423]);
    write_burst_increment_linear(15, 332, [3374620818, 2383068188, 101746444, 936404847, 2881591383, 4124775659]);
    write_burst_increment_linear(15, 68, [898458475, 1913980900, 1904036834, 2273974287, 2738390598, 394111790]);
    write_burst_increment_linear(15, 92, [3648634546, 293927203, 3192330364, 301173027, 1172674443, 916394861]);
    write_burst_increment_linear(15, 44, [3411735702, 1749269968, 2844683859, 1882204640]);
    write_burst_increment_linear(15, 60, [1887562209, 2531640877, 1164512650, 4130446060]);
    write_burst_increment_linear(15, 76, [1148189576, 1984638956, 3109296242, 3282035335]);
    write_burst_increment_linear(15, 92, [2803890254, 1789220309, 511851325, 1154137481]);
    write_burst_increment_linear(15, 108, [485977401, 761352538, 2545869359, 387163438]);
    write_burst_increment_linear(15, 124, [475177784, 2185495044, 3302636681, 4067022052]);
    write_burst_increment_linear(15, 140, [1372629411, 3292922504, 3134534261, 2693155905]);
    write_burst_increment_linear(15, 156, [2808040014, 640659276, 2899144793, 1038599547]);
    write_burst_increment_linear(15, 288, [3230579329, 712461140, 1506950067, 3531880101, 2155440640, 1951532520]);
    write_burst_increment_linear(15, 312, [1378259364, 1306122651, 1038078331, 3090679408, 1662092742, 3144872054]);
    write_burst_increment_linear(15, 336, [3777996482, 1687479241, 4207816437, 2098262522, 4039666913, 1764417490]);
    write_burst_increment_linear(15, 360, [1104113539, 2816081487, 2021088752, 3781102274, 1436278187, 1384450981]);
    write_burst_increment_linear(15, 264, [4098211560, 3818481351, 1902895074, 712735060]);
    write_burst_increment_linear(15, 280, [3229124736, 3316103819, 2238209546, 2117771260]);
    write_burst_increment_linear(15, 296, [2869858902, 1211804048, 2032319986, 2148852224]);
    write_burst_increment_linear(15, 312, [2176436227, 398994735, 1625409473, 3507987618]);
    write_burst_increment_linear(15, 328, [457964854, 3005426790, 1725147085, 3135949429, 1657981893, 2668949566, 1666864070]);
    write_burst_increment_linear(15, 356, [1988632045, 4005603037, 2635797050, 1067779455, 1546176952, 2780425803, 327105830]);
    write_burst_increment_linear(15, 448, [2903759962, 1974676971, 2217550344, 1125577606, 3550485671, 3006093414, 523904830]);
    write_burst_increment_linear(15, 476, [445523253, 2668357694, 3734043325, 2398434845, 581940549, 1699475402, 3850882251]);
    write_burst_increment_linear(15, 128, [2104315898, 1248487316, 1648760772, 1428362154, 113948941, 1940119015, 3358351504, 3937356501]);
    write_burst_increment_linear(15, 160, [512953149, 4225896695, 1024980858, 403827504, 421461298, 2881456215, 3387356307, 1519608245]);
    write_burst_increment_linear(15, 192, [1659440581, 362648875, 3814667462, 483448633, 2198435334, 3740287165, 4161427184, 2078816759]);
    write_burst_increment_linear(15, 224, [997341046, 2622117432, 1104262531, 224671002, 48957701, 1277780888, 2002414062, 2447914019]);
    write_burst_increment_linear(15, 92, [1083991937, 310415653, 3876212430, 3596028588]);
    write_burst_increment_linear(15, 108, [391754542, 4071980773, 273221408, 3313233546]);
    write_burst_increment_linear(15, 124, [1536543671, 3127046260, 895379306, 3971750617]);
    write_burst_increment_linear(15, 140, [940512624, 3145817719, 345094441, 2517329964]);
    write_burst_increment_linear(15, 156, [590922054, 3582396075, 3701278905, 2869000278]);
    write_burst_increment_linear(15, 172, [2053553140, 4087604455, 1320756637, 2490737704]);
    write_burst_increment_linear(15, 168, [3655009971, 2563440689, 2838229074, 2718477380, 3697048760, 2753095752, 2452870692, 2333306902]);
    write_burst_increment_linear(15, 200, [3384321171, 2335329302, 1329882526, 1429581738, 2732447301, 2208487431, 2230473225, 353760554]);
    write_burst_increment_linear(15, 372, [1205964175, 2383645724, 1332730782, 610141512, 3902309073]);
    write_burst_increment_linear(15, 392, [2179697155, 2292148753, 3898474704, 3625559216, 4237526265]);
    write_burst_increment_linear(15, 68, [3712783546, 2899181145, 3535857829, 2010601967, 1022335353, 2385549852, 3986460379]);
    write_burst_increment_linear(15, 320, [3816274118, 4068476645, 3040194154]);
    write_burst_increment_linear(15, 332, [2177963523, 2810520655, 205402392]);
    write_burst_increment_linear(15, 344, [637351243, 2069565430, 1941524967]);
    write_burst_increment_linear(15, 356, [1650790340, 4201619700, 3591251628]);
    write_burst_increment_linear(15, 368, [1162245514, 2134552062, 2269154318]);
    write_burst_increment_linear(15, 380, [548031297, 383290669, 3594769580]);
    write_burst_increment_linear(15, 240, [823137122, 723981142, 2601069110, 3317977739]);
    write_burst_increment_linear(15, 256, [2797974093, 1204987279, 3648748722, 3899831504]);
    write_burst_increment_linear(15, 272, [2859319892, 3456149148, 2764966985, 2055700469]);
    write_burst_increment_linear(15, 288, [2080378360, 1484486064, 2478343207, 752052569]);
    write_burst_increment_linear(15, 304, [137305872, 257501982, 4217066230, 1003024759]);
    write_burst_increment_linear(15, 320, [49562373, 102212876, 3081478255, 1777882067]);
    write_burst_increment_linear(15, 392, [2555087408, 1393537958, 18682626]);
    write_burst_increment_linear(15, 328, [2833416273, 1016366969, 2456693284, 61587207, 1711120843, 747736921, 2725137476, 4134466796]);
    write_burst_increment_linear(15, 360, [3956740311, 3602986157, 4222333687, 4052600035, 1688677833, 1123099525, 4220852983, 574668100]);
    write_burst_increment_linear(15, 392, [1909592547, 3753363135, 1075511680, 3026658920, 3624114352, 3235924609, 539730240, 2580745779]);
    write_burst_increment_linear(15, 64, [3293921928, 3447243418, 1834182106, 717406037, 3733540029]);
    write_burst_increment_linear(15, 152, [1331788702, 4234710264, 4195013364, 2538033710, 343070504, 147090193, 1749192144, 1780242388]);
    write_burst_increment_linear(15, 184, [3204525182, 766563675, 1695740874, 3598859949, 2680883263, 1289742233, 3548932775, 3135734389]);
    write_burst_increment_linear(15, 216, [3986012379, 2469100582, 2319721492, 1368940963, 1920551396, 443626292, 480774969, 2231030793]);
    write_burst_increment_linear(15, 248, [200049431, 254698270, 3837971145, 3716847803, 160494355, 4124847339, 972803955, 93662475]);
    write_burst_increment_linear(15, 0, [2662713917, 449931061, 2168501250, 2104104954, 3843124426, 3157410424]);
    write_burst_increment_linear(15, 24, [2207280135, 464908599, 1548931512, 4062578404, 3690638519, 2380611099]);
    write_burst_increment_linear(15, 48, [2187751940, 290979106, 1451708845, 2020552688, 1140232071, 2133210110]);
    write_burst_increment_linear(15, 72, [4062311652, 2431364129, 2930188381, 2007855599, 339079976, 3724501179]);
    write_burst_increment_linear(15, 96, [487712058, 311772965, 3154799224, 2215098888, 3632420017, 1385955749]);
    write_burst_increment_linear(15, 200, [3420629143, 1841557467, 3327118988, 2814570575, 754518873]);
    write_burst_increment_linear(15, 220, [2990404708, 3564248744, 129946895, 3064575085, 2526700077]);
    write_burst_increment_linear(15, 404, [1024398714, 3153684599, 2566794801, 2553399856]);
    write_burst_increment_linear(15, 420, [815114081, 628718922, 2821447248, 3245346946]);
    write_burst_increment_linear(15, 436, [2793894477, 2896242777, 2450562596, 1827556825]);
    write_burst_increment_linear(15, 452, [2683934783, 1573116347, 3723882171, 667995471]);
    write_burst_increment_linear(15, 468, [1188622733, 2931406941, 271779616, 2516490795]);
    write_burst_increment_linear(15, 208, [3240985218, 2175888387]);
    write_burst_increment_linear(15, 216, [1222606225, 796804958]);
    write_burst_increment_linear(15, 224, [3064861293, 808913248]);
    write_burst_increment_linear(15, 232, [1856207325, 1549510072]);
    write_burst_increment_linear(15, 240, [1073190271, 1572522427]);
    write_burst_increment_linear(15, 248, [1367004578, 1315388828]);
    write_burst_increment_linear(15, 256, [1106515331, 1212434832]);
    write_burst_increment_linear(15, 264, [2624158776, 381750061]);
    write_burst_increment_linear(15, 272, [252469534, 203088664]);
    write_burst_increment_linear(15, 280, [4030734048, 3242117762]);
    write_burst_increment_linear(15, 288, [3086221935, 3005331046]);
    write_burst_increment_linear(15, 296, [3695715512, 841480036]);
    write_burst_increment_linear(15, 304, [657803086, 1609801151]);
    write_burst_increment_linear(15, 312, [3484400287, 4122070763]);
    write_burst_increment_linear(15, 320, [2474457638, 2965320289]);
    write_burst_increment_linear(15, 328, [1874186207, 2101038074]);
    write_burst_increment_linear(15, 416, [105457932, 3884654287]);
    write_burst_increment_linear(15, 424, [2554895920, 1060429182]);
    write_burst_increment_linear(15, 432, [658630478, 2894390873]);
    write_burst_increment_linear(15, 440, [3414322327, 25915139]);
    write_burst_increment_linear(15, 448, [3186211963, 2898595417]);
    write_burst_increment_linear(15, 456, [1738922959, 1137945991]);
    write_burst_increment_linear(15, 464, [3147736695, 4066008804]);
    write_burst_increment_linear(15, 472, [115884813, 2490647592]);
    write_burst_increment_linear(15, 480, [190080278, 3204343933]);
    write_burst_increment_linear(15, 488, [1123730821, 548184385]);
    write_burst_increment_linear(15, 496, [2370859034, 2913038939]);
    write_burst_increment_linear(15, 504, [2921740380, 2617306168]);
    write_burst_increment_linear(15, 192, [3966113496, 2456952868, 792691038, 2395614237]);
    write_burst_increment_linear(15, 448, [4198966516, 716337493, 2948240991]);
    write_burst_increment_linear(15, 460, [3339053710, 2505965610, 1623407041]);
    write_burst_increment_linear(15, 468, [4124052715, 1945941479]);
    write_burst_increment_linear(15, 476, [1764888530, 3571946153]);
    write_burst_increment_linear(15, 484, [3503659681, 2903076954]);
    write_burst_increment_linear(15, 492, [2036694514, 3640443057]);
    write_burst_increment_linear(15, 208, [2120795644, 1313165724, 2160569345, 3993145052, 1165375370, 3576991402, 4098188520]);
    write_burst_increment_linear(15, 236, [2228029449, 3361698960, 3225335936, 3621863087, 2368686618, 3182074491, 607401288]);
    write_burst_increment_linear(15, 264, [3623728815, 2387779100, 3326444684, 3485086367, 4263184636, 3807580357, 593612102]);
    write_burst_increment_linear(15, 292, [410427184, 957559154, 3714805434, 806409056, 687612241, 3205884542, 176243477]);
    write_burst_increment_linear(15, 376, [1592842685, 431178035, 3977568986, 3385770643, 3686350519, 2569281586, 2520332332]);
    write_burst_increment_linear(15, 44, [1398855590, 2216587784, 3366348433, 2246770699, 718416213, 507726140, 3980591322, 1697708490]);
    write_burst_increment_linear(15, 76, [2064145910, 1312414108, 1795169238, 3366727313, 2648661563, 538582848, 618560841, 1314653084]);
    write_burst_increment_linear(15, 104, [1767607762, 2416653856, 515930941, 3749975231, 3304959113, 1258792342, 460540726, 506634556]);
    write_burst_increment_linear(15, 136, [1604910015, 663490895, 3600891565, 1277765528, 963892594, 3056346220, 1111954820, 3260429444]);
    write_burst_increment_linear(15, 168, [847271781, 1235505043, 2630043705, 3132036213, 1964531178, 1531296182, 1464997806, 763089754]);
    write_burst_increment_linear(15, 376, [2170764290, 3787530947]);
    write_burst_increment_linear(15, 384, [3069754989, 3809816774]);
    write_burst_increment_linear(15, 392, [439803188, 2728942149]);
    write_burst_increment_linear(15, 400, [652243789, 4159878383]);
    write_burst_increment_linear(15, 408, [2457796644, 3242199170]);
    write_burst_increment_linear(15, 416, [112563981, 762134874]);
    write_burst_increment_linear(15, 424, [734442327, 3581723818]);
    write_burst_increment_linear(15, 432, [222632218, 966382451]);
    write_burst_increment_linear(15, 440, [3248995971, 1424158121]);
    write_burst_increment_linear(15, 384, [3739393213, 2546115119, 162904851, 3111049330, 4109611241, 889865066, 1058785150, 3065920621]);
    write_burst_increment_linear(15, 284, [2698095681, 406336304, 1878971871, 1920465892, 3145773687, 1610488255, 3708673722]);
    write_burst_increment_linear(15, 312, [2503171114, 1891212769, 1265784214, 2327230485, 326412070, 650998605, 4078403302]);
    write_burst_increment_linear(15, 340, [1467765166, 2920208476, 4185655026, 417330481, 1025397114, 3409619606, 1639964611]);
    write_burst_increment_linear(15, 368, [3800683205, 944056176, 3075644014, 2556054064, 3753571007, 2565733425, 2270094350]);
    write_burst_increment_linear(15, 264, [419530034, 2634140730, 2612605495, 1261050774, 1829910490, 2027895281, 1456785325]);
    write_burst_increment_linear(15, 292, [464223031, 1455060397, 1594615742, 2626457145, 228789531, 1027702650, 3718177979]);
    write_burst_increment_linear(15, 320, [1827744217, 2722740292, 1798852054, 58588422, 761458010, 1215639952, 662019918]);
    write_burst_increment_linear(15, 348, [774487388, 3505256609, 1514396596, 2480008231, 4064898788, 744892248, 3817400007]);
    write_burst_increment_linear(15, 32, [2633515065, 2348429847, 4224424695, 2453414436, 1209176464]);
    write_burst_increment_linear(15, 52, [932962671, 1370123683, 2024039921, 1473333167, 952106865]);
    write_burst_increment_linear(15, 28, [1988871661, 3398633109, 3011625575, 365253419, 3293459080, 1535485367]);
    write_burst_increment_linear(15, 52, [3059995756, 4057284323, 3095134320, 103566092, 2038894579, 953597809]);
    write_burst_increment_linear(15, 76, [694922578, 1309950876, 3454880411, 1030947194, 198275863, 2325583893]);
    write_burst_increment_linear(15, 268, [2936478302, 2646147643]);
    write_burst_increment_linear(15, 276, [2991601252, 315424037]);
    write_burst_increment_linear(15, 284, [1899647970, 4075090661]);
    write_burst_increment_linear(15, 292, [311903525, 3548116646]);
    write_burst_increment_linear(15, 300, [2606206518, 1666766790]);
    write_burst_increment_linear(15, 308, [3869065421, 3876289742]);
    write_burst_increment_linear(15, 316, [335664936, 4081142502]);
    write_burst_increment_linear(15, 324, [1711741900, 680036177]);
    write_burst_increment_linear(15, 332, [3916102866, 1406840231]);
    write_burst_increment_linear(15, 340, [3939925205, 1829098458]);
    write_burst_increment_linear(15, 348, [1797228502, 3888976591]);
    write_burst_increment_linear(15, 356, [454415670, 2656558652]);
    write_burst_increment_linear(15, 364, [512935229, 3007864422]);
    write_burst_increment_linear(15, 372, [2604944438, 395371311]);
    write_burst_increment_linear(15, 380, [443204404, 1407200167]);
    write_burst_increment_linear(15, 276, [3693597368, 561712962, 459114294]);
    write_burst_increment_linear(15, 288, [786884957, 789475678, 3642060978]);
    write_burst_increment_linear(15, 300, [1529242038, 1325459870, 922411885]);
    write_burst_increment_linear(15, 20, [346539305, 3542553254, 589253958]);
    write_burst_increment_linear(15, 32, [17171202, 566195011, 823192418]);
    write_burst_increment_linear(15, 44, [264967967, 173765908, 1664616902]);
    write_burst_increment_linear(15, 56, [1410931112, 3033431657, 3265067141]);
    write_burst_increment_linear(15, 68, [3345965710, 3180643963, 580501829]);
    write_burst_increment_linear(15, 80, [1119263621, 1275534744, 1490674097]);
    write_burst_increment_linear(15, 176, [2032866802, 1241875348, 235416860, 3533233829, 1147391368, 2683779135]);
    write_burst_increment_linear(15, 200, [3726767292, 2372197914, 912536940, 3633003185, 2981071459, 3157077624]);
    write_burst_increment_linear(15, 224, [691878738, 1531609526, 1647229892, 3087673968, 236751132, 1199819151]);
    write_burst_increment_linear(15, 300, [3406270102, 2232081418, 4049229538]);
    write_burst_increment_linear(15, 312, [821850465, 2057572341, 2547590191]);
    write_burst_increment_linear(15, 324, [3272146566, 2679382079, 677463376]);
    write_burst_increment_linear(15, 336, [2312353811, 3585818795, 3908586193]);
    write_burst_increment_linear(15, 348, [1937567206, 3187024507, 3204201597]);
    write_burst_increment_linear(15, 360, [4187642099, 237404956, 3381833875]);
    write_burst_increment_linear(15, 372, [2341390871, 3402659989, 1962623465]);
    write_burst_increment_linear(15, 384, [2929618013, 1246333332, 3227619968]);
    write_burst_increment_linear(15, 396, [2487362600, 951919473, 716362581]);
    write_burst_increment_linear(15, 408, [395401519, 2531781677, 2299354642]);
    write_burst_increment_linear(15, 140, [2629070393, 335625000, 1309887388, 3379023506]);
    write_burst_increment_linear(15, 156, [1512726452, 3076378734, 1747489232, 129245967]);
    write_burst_increment_linear(15, 172, [1900411362, 953147761, 3967463640, 1216071568]);
    write_burst_increment_linear(15, 188, [436783412, 296782627, 2849051731, 2917939803]);
    write_burst_increment_linear(15, 204, [2116754428, 1383114660, 1639443395, 2139142655]);
    write_burst_increment_linear(15, 220, [1499987378, 3681866422, 2091654649, 2906536538]);
    write_burst_increment_linear(15, 236, [478755129, 162622227, 789010270, 1555005369]);
    write_burst_increment_linear(15, 184, [2074149367, 745648984]);
    write_burst_increment_linear(15, 192, [240914204, 963728754]);
    write_burst_increment_linear(15, 200, [345832745, 1979861484]);
    write_burst_increment_linear(15, 208, [3816657606, 474952504]);
    write_burst_increment_linear(15, 216, [3777457858, 3126978164]);
    write_burst_increment_linear(15, 224, [515273021, 1263159190]);
    write_burst_increment_linear(15, 232, [1438258091, 697834835]);
    write_burst_increment_linear(15, 240, [606980424, 304087332]);
    write_burst_increment_linear(15, 248, [595616583, 1422079913]);
    write_burst_increment_linear(15, 256, [4278350590, 3316812939]);
    write_burst_increment_linear(15, 264, [3956514519, 878985064]);
    write_burst_increment_linear(15, 272, [1210518928, 3459568796]);
    write_burst_increment_linear(15, 280, [2708913730, 292225314]);
    write_burst_increment_linear(15, 288, [1627255745, 2182513668]);
    write_burst_increment_linear(15, 296, [3549594279, 1560415162]);
    write_burst_increment_linear(15, 304, [2645901371, 3182430843]);
    write_burst_increment_linear(15, 92, [3819867847, 3187383419, 2209931271, 3185591419]);
    write_burst_increment_linear(15, 108, [2990539364, 4260572411, 3741288125, 291959074]);
    write_burst_increment_linear(15, 124, [419368753, 66047239, 536617791, 2347496983]);
    write_burst_increment_linear(15, 140, [4221509367, 2937781342, 2452816420, 2856070740]);
    write_burst_increment_linear(15, 156, [2371378714, 162264339, 1844130267, 618149705]);
    write_burst_increment_linear(15, 172, [2970860642, 2284041232, 2268755982, 3096472177]);
    write_burst_increment_linear(15, 188, [2320949780, 306771236, 1272015255, 3202410109]);
    write_burst_increment_linear(15, 164, [4060972772, 157481746, 2201725446, 3349555855, 2029905905, 2886926936]);
    write_burst_increment_linear(15, 188, [3276757126, 3304511113, 383344941, 3039888490, 2547316783, 1552734649]);
    write_burst_increment_linear(15, 280, [1733459406, 1763040210, 457269558, 2227289097, 3763654848, 3254800516]);
    write_burst_increment_linear(15, 304, [2908804186, 2491226152, 1506779571, 341889832, 224424218, 193648407]);
    write_burst_increment_linear(15, 328, [553219393, 2248244236, 3716457147, 3224466560, 3700399289, 2236885514]);
    write_burst_increment_linear(15, 352, [858166630, 2115316732, 841098596, 55474438, 400569135, 2993943652]);
    write_burst_increment_linear(15, 144, [841061220, 1789018069, 3708494522]);
    write_burst_increment_linear(15, 156, [2995644005, 356745002, 4042893537]);
    write_burst_increment_linear(15, 436, [301540131, 739728216, 3610516654, 364572459, 3506599586, 4100401896, 483078457]);
    write_burst_increment_linear(15, 176, [2089105401, 2945524831]);
    write_burst_increment_linear(15, 184, [420192562, 1143914376]);
    write_burst_increment_linear(15, 192, [3046202987, 608180552]);
    write_burst_increment_linear(15, 200, [1602538943, 122288398]);
    write_burst_increment_linear(15, 12, [3722711227, 1399620006]);
    write_burst_increment_linear(15, 20, [3482164895, 26497795]);
    write_burst_increment_linear(15, 28, [492576570, 1311609756]);
    write_burst_increment_linear(15, 36, [2084661240, 939558256]);
    write_burst_increment_linear(15, 44, [1636369347, 272430880]);
    write_burst_increment_linear(15, 52, [226859803, 892347754]);
    write_burst_increment_linear(15, 60, [731206999, 3466957981]);
    write_burst_increment_linear(15, 68, [1997878254, 2695560769]);
    write_burst_increment_linear(15, 76, [1419473833, 372186924]);
    write_burst_increment_linear(15, 84, [1150348681, 800301407]);
    write_burst_increment_linear(15, 92, [4026628320, 3137993334]);
    write_burst_increment_linear(15, 100, [1111180676, 1339250079]);
    write_burst_increment_linear(15, 108, [4187308787, 2973456482]);
    write_burst_increment_linear(15, 116, [1198815118, 2552636976]);
    write_burst_increment_linear(15, 124, [3949488854, 969483635]);
    write_burst_increment_linear(15, 240, [2426799649, 1221663121]);
    write_burst_increment_linear(15, 248, [79370505, 1624116673]);
    write_burst_increment_linear(15, 256, [123563790, 304464164]);
    write_burst_increment_linear(15, 264, [826216290, 2970779234]);
    write_burst_increment_linear(15, 272, [947882352, 1050915197]);
    write_burst_increment_linear(15, 280, [676451664, 1156726665]);
    write_burst_increment_linear(15, 288, [3217899135, 1069803903]);
    write_burst_increment_linear(15, 296, [3902879441, 2901781081]);
    write_burst_increment_linear(15, 304, [2737060934, 3049594987]);
    write_burst_increment_linear(15, 312, [2952117343, 500227899]);
    write_burst_increment_linear(15, 320, [1479208880, 3060258412]);
    write_burst_increment_linear(15, 328, [733919063, 1820309464]);
    write_burst_increment_linear(15, 336, [314344229, 359286570]);
    write_burst_increment_linear(15, 128, [717516117, 2738156102, 1402372519, 314359077]);
    write_burst_increment_linear(15, 144, [1386480549, 2205060614, 1759046609, 3811933382]);
    write_burst_increment_linear(15, 160, [589859142, 3180153467, 1075571584, 2841987666]);
    write_burst_increment_linear(15, 84, [1656952773, 318704933, 884809065, 4050506466, 3108145778, 1147454344]);
    write_burst_increment_linear(15, 108, [2750450247, 125121806, 520099134, 3863926476, 1134939015, 1608915903]);
    write_burst_increment_linear(15, 132, [2460802597, 400131375, 2827282513, 2582519347, 2025510385, 4248488186]);
    write_burst_increment_linear(15, 156, [2341777943, 73048328, 3041436778, 2109628411, 3104223858, 854899045]);
    write_burst_increment_linear(15, 180, [4073568485, 2541863471, 2848142931, 261965599, 3246800003, 82849545]);
    write_burst_increment_linear(15, 232, [2952699999, 2094446073, 2449205795, 2585921588, 791140190, 2633762873, 2288417296]);
    write_burst_increment_linear(15, 240, [2462084645, 3047450731, 880424296, 1827820505]);
    write_burst_increment_linear(15, 256, [3712311482, 366146859, 596744007, 1952326632]);
    write_burst_increment_linear(15, 272, [397455663, 2682370623, 920136045, 215714073]);
    write_burst_increment_linear(15, 288, [4170807025, 1396581798, 4083772134, 2931348061]);
    write_burst_increment_linear(15, 304, [479105849, 2876923478, 3851326667, 2762410057]);
    write_burst_increment_linear(15, 320, [1559403961, 1517901748, 4059735779, 616955209]);
    write_burst_increment_linear(15, 336, [2056778741, 3545937574, 2428917793, 1483748784]);
    write_burst_increment_linear(15, 216, [516358461, 3221663872, 3426427544]);
    write_burst_increment_linear(15, 196, [4118103274, 3338719886, 929645422]);
    write_burst_increment_linear(15, 208, [4153454831, 1176502668, 3332990093]);
    write_burst_increment_linear(15, 220, [306515748, 792667486, 765378907]);
    write_burst_increment_linear(15, 232, [1461158830, 1900420578, 1609027007]);
    write_burst_increment_linear(15, 244, [1574548411, 3849481418, 4142103277]);
    write_burst_increment_linear(15, 256, [3128641140, 3681140406, 3492485792]);
    write_burst_increment_linear(15, 324, [1610108351, 3215266431, 3926906580, 279486753, 2257746445]);
    write_burst_increment_linear(15, 344, [2880513111, 2662392893, 4077456614, 523232062, 1208038800]);
    write_burst_increment_linear(15, 364, [3967071448, 4189701875, 750813529, 445518133, 2314379283]);
    write_burst_increment_linear(15, 384, [1738241999, 1374293923, 2291876369, 2287845904, 3070725230]);
    write_burst_increment_linear(15, 148, [2604414006, 2421404192, 2227346441, 3426410648, 1720211917, 1573388731, 1065720703, 1071240063]);
    write_burst_increment_linear(15, 160, [2914511963, 1564378554, 1536375735, 133626127, 3786868931]);
    write_burst_increment_linear(15, 180, [312878885, 2226446345, 1397927846, 2570896946, 2428007969]);
    write_burst_increment_linear(15, 200, [3054017644, 3483668639, 818839905, 267132191, 3646040754]);
    write_burst_increment_linear(15, 220, [1530276278, 4050473186, 814779233, 3265725573, 1585956285]);
    write_burst_increment_linear(15, 240, [1504843187, 4063880932, 3454691995, 882666857, 2125031933]);
    write_burst_increment_linear(15, 260, [1877811679, 3389609108, 2516972076, 1617931200, 2366366234]);
    write_burst_increment_linear(15, 128, [2130746366, 1399221670, 1718647756, 940645744, 3752489663, 860574054, 877320552, 2205140998]);
    write_burst_increment_linear(15, 160, [3028899433, 3759220928, 1954857449, 3390853268, 2527720493, 966374771, 2708323906, 2481311271]);
    write_burst_increment_linear(15, 192, [3880892110, 385380141, 1860968413, 3994231004, 3177891962, 3790508227, 2563305009, 2050941940]);
    write_burst_increment_linear(15, 228, [1358131617, 2677624895, 3862086860, 2906114650, 1409738664]);
    write_burst_increment_linear(15, 248, [2298928658, 4030991584, 3858083531, 1287070105, 3668831413]);
    write_burst_increment_linear(15, 268, [3702206137, 2470555686, 4052073187, 3947128534, 1142040456]);
    write_burst_increment_linear(15, 288, [2466684454, 2949910111, 2674719294, 729330006, 2660893245]);
    write_burst_increment_linear(15, 308, [3577691306, 878908264, 200296215, 138947344, 1958485481]);
    write_burst_increment_linear(15, 328, [593943366, 1813522904, 4020248799, 594758982, 2313764883]);
    write_burst_increment_linear(15, 380, [1115156356, 1055029117]);
    write_burst_increment_linear(15, 388, [1356818849, 2174602243]);
    write_burst_increment_linear(15, 396, [2590593588, 1348738464]);
    write_burst_increment_linear(15, 404, [2438894114, 3332445325]);
    write_burst_increment_linear(15, 412, [1346934688, 2391571485]);
    write_burst_increment_linear(15, 420, [3297720969, 3858144459]);
    write_burst_increment_linear(15, 428, [1191290766, 2537787950]);
    write_burst_increment_linear(15, 436, [553791298, 3085811311]);
    write_burst_increment_linear(15, 444, [432877875, 1135025031]);
    write_burst_increment_linear(15, 452, [3256023172, 1458674605]);
    write_burst_increment_linear(15, 460, [2094833657, 3452342427]);
    write_burst_increment_linear(15, 468, [1802758102, 3534031013]);
    write_burst_increment_linear(15, 252, [2596185653, 1051761021, 3268932229, 4029225184, 2107953659, 3409952406]);
    write_burst_increment_linear(15, 276, [3132988021, 3271537797, 3603538605, 3728733884, 771661659, 1602430399]);
    write_burst_increment_linear(15, 300, [1220999569, 1494380978, 2997304421, 3364582545, 523923262, 1708726219]);
    write_burst_increment_linear(15, 324, [2866638933, 2152689152, 878796648, 1096980354, 4074566885, 2804981326]);
    write_burst_increment_linear(15, 348, [4134856940, 836131683, 615729481, 3309785226, 3905283281, 1444975020]);
    write_burst_increment_linear(15, 108, [3122537076, 2983921763, 2458922533, 3720505531, 3683171511, 2021404144]);
    write_burst_increment_linear(15, 132, [4109415145, 251816222, 2342701591, 3746270910, 859531622, 1914752484]);
    write_burst_increment_linear(15, 344, [399061295, 1910684131, 1813495256, 2126929405]);
    write_burst_increment_linear(15, 360, [4079415014, 2646944827, 2245148683, 357233450]);
    write_burst_increment_linear(15, 376, [3443599002, 3496494752, 1961783785, 781872477]);
    write_burst_increment_linear(15, 392, [2484514856, 1812870104, 1889897953, 664130895]);
    write_burst_increment_linear(15, 408, [561654594, 743037784, 261786911, 3817666247]);
    write_burst_increment_linear(15, 380, [67789064, 566239043, 3853111499, 1451422125, 3680459958, 3718680763, 2190717957]);
    write_burst_increment_linear(15, 408, [3295218312, 2783966795, 102425356, 557222210, 3827989192, 1446968748, 1043754876]);
    write_burst_increment_linear(15, 436, [42792197, 624884554, 4290377983, 818828641, 3786040515, 3199208061, 2890217560]);
    write_burst_increment_linear(15, 464, [2911857755, 2938569822, 1083499393, 679987025, 500847931, 1363919778, 3008266854]);
    write_burst_increment_linear(15, 32, [2156110337, 967098227, 1115342212, 997000566, 568115523, 315031845]);
    write_burst_increment_linear(15, 56, [575685956, 3497730208, 1367349667, 3691528376, 3701966009, 3052177515]);
    write_burst_increment_linear(15, 80, [944613232, 2895203417, 3683114679, 2404510238, 3587909291, 2245373451]);
    write_burst_increment_linear(15, 104, [2996073061, 4206145781, 2653950524, 790606686, 170400020, 1107494788]);
    write_burst_increment_linear(15, 100, [1899748322, 2418992672, 3165099641, 684642641, 4250588922]);
    write_burst_increment_linear(15, 120, [1413252520, 186108694, 3769260737, 3892603088, 1804665815]);
    write_burst_increment_linear(15, 140, [2152354304, 3541428390, 200391447, 2410715167, 2653895228]);
    write_burst_increment_linear(15, 160, [1239881619, 4263295228, 2847490643, 2476034599, 219365146]);
    write_burst_increment_linear(15, 180, [2947289183, 2019475952, 4076213477, 537624896, 3164548217]);
    write_burst_increment_linear(15, 200, [1269206423, 2483150376, 2061022709, 322582822, 2456018980]);
    write_burst_increment_linear(15, 408, [3044260970, 3900009680, 2280925199, 1805162455, 2092489209, 431720755]);
    write_burst_increment_linear(15, 432, [2814828623, 1384644005, 4191662835, 3066123885, 2129624573, 1234142611]);
    write_burst_increment_linear(15, 92, [1407130023, 2510639147, 2300770834]);
    write_burst_increment_linear(15, 104, [2429586977, 456353590, 3380726931]);
    write_burst_increment_linear(15, 116, [3195218044, 2192276485, 3565279401]);
    write_burst_increment_linear(15, 128, [2605413430, 2747513415, 3432595609]);
    write_burst_increment_linear(15, 140, [3714358458, 4289956095, 1728953294]);
    write_burst_increment_linear(15, 152, [4037309153, 2118556668, 1314193820]);
    write_burst_increment_linear(15, 164, [171504916, 113733901, 4249847034]);
    write_burst_increment_linear(15, 176, [1689295817, 854062949, 2135447550]);
    write_burst_increment_linear(15, 292, [2966749281, 1777106899, 1379788196, 3825810632, 1314851228]);
    write_burst_increment_linear(15, 312, [2638981690, 1967771114, 1997691886, 2696400449, 3581930666]);
    write_burst_increment_linear(15, 332, [1643923395, 2342841879, 535587647, 4218729718, 4250324730]);
    write_burst_increment_linear(15, 352, [322782502, 3361848464, 656027470, 3504905889, 3080350319]);
    write_burst_increment_linear(15, 372, [1202740623, 3079750767, 2718611012, 30027011, 3712002234]);
    write_burst_increment_linear(15, 320, [2326182933, 968078707, 150758673, 1709862347, 4022236383, 429959475]);
    write_burst_increment_linear(15, 344, [1443542444, 611075912, 4001852125, 1283091352, 3722361531, 3007015014]);
    write_burst_increment_linear(15, 368, [4072734437, 774480732, 3062247533, 702768467, 2034649586, 4136616685]);
    write_burst_increment_linear(15, 392, [2113968124, 2202435590, 858401126, 1123217797, 3787138755, 1743375823]);
    write_burst_increment_linear(15, 416, [3767744193, 2217352200, 332192551, 453055286, 3210203262, 2106126843]);
    write_burst_increment_linear(15, 320, [3230390913, 575300932, 2689368128, 3198408829, 3510895778, 164688659, 1782448084, 927120750]);
    write_burst_increment_linear(15, 240, [3101957745, 3234368129, 400002351, 2491844649, 1278285720, 2531982893, 3313553547, 2159504385]);
    write_burst_increment_linear(15, 368, [1850990556, 2009399791, 3895010512, 584281925]);
    write_burst_increment_linear(15, 384, [230009627, 3708086458, 591097670, 2829878353]);
    write_burst_increment_linear(15, 400, [1460756398, 4141504749, 430976819, 2970277474]);
    write_burst_increment_linear(15, 416, [654460238, 2625449016, 3580792490, 323527462]);
    write_burst_increment_linear(15, 432, [3252054147, 2198404614, 1618901952, 716825941]);
    write_burst_increment_linear(15, 448, [2308610067, 2702782018, 1962189289, 2997376613]);
    write_burst_increment_linear(15, 464, [4075183845, 2451887140, 3114166899, 403667248]);
    write_burst_increment_linear(15, 288, [4246242042, 1831903194]);
    write_burst_increment_linear(15, 296, [2243803659, 1940282855]);
    write_burst_increment_linear(15, 304, [1784051156, 4257215227]);
    write_burst_increment_linear(15, 312, [3795841220, 1522998709]);
    write_burst_increment_linear(15, 320, [3921807059, 265325343]);
    write_burst_increment_linear(15, 328, [3399454357, 3896029904]);
    write_burst_increment_linear(15, 336, [2272638478, 686012241]);
    write_burst_increment_linear(15, 344, [71462664, 918047085]);
    write_burst_increment_linear(15, 352, [1948893672, 3817702087]);
    write_burst_increment_linear(15, 360, [3897700560, 1703136203]);
    write_burst_increment_linear(15, 368, [3312459914, 3951081687]);
    write_burst_increment_linear(15, 376, [3579326122, 2118510588]);
    write_burst_increment_linear(15, 384, [2410713631, 2556093488]);
    write_burst_increment_linear(15, 392, [2157543937, 1203898255]);
    write_burst_increment_linear(15, 4, [2973784162, 2333301270, 3000504421, 1056269693, 1119470981, 2710431811, 2063067637]);
    write_burst_increment_linear(15, 32, [4144031982, 3183737979, 3823827655, 1775266259, 3089216624, 3678234294, 331548967]);
    write_burst_increment_linear(15, 124, [2318159892, 867912551, 966153075]);
    write_burst_increment_linear(15, 136, [279661857, 1442238379, 721454934]);
    write_burst_increment_linear(15, 148, [4221116151, 1549032888, 2477276199]);
    write_burst_increment_linear(15, 160, [71047432, 2298945554, 913167212]);
    write_burst_increment_linear(15, 172, [4214758134, 501763899, 195770135]);
    write_burst_increment_linear(15, 184, [1066785663, 1602986431, 966931315]);
    write_burst_increment_linear(15, 196, [2481192487, 4252720890, 2612121143]);
    write_burst_increment_linear(15, 208, [2167771138, 3208630398, 835324771]);
    write_burst_increment_linear(15, 220, [702504275, 979957620, 249088797]);
    write_burst_increment_linear(15, 232, [2916502107, 1613416896, 4119441131]);
    write_burst_increment_linear(15, 224, [3266823301, 88958218, 2416770080, 4253412091, 3119646323, 903085931, 3669492405]);
    write_burst_increment_linear(15, 252, [2135382526, 3789684419, 1491447729, 2260324365, 541201216, 1097333634, 2684047935]);
    write_burst_increment_linear(15, 280, [822512994, 574183748, 2816934479, 822183778, 3624085168, 1207575439, 2018568688]);
    write_burst_increment_linear(15, 308, [1525983669, 3899738320, 710356820, 2196910597, 1513934772, 656105806, 316996389]);
    write_burst_increment_linear(15, 280, [410369840, 1289416601, 2515494443]);
    write_burst_increment_linear(15, 292, [2646662203, 4183127794, 1982674924]);
    write_burst_increment_linear(15, 304, [570478404, 285793058, 4014334686]);
    write_burst_increment_linear(15, 316, [145003793, 3652005043, 1170079115]);
    write_burst_increment_linear(15, 328, [2033876466, 2257015821, 3977993946]);
    write_burst_increment_linear(15, 340, [2687135296, 3604250285, 1342080415]);
    write_burst_increment_linear(15, 92, [874639208, 1712811980, 1599190974, 805991264, 1891901921, 1640351171, 438609204, 1848220636]);
    write_burst_increment_linear(15, 24, [405577008, 981256052, 4059322595, 2145316351]);
    write_burst_increment_linear(15, 40, [2728227909, 2844398675, 3658976436, 1658773957]);
    write_burst_increment_linear(15, 56, [1549524920, 2078005751, 819305313, 2358401049]);
    write_burst_increment_linear(15, 72, [1448695212, 35545348, 2617465400, 1939440103]);
    write_burst_increment_linear(15, 88, [3709146810, 809547616, 2712234563, 2026194929]);
    write_burst_increment_linear(15, 212, [1610831296, 1638999491, 1563869114, 686533457, 1711937996]);
    write_burst_increment_linear(15, 232, [1345366944, 1499613618, 3621245615, 2663693373, 3689212599]);
    write_burst_increment_linear(15, 252, [2683654207, 3688118967, 142552336, 1855316445, 165717267]);
    write_burst_increment_linear(15, 240, [1793052629, 3218536575, 2152653824, 2748751431, 3037011050]);
    write_burst_increment_linear(15, 260, [1370179491, 1575732667, 4038270177, 4077230310, 2049164788]);
    write_burst_increment_linear(15, 280, [1664065478, 1977467371, 1699024842, 2793852493, 1975552]);
    write_burst_increment_linear(15, 300, [3254995076, 3449948827, 4012277982, 4125342955, 858926438]);
    write_burst_increment_linear(15, 320, [3053574764, 2977740386, 725718870, 2371267098, 1033669499]);
    write_burst_increment_linear(15, 340, [3523677348, 2511969323, 4000759516, 3104367730, 2179128323]);
    write_burst_increment_linear(15, 268, [606685000, 1376493988, 3924448979, 2350089752, 2936742494, 3719902907, 694588754, 4003801309]);
    write_burst_increment_linear(15, 300, [2762804809, 3049269355, 1927796709, 2655462460, 2143512575, 2704941634, 800643935, 1935542758]);
    write_burst_increment_linear(15, 332, [804144991, 3234435201, 761666906, 2780110411, 30771971, 3641024690, 2990135396, 2143974911]);
    write_burst_increment_linear(15, 364, [251973406, 296107811, 3480750750, 1155191689, 294087971, 1433408426, 760901466, 1437452715]);
    write_burst_increment_linear(15, 344, [1612817344, 1360719778, 1033492859, 4209474293, 628583242, 2042448371, 1619976641]);
    write_burst_increment_linear(15, 372, [1915640804, 593423686, 273542944, 4042215649, 1703534539, 734181207, 2730163269]);
    write_burst_increment_linear(15, 400, [3386087059, 4043603682, 3075740270, 601509703, 413719345, 742816088, 2128023037]);
    write_burst_increment_linear(15, 160, [2804838990, 2901797977]);
    write_burst_increment_linear(15, 168, [3913997010, 1979591147]);
    write_burst_increment_linear(15, 176, [2351418904, 245412637]);
    write_burst_increment_linear(15, 184, [2414193183, 2360678425]);
    write_burst_increment_linear(15, 192, [4127682284, 3503467169]);
    write_burst_increment_linear(15, 200, [2485496360, 888000873]);
    write_burst_increment_linear(15, 208, [1171545483, 231502619]);
    write_burst_increment_linear(15, 216, [3753101503, 183062805]);
    write_burst_increment_linear(15, 156, [4197339380, 2626816, 990159734, 538561344]);
    write_burst_increment_linear(15, 172, [3427094168, 1706473419, 1854079965, 650331981]);
    write_burst_increment_linear(15, 188, [959743858, 4279916286, 4081132262, 972427123]);
    write_burst_increment_linear(15, 204, [4122735851, 1172030347, 3659947188, 4272083197]);
    write_burst_increment_linear(15, 220, [4216411382, 3016655975, 4222996727, 2587031092]);
    write_burst_increment_linear(15, 236, [98312459, 4271696125, 3274331782, 3287592071]);
    write_burst_increment_linear(15, 252, [53582086, 2853436500, 827493730, 994500982]);
    write_burst_increment_linear(15, 268, [4031821024, 1026526586, 4079800038, 3464838301]);
    write_burst_increment_linear(15, 276, [3736350397, 2841677906, 397740335, 885499753, 200073495, 1924925413, 1894535649, 3144660086]);
    write_burst_increment_linear(15, 308, [1988706285, 560894274, 4072325349, 2601565238, 3239048834, 1577840572, 3623479983, 2348539415]);
    write_burst_increment_linear(15, 340, [3202380413, 2960759392, 381293869, 3105485426, 2074009591, 3983199962, 1485721521, 1892128737]);
    write_burst_increment_linear(15, 208, [3379635858, 865467751, 3872491213, 4266974972, 3589193387]);
    write_burst_increment_linear(15, 228, [750437209, 244203805, 539430208, 3315612299, 2629675577]);
    write_burst_increment_linear(15, 248, [3465868445, 4037343457, 206124312, 3257835140, 2065801206]);
    write_burst_increment_linear(15, 60, [451279669, 805437280, 2297092625, 1795563478]);
    write_burst_increment_linear(15, 76, [549815105, 3342266510, 1067024255, 901530475]);
    write_burst_increment_linear(15, 92, [3612440238, 60510471, 346263849, 1679270344]);
    write_burst_increment_linear(15, 108, [4194619124, 1098312578, 1591963581, 4120898283]);
    write_burst_increment_linear(15, 124, [3091220592, 382487853, 3950982358, 1027966842]);
    write_burst_increment_linear(15, 140, [503734588, 3185885307, 1812250584, 2043520499]);
    write_burst_increment_linear(15, 156, [2658619964, 1184650125, 3427116696, 3271438469]);
    write_burst_increment_linear(15, 172, [1007491960, 3664629940, 1274236311, 2005521391]);
    write_burst_increment_linear(15, 204, [398195503, 2264390669]);
    write_burst_increment_linear(15, 212, [2230024713, 3751869119]);
    write_burst_increment_linear(15, 220, [954520945, 10325249]);
    write_burst_increment_linear(15, 228, [160629011, 559840066]);
    write_burst_increment_linear(15, 236, [4253371131, 281117985]);
    write_burst_increment_linear(15, 244, [3231916673, 2877007446]);
    write_burst_increment_linear(15, 252, [1044056444, 3680664758]);
    write_burst_increment_linear(15, 260, [681863505, 1282186136]);
    write_burst_increment_linear(15, 268, [1332509598, 2516644396]);
    write_burst_increment_linear(15, 276, [465969975, 1861039069]);
    write_burst_increment_linear(15, 196, [2648508475, 2869948502, 3110668402, 3572620969, 2883288151]);
    write_burst_increment_linear(15, 324, [446932789, 1243220372, 2940773470, 2964305505, 505964348, 2544932399, 84350218]);
    write_burst_increment_linear(15, 352, [1959617513, 1466979758, 197206807, 1493871026, 2129988093, 590466886, 2197771781]);
    write_burst_increment_linear(15, 260, [2923929692, 3501585057, 1352873889, 290559778, 2534091310, 2906153050]);
    write_burst_increment_linear(15, 284, [4071036133, 3750189759, 947642736, 1684891080, 1560780730, 2136841726]);
    write_burst_increment_linear(15, 308, [1501065650, 828423010, 750149465, 1851618780, 2469938214, 32497411]);
    write_burst_increment_linear(15, 264, [3695577784, 4221727991]);
    write_burst_increment_linear(15, 272, [860954470, 1390619557]);
    write_burst_increment_linear(15, 280, [303578404, 4098138344]);
    write_burst_increment_linear(15, 288, [3053315691, 2240074763]);
    write_burst_increment_linear(15, 296, [2107716603, 4191597811]);
    write_burst_increment_linear(15, 304, [2856203860, 2968450145]);
    write_burst_increment_linear(15, 312, [3294454920, 1599339454]);
    write_burst_increment_linear(15, 320, [2452220452, 342406440]);
    write_burst_increment_linear(15, 328, [1535578551, 896171882]);
    write_burst_increment_linear(15, 336, [2881264727, 3042574442]);
    write_burst_increment_linear(15, 344, [3394384532, 1619464129]);
    write_burst_increment_linear(15, 352, [879865192, 1865910238]);
    write_burst_increment_linear(15, 360, [1709737419, 3986765019]);
    write_burst_increment_linear(15, 368, [2896179801, 2418978848]);
    write_burst_increment_linear(15, 376, [2200274438, 1908883427]);
    write_burst_increment_linear(15, 384, [1989611501, 2928781917]);
    write_burst_increment_linear(15, 184, [587424582, 2535604782, 74049800, 3487035039]);
    write_burst_increment_linear(15, 200, [1399030694, 1445836204, 132178191, 2584898612]);
    write_burst_increment_linear(15, 216, [3128588404, 53429510, 917532013, 745418072]);
    write_burst_increment_linear(15, 232, [1483042736, 1556033465, 667720015, 3639922353]);
    write_burst_increment_linear(15, 248, [4156707055, 2488233512, 961032050, 3037703274]);
    write_burst_increment_linear(15, 16, [3403931797, 3927264468, 3542195878, 1690995145, 2255374348, 2279013903, 2921613404, 2440865314]);
    write_burst_increment_linear(15, 48, [2053080052, 1480182704, 1600174014, 4282179326, 1488447409, 1177772940, 860727654, 2896936537]);
    write_burst_increment_linear(15, 80, [3139670646, 973221236, 3143865974, 2979041379, 387342638, 4288239871, 3466116765, 3995427036]);
    write_burst_increment_linear(15, 112, [4188532979, 1640813507, 2275220495, 2904751194, 1731173838, 2789032524, 2094427129, 1150087049]);
    write_burst_increment_linear(15, 268, [2168292354, 547714369, 4280254718, 1681100744, 1764870610]);
    write_burst_increment_linear(15, 288, [2323454996, 1520330165, 4262173948, 2694153793, 3029716585]);
    write_burst_increment_linear(15, 308, [59535623, 1740180431, 2106543611, 485075257, 2862485589]);
    write_burst_increment_linear(15, 328, [3073529454, 2529977389, 2233107466, 1922855909, 717995349]);
    write_burst_increment_linear(15, 348, [1489820593, 1548616632, 3784409795, 2238920714, 3991895259]);
    write_burst_increment_linear(15, 368, [751402329, 2461263909, 2225899017, 2235421706, 2840464466]);
    write_burst_increment_linear(15, 104, [3056898156, 587412294]);
    write_burst_increment_linear(15, 112, [1677215687, 3990984923]);
    write_burst_increment_linear(15, 120, [2320081940, 508112188]);
    write_burst_increment_linear(15, 128, [576385348, 273407776]);
    write_burst_increment_linear(15, 136, [3278481030, 2097590266]);
    write_burst_increment_linear(15, 144, [573037892, 1004767607]);
    write_burst_increment_linear(15, 152, [182234389, 2472945190]);
    write_burst_increment_linear(15, 160, [1557367225, 2570839602]);
    write_burst_increment_linear(15, 168, [2775750730, 3859201740]);
    write_burst_increment_linear(15, 176, [1192242574, 3826975944]);
    write_burst_increment_linear(15, 184, [190776598, 4045955810]);
    write_burst_increment_linear(15, 192, [2332673046, 2575674419]);
    write_burst_increment_linear(15, 200, [1674923463, 278380833]);
    write_burst_increment_linear(15, 208, [3160543352, 3834342089]);
    write_burst_increment_linear(15, 216, [2154072576, 1952072680]);
    write_burst_increment_linear(15, 88, [3457815708, 1898606050, 837032803, 2721914436, 592586054]);
    write_burst_increment_linear(15, 108, [2542188079, 3795313860, 3777719490, 4030340320, 1834099162]);
    write_burst_increment_linear(15, 128, [3573577386, 208970520, 2272422414, 2927568988, 1471617967]);
    write_burst_increment_linear(15, 148, [2736168006, 1517304244, 1428032426, 3093814384, 3444766362]);
    write_burst_increment_linear(15, 108, [3863677644, 1132513159]);
    write_burst_increment_linear(15, 116, [1554976185, 634236747]);
    write_burst_increment_linear(15, 124, [1700526538, 3438386841]);
    write_burst_increment_linear(15, 132, [4281492222, 1269077911]);
    write_burst_increment_linear(15, 80, [4086385895, 3067054189]);
    write_burst_increment_linear(15, 88, [1976651243, 1153887113]);
    write_burst_increment_linear(15, 96, [372350252, 3855819979]);
    write_burst_increment_linear(15, 368, [3844704458, 635101003, 1248672148, 1561722810]);
    write_burst_increment_linear(15, 384, [2768146505, 2624643640, 3803011269, 2852873812]);
    write_burst_increment_linear(15, 400, [614586697, 1680651208, 777531228, 3295615624]);
    write_burst_increment_linear(15, 416, [170048276, 2600926262, 2051766260, 945595760]);
    write_burst_increment_linear(15, 432, [2041337843, 2213620231, 274115872, 642143052]);
    write_burst_increment_linear(15, 448, [2292286481, 541158208, 2394360349, 2638294586]);
    write_burst_increment_linear(15, 324, [403768624, 626576714, 908888940, 750319449, 687104337, 2490588712, 431457075, 1792392149]);
    write_burst_increment_linear(15, 356, [3648395442, 962437490, 1338223519, 2009736175, 1384123813, 2607962678]);
    write_burst_increment_linear(15, 380, [2706659906, 3535954597, 99569931, 932203375, 449684789, 2322654740]);
    write_burst_increment_linear(15, 248, [2021776881, 4068573925, 1162592138, 330378535, 4019334879, 1885644256, 3215858303, 1874093535]);
    write_burst_increment_linear(15, 280, [1804544, 40208644, 2591776308, 1439311275, 438327092, 3857754827, 64935175, 1031424378]);
    write_burst_increment_linear(15, 312, [3080177263, 2133870590, 2461436453, 1227910546, 2073675255, 2336774166, 2359248921, 4191677171]);
    write_burst_increment_linear(15, 344, [4064999652, 3427966104, 1791008725, 3795313348, 3716731579, 723160406, 1767430610, 3054447724]);
    write_burst_increment_linear(15, 76, [3505415841, 3942901462, 1228024210]);
    write_burst_increment_linear(15, 88, [1356915617, 282979617, 2988684900]);
    write_burst_increment_linear(15, 100, [732794199, 1412107688, 2695223873]);
    write_burst_increment_linear(15, 112, [3928841428, 771099995, 1459145133]);
    write_burst_increment_linear(15, 124, [234753307, 636354891, 1972627435]);
    write_burst_increment_linear(15, 136, [2389582364, 3344965262, 2780009547]);
    write_burst_increment_linear(15, 140, [1295565210, 1982683116, 1162192266, 2774732874, 2253451276, 2569676338, 4017726686, 2483415080]);
    write_burst_increment_linear(15, 172, [3159642232, 1723252685, 1171321739, 1957597673, 3695955640, 250879773, 2072075255, 3503121569]);
    write_burst_increment_linear(15, 204, [98374923, 4282973950, 526084926, 679379280, 1492554161, 1360911778, 1414950312, 1453703597]);
    write_burst_increment_linear(15, 236, [2352704536, 3126391924, 2967235681, 1019920761, 3090125936, 2073707511, 282474785, 2461325861]);
    write_burst_increment_linear(15, 456, [1975988203, 2581675059]);
    write_burst_increment_linear(15, 232, [555111234, 4069623525, 654021453, 2405673502]);
    write_burst_increment_linear(15, 248, [2340546071, 887260009, 1533510582, 4084911334]);
    write_burst_increment_linear(15, 264, [14656257, 2951733343, 4049893090, 3704362681]);
    write_burst_increment_linear(15, 280, [1100215683, 4188020467, 584040261, 711550292]);
    write_burst_increment_linear(15, 296, [3004696166, 2805429326, 710502228, 3622326959]);
    write_burst_increment_linear(15, 312, [19252482, 2576604723, 1536178103, 3674094261]);
    write_burst_increment_linear(15, 328, [2141445631, 1663638982, 2578300979, 2698787905]);
    write_burst_increment_linear(15, 216, [2269851662, 1462994350, 4125211883, 400614703, 1837610459, 1287532441, 1245010324]);
    write_burst_increment_linear(15, 244, [2020301296, 954082673, 4106445545, 1280980376, 3953013975, 3909524690, 2333968406]);
    write_burst_increment_linear(15, 40, [790352222, 4058473187, 3611102894, 2201014790, 1521362357, 2567826482, 802416479, 4101606120]);
    write_burst_increment_linear(15, 72, [2052142068, 1136273799, 3594572972, 2954508384, 2444911651, 2360315929, 576333636, 982105461]);
    write_burst_increment_linear(15, 16, [395489071, 1615616]);
    write_burst_increment_linear(15, 24, [4196703476, 3328499852]);
    write_burst_increment_linear(15, 32, [3706678457, 2132824574]);
    write_burst_increment_linear(15, 40, [3208640126, 1533060022]);
    write_burst_increment_linear(15, 48, [3030782569, 682315089]);
    write_burst_increment_linear(15, 56, [2408836639, 1786083284]);
    write_burst_increment_linear(15, 64, [2871295062, 1625213889]);
    write_burst_increment_linear(15, 72, [2887827544, 1071606143]);
    write_burst_increment_linear(15, 80, [3843835082, 719370069]);
    write_burst_increment_linear(15, 88, [1933601254, 4151920366]);
    write_burst_increment_linear(15, 340, [1065917311, 1761159121]);
    write_burst_increment_linear(15, 348, [3694346424, 789113694]);
    write_burst_increment_linear(15, 356, [105492748, 1993357805]);
    write_burst_increment_linear(15, 364, [3990846171, 1304591259]);
    write_burst_increment_linear(15, 372, [2654705212, 1375508899]);
    write_burst_increment_linear(15, 380, [296309027, 199774999]);
    write_burst_increment_linear(15, 388, [2771130442, 2544280623]);
    write_burst_increment_linear(15, 396, [2307812883, 3478727326]);
    write_burst_increment_linear(15, 280, [3715465402, 3444693146, 1779167700]);
    write_burst_increment_linear(15, 292, [1962472937, 1134268807, 2560127537]);
    write_burst_increment_linear(15, 304, [1612883904, 1674934215, 1029920634]);
    write_burst_increment_linear(15, 316, [2287490064, 4276484861, 3297996425]);
    write_burst_increment_linear(15, 128, [1574195131, 922792814, 3318279307, 2165744642, 664681807, 4257415931, 476117304]);
    write_burst_increment_linear(15, 156, [2638049850, 2038966771, 1656256453, 3768123073, 2633747513, 1235598739, 526241086]);
    write_burst_increment_linear(15, 184, [2900331609, 1408487335, 1748199376, 1905361379, 3567905961, 3622786223, 1677873608]);
    write_burst_increment_linear(15, 272, [2208589319, 682537809]);
    write_burst_increment_linear(15, 280, [608769352, 3620149935]);
    write_burst_increment_linear(15, 288, [4283979518, 1247406484]);
    write_burst_increment_linear(15, 296, [26621187, 427414322]);
    write_burst_increment_linear(15, 304, [1739951055, 3436113049]);
    write_burst_increment_linear(15, 188, [3692624056, 2074151927, 902643051, 3150786679, 4258073339, 2961413729, 2632377401, 1090403201]);
    write_burst_increment_linear(15, 280, [744340312, 35648260, 1129689478, 4089882855, 4069710565, 2369093146]);
    write_burst_increment_linear(15, 304, [1202623887, 3613407918, 2489681448, 2186969092, 2032371186, 1371155363]);
    write_burst_increment_linear(15, 328, [246050077, 3499668129, 2097941498, 3356201104, 1458501549, 3031143529]);
    write_burst_increment_linear(15, 28, [4236009208, 3730033340, 337901352, 3901778129, 4166914288]);
    write_burst_increment_linear(15, 48, [3099844209, 3277843590, 1026550138, 1443455916, 3231790721]);
    write_burst_increment_linear(15, 68, [2792704588, 2297183761, 3780694722, 3358401168, 3096046193]);
    write_burst_increment_linear(15, 400, [1149726089, 741398360, 3013524583]);
    write_burst_increment_linear(15, 412, [2696913985, 381102893, 2787226188]);
    write_burst_increment_linear(15, 424, [1880027104, 1788252629, 2384346652]);
    write_burst_increment_linear(15, 436, [2493026857, 1322167709, 1175764876]);
    write_burst_increment_linear(15, 448, [3919152851, 1637721539, 3466933917]);
    write_burst_increment_linear(15, 48, [2309194771, 154260754, 3093226608, 1473431983, 3458225820, 137827600]);
    write_burst_increment_linear(15, 72, [1930785254, 2901865049, 4252247290, 4261955324, 489758522, 4238966521]);
    write_burst_increment_linear(15, 96, [1819618776, 4148131566, 2896793177, 1830705626, 1102277507, 552956737]);
    write_burst_increment_linear(15, 24, [3381511315, 1563024826, 2513067563, 2540713518, 742570840, 2375004699, 1507403699]);
    write_burst_increment_linear(15, 52, [508263740, 2473680422, 805714784, 4260457211, 81095433, 497384763, 2681982015]);
    write_burst_increment_linear(15, 340, [1474987951, 3549812391, 3769230529, 1807686615, 347357993]);
    write_burst_increment_linear(15, 32, [507420988, 88475914, 3452995227, 3952931543, 2511272491]);
    write_burst_increment_linear(15, 52, [3084897903, 1770108371, 3309939338, 1655073733, 3684457655]);
    write_burst_increment_linear(15, 72, [650653517, 1714972620, 475909944, 1211095440, 321336614]);
    write_burst_increment_linear(15, 92, [2257333773, 176276245, 3267310213, 3643522738, 3723941051]);
    write_burst_increment_linear(15, 112, [432973107, 3402372245, 3580398250, 3179601531, 1617726400]);
    write_burst_increment_linear(15, 132, [1138814343, 2972849762, 2217319432, 2383107612, 2818368591]);
    write_burst_increment_linear(15, 356, [784329053, 355341098, 1586373565, 261737247, 358000426, 552484673, 3038920810]);
    write_burst_increment_linear(15, 384, [134998288, 4079388902, 823040354, 2630729785, 3271285381, 3342449294, 821058401]);
    write_burst_increment_linear(15, 412, [3195646076, 1688485321, 711666516, 2447279139, 2650659387, 1110403972, 3528622756]);
    write_burst_increment_linear(15, 440, [503959356, 1508691379, 3558047912, 1357918625, 826586978, 2787102796, 1949195240]);
    write_burst_increment_linear(15, 20, [60921095, 2946758751, 4043575522]);
    write_burst_increment_linear(15, 32, [1134625159, 1416530344, 3243420802]);
    write_burst_increment_linear(15, 44, [2893167192, 477070648, 4073871077]);
    write_burst_increment_linear(15, 56, [1971381739, 2256236556, 1692061129]);
    write_burst_increment_linear(15, 68, [2858538580, 1032768891, 1465840558]);
    write_burst_increment_linear(15, 80, [3113345651, 3806701253, 17650434]);
    write_burst_increment_linear(15, 80, [1453990317, 698253651, 3757402815, 911697772]);
    write_burst_increment_linear(15, 96, [1507567027, 3206137470, 477738296, 2920631900]);
    write_burst_increment_linear(15, 112, [3377268882, 585484101, 1657896389, 1079998336]);
    write_burst_increment_linear(15, 128, [3658102964, 1451916717, 3501035681, 2049260020]);
    write_burst_increment_linear(15, 144, [3949716182, 3771049153, 2861136469, 74560776]);
    write_burst_increment_linear(15, 368, [4152869615, 3720810683, 3257596036, 2720842820, 3854434507]);
    write_burst_increment_linear(15, 12, [2048576500, 3983208666]);
    write_burst_increment_linear(15, 20, [2061411829, 1425455017]);
    write_burst_increment_linear(15, 28, [1185955213, 3384494227]);
    write_burst_increment_linear(15, 36, [1424574889, 504317756]);
    write_burst_increment_linear(15, 44, [515388221, 623895370]);
    write_burst_increment_linear(15, 52, [386238254, 1003403127]);
    write_burst_increment_linear(15, 60, [410011952, 2349508632]);
    write_burst_increment_linear(15, 68, [1459182509, 2810957903]);
    write_burst_increment_linear(15, 76, [313907493, 255478046]);
    write_burst_increment_linear(15, 84, [1856012253, 986194293]);
    write_burst_increment_linear(15, 92, [1516372916, 1527131574]);
    write_burst_increment_linear(15, 100, [1604875199, 2562454065]);
    write_burst_increment_linear(15, 108, [3412434582, 2793046604]);
    write_burst_increment_linear(15, 116, [151810322, 1319261597]);
    write_burst_increment_linear(15, 124, [2309310995, 3885249743]);
    write_burst_increment_linear(15, 268, [2016210928, 1887582177, 3930633428, 9831169, 396827951, 2297116689]);
    write_burst_increment_linear(15, 292, [3451423387, 2769225290, 4116311274, 4120294635, 72524040, 1179388812]);
    write_burst_increment_linear(15, 316, [800934751, 529049407, 3591618220, 739797336, 4099268328, 3803892421]);
    write_burst_increment_linear(15, 340, [3565384873, 1310409116, 744560984, 2413337119, 3393195668, 1123249029]);
    write_burst_increment_linear(15, 364, [1648436676, 532371263, 1095407490, 2803074126, 1269362071, 346421033]);
    write_burst_increment_linear(15, 300, [1161902986, 4249051898, 2608904247, 3333890701]);
    write_burst_increment_linear(15, 316, [2371328538, 978157428, 470928184, 711141204]);
    write_burst_increment_linear(15, 332, [542201152, 1421162921, 1080737152, 3141147254]);
    write_burst_increment_linear(15, 368, [2924914268, 2781643851, 2870180438, 1964339178, 1156331401]);
    write_burst_increment_linear(15, 388, [1678718408, 412867377, 1999185902, 2813523535, 1441770923]);
    write_burst_increment_linear(15, 408, [2826799184, 3531648677, 3339965582, 1064234366, 1481527728]);
    write_burst_increment_linear(15, 220, [389988654, 2330484245, 1711495116, 812018528, 1587946429]);
    write_burst_increment_linear(15, 240, [1522040757, 2162397697, 1424843689, 1900970978, 960782194]);
    write_burst_increment_linear(15, 260, [2962823777, 1239978387, 2374020635, 2234734602, 2631179321]);
    write_burst_increment_linear(15, 280, [4237144313, 500183355, 2697497665, 2042594291, 3095673969]);
    write_burst_increment_linear(15, 300, [3030865001, 2097075193, 3647469746, 1466004910, 1586702781]);
    write_burst_increment_linear(15, 320, [1550109112, 3790400707, 3722727611, 2538567726, 2847459923]);
    write_burst_increment_linear(15, 200, [2118448636, 2426649121, 3696209080, 563770691, 872096615, 2171808770]);
    write_burst_increment_linear(15, 224, [2904744538, 1249279380, 525398334, 502418235, 2452171812, 1310043548]);
    write_burst_increment_linear(15, 212, [3088160368, 3735853757, 2884828759, 91207434, 3141173366, 1701605322, 637021003]);
    write_burst_increment_linear(15, 240, [734571351, 3923999443, 1362613154, 2957784160, 1061037950, 4042149601, 1446716332]);
    write_burst_increment_linear(15, 268, [790677854, 760406874, 1637321667, 1628339138, 3987754715, 2538298414, 1443002796]);
    write_burst_increment_linear(15, 296, [1993455597, 2158622209, 2661929021, 2089100793, 2634575930, 2640161338, 1869233118]);
    write_burst_increment_linear(15, 272, [3288225415, 825207650, 2017040368, 3365841553]);
    write_burst_increment_linear(15, 288, [1594466238, 892165482, 1030355834, 2281410063]);
    write_burst_increment_linear(15, 392, [3528043684, 3467930269, 419616562, 15428353, 433108787, 4189037811, 2158295041]);
    write_burst_increment_linear(15, 420, [1522332085, 809571168, 59866375, 3132501109, 3996400348, 2669670462, 4214894326]);
    write_burst_increment_linear(15, 448, [1339195295, 417522481, 1425227177, 2598614581, 1312079260, 138037520, 3542982310]);
    write_burst_increment_linear(15, 476, [169726228, 1820488153, 4075259109, 3369764497, 1971976683, 391636782, 233797403]);
    write_burst_increment_linear(15, 192, [1502263219, 1945982951, 327098662]);
    write_burst_increment_linear(15, 204, [795152222, 566338371, 2115098108]);
    write_burst_increment_linear(15, 216, [2931808349, 2215842824, 3469235869]);
    write_burst_increment_linear(15, 228, [393086766, 1599737790, 4203581173]);
    write_burst_increment_linear(15, 240, [1629138882, 3379370642, 4035706593]);
    write_burst_increment_linear(15, 252, [3098970225, 3042460778, 4140498157]);
    write_burst_increment_linear(15, 264, [3922568403, 1299106714, 1809873367]);
    write_burst_increment_linear(15, 276, [1066423679, 2395781661, 2036459506]);
    write_burst_increment_linear(15, 36, [1116873605, 3690259127, 1924916197, 1273950615, 3735326397]);
    write_burst_increment_linear(15, 56, [838504803, 1300180890, 2966832225, 3219977343, 2897594969]);
    write_burst_increment_linear(15, 152, [1554558393, 1850682844, 2229079561, 2892014168, 2457670180, 3089725040, 139934992]);
    write_burst_increment_linear(15, 100, [1298137498, 3577383594, 1109432708, 845692260, 3804436165, 2468743718, 3448123547]);
    write_burst_increment_linear(15, 128, [2489503784, 2786982476, 2209615367, 2826059344, 3970487513, 3915114194, 1850712540]);
    write_burst_increment_linear(15, 156, [4281948926, 2733061701, 1710348747, 3262286980, 297788195, 3584532651, 970624883]);
    write_burst_increment_linear(15, 184, [4184957170, 3755340479, 201097495, 3931275476, 1392994214, 1095985026, 4025286879]);
    write_burst_increment_linear(15, 8, [2107706875, 3537030821, 1399847846, 2029169137, 3545060006, 1924719077]);
    write_burst_increment_linear(15, 32, [556196162, 1684467656, 2380217371, 748790617, 2476059175, 1885309920]);
    write_burst_increment_linear(15, 56, [1583937468, 3830861000, 2263703565, 2042566131, 1145925512, 235527964]);
    write_burst_increment_linear(15, 80, [2597180469, 1020783481, 2553040432, 1767182802, 3121712244, 1875388895]);
    write_burst_increment_linear(15, 104, [3549299879, 2717016131, 1566169530, 680896849, 3243227778, 2453277220]);
    write_burst_increment_linear(15, 4, [2740849222, 2716277315, 2051975668, 2513934379, 2271616014, 3065800301]);
    write_burst_increment_linear(15, 360, [386856238, 750044505, 3197389437, 1821779417, 3067466349, 369344300, 2378815003]);
    write_burst_increment_linear(15, 388, [2690011712, 416729905, 2515919403, 1923231717, 878904680, 4235356920, 1610043327]);
    write_burst_increment_linear(15, 264, [4282113278, 1223271825, 3821116103]);
    write_burst_increment_linear(15, 276, [3473509534, 3533384869, 2996821605]);
    write_burst_increment_linear(15, 288, [70891784, 108521740, 741120344]);
    write_burst_increment_linear(15, 300, [966725491, 1166198667, 322870054]);
    write_burst_increment_linear(15, 312, [816003937, 1975559659, 3073655918]);
    write_burst_increment_linear(15, 324, [2667049021, 3530158244, 3485650079]);
    write_burst_increment_linear(15, 336, [231959323, 945878384, 75454728]);
    write_burst_increment_linear(15, 348, [1735684558, 806304096, 2019914736]);
    write_burst_increment_linear(15, 360, [17943298, 2325822485, 1841063899]);
    write_burst_increment_linear(15, 64, [1553036217, 4100051176, 2017329648, 1867694046]);
    write_burst_increment_linear(15, 80, [379754797, 4177987314, 3407822486, 2066386934]);
    write_burst_increment_linear(15, 96, [1453184429, 855271781, 4035213537, 3392910484]);
    write_burst_increment_linear(15, 112, [2915492443, 570786116, 82757897, 3663045300]);
    write_burst_increment_linear(15, 128, [3484630175, 2821233744, 1383533988, 546078529]);
    write_burst_increment_linear(15, 144, [2948997727, 4058432739, 833216867, 1164261770]);
    write_burst_increment_linear(15, 140, [1371634595, 3289987208, 2278962191, 3672926389]);
    write_burst_increment_linear(15, 156, [3096162929, 2415961120, 4207366901, 1117001093]);
    write_burst_increment_linear(15, 172, [3911387858, 2157250561, 2393583645, 521027902]);
    write_burst_increment_linear(15, 188, [3599199917, 398614831, 1162254730, 2773370954]);
    write_burst_increment_linear(15, 204, [2672135230, 2632608825, 4201191156, 4037232353]);
    write_burst_increment_linear(15, 220, [1109577604, 2258675213, 2608395830, 2580813875]);
    write_burst_increment_linear(15, 236, [193552663, 2519091244, 1975470059, 1174100875]);
    write_burst_increment_linear(15, 252, [666120527, 547771201, 3883126990, 153315602]);
    write_burst_increment_linear(15, 472, [950165361, 4137547501]);
    write_burst_increment_linear(15, 480, [1987724780, 1480099760]);
    write_burst_increment_linear(15, 488, [154540306, 921863533]);
    write_burst_increment_linear(15, 496, [3545294502, 944638320]);
    write_burst_increment_linear(15, 504, [350237481, 1255047061]);
    write_burst_increment_linear(15, 64, [1549046712, 3416615063, 3753990847, 1496888754]);
    write_burst_increment_linear(15, 80, [104868620, 1815379928, 3451978395, 2440631330]);
    write_burst_increment_linear(15, 96, [3075568238, 1621877185, 37910788, 2783691851]);
    write_burst_increment_linear(15, 16, [3658031284, 801474399]);
    write_burst_increment_linear(15, 24, [3468504733, 1448919468]);
    write_burst_increment_linear(15, 32, [2624930872, 2181851652]);
    write_burst_increment_linear(15, 40, [775312732, 395143983]);
    write_burst_increment_linear(15, 48, [1931218406, 2774085194]);
    write_burst_increment_linear(15, 56, [479081785, 1246204820]);
    write_burst_increment_linear(15, 64, [2936869982, 3927424724]);
    write_burst_increment_linear(15, 72, [1730989006, 2929460829]);
    write_burst_increment_linear(15, 80, [3289888392, 4043360482]);
    write_burst_increment_linear(15, 88, [3467629213, 1097224578]);
    write_burst_increment_linear(15, 96, [3760657088, 2344990231]);
    write_burst_increment_linear(15, 104, [2896611417, 2144911359]);
    write_burst_increment_linear(15, 240, [2177391107, 1911758819, 3050090603, 2844731987, 918090093, 617400649]);
    write_burst_increment_linear(15, 264, [2782484043, 745821016, 3517516963, 2245859851, 2247036427, 1902958562]);
    write_burst_increment_linear(15, 288, [798883167, 591262022, 1290733977, 3322213516, 3304049801, 2886526552]);
    write_burst_increment_linear(15, 348, [1443321772, 2564959793, 381791533, 3132094069, 1659265477, 1137406855, 271548704]);
    write_burst_increment_linear(15, 376, [3734513853, 561700162, 3886229711, 3976683226, 2326325781, 2257152013, 499530555]);
    write_burst_increment_linear(15, 404, [548290881, 1133250439, 963010930, 2305709074, 4195280116, 3804629701, 2958155872]);
    write_burst_increment_linear(15, 432, [962454386, 2522203692, 2202157062, 3096691825, 306975524, 2506957354, 1419687849]);
    write_burst_increment_linear(15, 268, [2704815170, 675866448]);
    write_burst_increment_linear(15, 276, [3683697847, 4036163809]);
    write_burst_increment_linear(15, 284, [318130981, 4209942261]);
    write_burst_increment_linear(15, 232, [2009573871, 3042757226, 3125625972]);
    write_burst_increment_linear(15, 244, [1597779390, 2082907128, 41808644]);
    write_burst_increment_linear(15, 256, [1418315177, 1962201065, 3821922503]);
    write_burst_increment_linear(15, 268, [3357311632, 843376996, 2802563150]);
    write_burst_increment_linear(15, 280, [323720998, 3748718782, 2401839134]);
    write_burst_increment_linear(15, 68, [2893988440, 1370247075, 1952799720, 3002114149]);
    write_burst_increment_linear(15, 84, [560444226, 3021788264, 2228512265, 2359594009]);
    write_burst_increment_linear(15, 100, [2228990473, 1032933755, 4256681211, 1270316439]);
    write_burst_increment_linear(15, 212, [3594624172, 2191038981, 3990494939, 2806172750, 537647936, 475642680, 4207625973, 1811636695]);
    write_burst_increment_linear(15, 244, [2608586806, 2882427479, 1741821903, 3795991748, 3342867598, 3927898324, 77977865, 4206574837]);
    write_burst_increment_linear(15, 124, [1756233169, 2738004038]);
    write_burst_increment_linear(15, 288, [3417670295, 3629375152, 1507395507, 4240042745]);
    write_burst_increment_linear(15, 304, [3117271155, 58739463, 2603911734, 2110853627]);
    write_burst_increment_linear(15, 320, [1827250137, 2980143715, 3503996577, 408282928]);
    write_burst_increment_linear(15, 336, [3196580477, 1800806358, 1894215649, 2514929707]);
    write_burst_increment_linear(15, 352, [2300866066, 425934130, 2591105588, 2360201753]);
    write_burst_increment_linear(15, 368, [1273201047, 3513727650, 2484415016, 3514622114]);
    write_burst_increment_linear(15, 356, [296324899, 1290719641, 2335078934, 1246438292, 1890138081]);
    write_burst_increment_linear(15, 376, [73115912, 3417536663, 3005574246, 3312253066, 2529444909]);
    write_burst_increment_linear(15, 396, [4120036587, 3707942586, 3548228774, 1743573455, 253729054]);
    write_burst_increment_linear(15, 416, [1318457757, 2614620215, 2987014756, 1354167713, 3743499454]);
    write_burst_increment_linear(15, 212, [3762348224, 3188086908]);
    write_burst_increment_linear(15, 220, [3564311720, 189917974]);
    write_burst_increment_linear(15, 228, [578301764, 3780277442]);
    write_burst_increment_linear(15, 236, [292035874, 1423720361]);
    write_burst_increment_linear(15, 244, [1618820032, 3654291123]);
    write_burst_increment_linear(15, 252, [171782420, 2117503484]);
    write_burst_increment_linear(15, 260, [1564791738, 4293035775]);
    write_burst_increment_linear(15, 268, [3996057308, 464684343]);
    write_burst_increment_linear(15, 276, [3234758785, 1632171458]);
    write_burst_increment_linear(15, 284, [2410868767, 399748399]);
    write_burst_increment_linear(15, 292, [2142278655, 3359258768]);
    write_burst_increment_linear(15, 300, [2179150851, 3200991357]);
    write_burst_increment_linear(15, 308, [1499730866, 3124816500]);
    write_burst_increment_linear(15, 316, [1521136565, 4155783407]);
    write_burst_increment_linear(15, 324, [3109080178, 1255631253]);
    write_burst_increment_linear(15, 240, [1573113787, 3557218472, 4194241267, 782689117, 3040082026, 3029407337, 197369111]);
    write_burst_increment_linear(15, 268, [4134900972, 3885596879, 3241525890, 855049573, 1587557309, 424003378, 2361885721]);
    write_burst_increment_linear(15, 244, [1571933627, 3665495732, 940973424, 620672329, 1097123714, 1079793536, 2409415199, 3087586416]);
    write_burst_increment_linear(15, 276, [2759941193, 2810572367, 3746432190, 3385630867, 2613393975, 4187391731, 114453261, 2405315614]);
    write_burst_increment_linear(15, 308, [3384200339, 2611911735, 595150150, 3558436008, 2366717978, 384593197, 3347357327, 494789434]);
    write_burst_increment_linear(15, 56, [1925904357, 800930655, 275704096, 2996223077]);
    write_burst_increment_linear(15, 72, [1683734984, 3319323275, 1237372819, 2802538574]);
    write_burst_increment_linear(15, 88, [2932023389, 4178151666, 1871372255, 999826807]);
    write_burst_increment_linear(15, 104, [2510794283, 128333071, 3278115462, 2633034297]);
    write_burst_increment_linear(15, 120, [3529492644, 444762421, 1653156293, 105134348]);
    write_burst_increment_linear(15, 136, [2991426148, 1083896705, 2325257237, 1472682415]);
    write_burst_increment_linear(15, 108, [872568680, 435500339, 1887794145]);
    write_burst_increment_linear(15, 120, [1384206245, 4024172767, 1047140220]);
    write_burst_increment_linear(15, 132, [1923621861, 2057061877, 1634066882]);
    write_burst_increment_linear(15, 144, [176328469, 2571114034, 232589595]);
    write_burst_increment_linear(15, 156, [1500005810, 645889356, 3345578638]);
    write_burst_increment_linear(15, 168, [2215564296, 1403926439, 261454111]);
    write_burst_increment_linear(15, 76, [2491998249, 3280012935]);
    write_burst_increment_linear(15, 84, [555695426, 1447475116]);
    write_burst_increment_linear(15, 92, [1644810692, 3486205599]);
    write_burst_increment_linear(15, 100, [4243918585, 241769756]);
    write_burst_increment_linear(15, 108, [4207944949, 2356618776]);
    write_burst_increment_linear(15, 300, [4044133090, 1002118519, 1869378014]);
    write_burst_increment_linear(15, 312, [706422612, 1025522042, 3427339928]);
    write_burst_increment_linear(15, 324, [1509013427, 28462339, 3036643945]);
    write_burst_increment_linear(15, 336, [1795666390, 3355762832, 1227606418]);
    write_burst_increment_linear(15, 348, [2535234606, 295713571, 2050422772]);
    write_burst_increment_linear(15, 360, [2655662652, 3057284204, 1478864304]);
    write_burst_increment_linear(15, 372, [713542485, 3158304888, 3831018696]);
    write_burst_increment_linear(15, 384, [269532960, 1949426664, 1980434412]);
    write_burst_increment_linear(15, 448, [4237387513, 143450385, 3743381694, 3165248121, 2356979736, 2073945079]);
    write_burst_increment_linear(15, 472, [3817691335, 3166605433, 1607870399, 3267198597, 237849372, 4019338463]);
    write_burst_increment_linear(15, 316, [1471753135, 3485467295, 515567933, 133632783, 4253706491, 1983765996, 2916736091, 595140934]);
    write_burst_increment_linear(15, 348, [2922102876, 1904009698, 379688237, 3860181708, 157139218, 29961475, 3480256158, 1357201825]);
    write_burst_increment_linear(15, 380, [2852631124, 1026988922, 1683606472, 3028158568, 4119044843, 3950824150, 2991678564, 1328547742]);
    write_burst_increment_linear(15, 4, [620819786, 2711580739, 4111243498, 1978067947]);
    write_burst_increment_linear(15, 368, [3772543681, 2999670885, 3623914160, 2280158735, 388462382]);
    write_burst_increment_linear(15, 388, [4290316031, 819292513, 1480051120, 1072931711, 904271211]);
    write_burst_increment_linear(15, 408, [3944894166, 1421624233, 2853528148, 2867396693, 2964620897]);
    write_burst_increment_linear(15, 428, [800571231, 1215686032, 3870688973, 53222662, 3807370437]);
    write_burst_increment_linear(15, 448, [3275691142, 2681938495, 1141366664, 3175741050, 1237818259]);
    write_burst_increment_linear(15, 468, [3514568866, 460412726, 271001376, 289335586, 3876473550]);
    write_burst_increment_linear(15, 304, [3117748339, 2951830111, 2143420415, 641417036, 3692911288]);
    write_burst_increment_linear(15, 324, [442286388, 2422775840, 2447826979, 1849288668, 450333493]);
    write_burst_increment_linear(15, 344, [4200351476, 1902541282, 2034185202, 2098530810, 1124914054]);
    write_burst_increment_linear(15, 64, [3175997050, 1753150928, 315010853, 3450801819, 2767373897, 778335068]);
    write_burst_increment_linear(15, 92, [3780056258, 2191700997, 2446601251]);
    write_burst_increment_linear(15, 104, [3097253489, 453576502, 550254401]);
    write_burst_increment_linear(15, 116, [3618954415, 3326245004, 2603431478]);
    write_burst_increment_linear(15, 128, [3286114439, 1050265469, 3053938284]);
    write_burst_increment_linear(15, 140, [2316520980, 3653839539, 3319101579]);
    write_burst_increment_linear(15, 152, [3122740340, 4168858864, 4263498492]);
    write_burst_increment_linear(15, 164, [3993058524, 3794654916, 1207675791]);
    write_burst_increment_linear(15, 176, [345134377, 977870708, 2165231618]);
    write_burst_increment_linear(15, 116, [1451591085, 2491840553, 977835892, 4022546655]);
    write_burst_increment_linear(15, 132, [412029745, 4281299198, 811437408, 106379532]);
    write_burst_increment_linear(15, 148, [3095417457, 2487490600, 1198051214, 1302531995]);
    write_burst_increment_linear(15, 164, [2145510399, 3256180356, 3727905980, 3714350778]);
    write_burst_increment_linear(15, 180, [3775667906, 4061195492, 2672548926, 1165236106]);
    write_burst_increment_linear(15, 256, [3461423260, 1947388904]);
    write_burst_increment_linear(15, 264, [2962576481, 1336320927]);
    write_burst_increment_linear(15, 272, [3765283008, 4037718753]);
    write_burst_increment_linear(15, 280, [341132584, 3762231488]);
    write_burst_increment_linear(15, 288, [3728374972, 1744451023]);
    write_burst_increment_linear(15, 296, [734375767, 3288989832]);
    write_burst_increment_linear(15, 304, [2096310265, 2362208281]);
    write_burst_increment_linear(15, 312, [2415393823, 3698775736]);
    write_burst_increment_linear(15, 320, [1747580368, 2099527674]);
    write_burst_increment_linear(15, 328, [1247960468, 3915568338]);
    write_burst_increment_linear(15, 476, [1851062748, 2727667269, 2775500362]);
    write_burst_increment_linear(15, 288, [3522820259, 3461534876, 1080059264, 3571233449]);
    write_burst_increment_linear(15, 304, [1538502583, 1004416887, 1718903756, 1421927337]);
    write_burst_increment_linear(15, 320, [2325316629, 1260107158, 1094449026, 1020181881]);
    write_burst_increment_linear(15, 448, [927452526, 3025845864, 3300964489, 254185246]);
    write_burst_increment_linear(15, 464, [2753846856, 2810190415, 3153841783, 510807356]);
    write_burst_increment_linear(15, 480, [2036302322, 2321384980, 304628004, 3548057254]);
    write_burst_increment_linear(15, 496, [2785213516, 321347366, 3017783911, 520852286]);
    write_burst_increment_linear(15, 224, [2385531932, 2759587400, 4161307376, 2389587996, 3736309949]);
    write_burst_increment_linear(15, 244, [60476679, 2303936018, 1989433325, 3512287906, 1846324188]);
    write_burst_increment_linear(15, 264, [1852401116, 670804815, 1977296875, 2786664524, 1756495313]);
    write_burst_increment_linear(15, 32, [3565938345, 866677095, 1515140020, 2279457295]);
    write_burst_increment_linear(15, 48, [3492397216, 2407725087, 2296222225, 1803994583]);
    write_burst_increment_linear(15, 64, [3056461420, 484501817, 1924700133, 3515092643]);
    write_burst_increment_linear(15, 80, [2282124304, 3025841768, 3010115174, 3423005336]);
    write_burst_increment_linear(15, 44, [89351434, 3813669062]);
    write_burst_increment_linear(15, 52, [215426841, 1506738611]);
    write_burst_increment_linear(15, 60, [1808550871, 4216579318]);
    write_burst_increment_linear(15, 68, [1747088336, 2472206374]);
    write_burst_increment_linear(15, 76, [2092902393, 3209308798]);
    write_burst_increment_linear(15, 84, [447922997, 891900266]);
    write_burst_increment_linear(15, 92, [4193273587, 2638193210]);
    write_burst_increment_linear(15, 100, [3355460240, 1823574489]);
    write_burst_increment_linear(15, 108, [2514924587, 1928653797]);
    write_burst_increment_linear(15, 116, [1731453390, 632588619]);
    write_burst_increment_linear(15, 288, [1396246950, 2434100258, 2928417373, 4239188729]);
    write_burst_increment_linear(15, 100, [398712623, 3597024940, 507686716, 1258789782, 268183327]);
    write_burst_increment_linear(15, 120, [3218418815, 2615515703, 402674992, 2412144671, 2609515575]);
    write_burst_increment_linear(15, 156, [1156340105, 2305933330]);
    write_burst_increment_linear(15, 164, [2526236205, 1536902583]);
    write_burst_increment_linear(15, 172, [2169589762, 4258419963]);
    write_burst_increment_linear(15, 180, [1127679366, 2706569282]);
    write_burst_increment_linear(15, 188, [1563946426, 1747936720]);
    write_burst_increment_linear(15, 196, [939837296, 3742291134]);
    write_burst_increment_linear(15, 204, [860154726, 2013231599]);
    write_burst_increment_linear(15, 212, [2282139664, 4082321126]);
    write_burst_increment_linear(15, 220, [1493092785, 4198490356]);
    write_burst_increment_linear(15, 336, [3200297085, 787623261]);
    write_burst_increment_linear(15, 344, [236672796, 77842697]);
    write_burst_increment_linear(15, 136, [790669150, 183059221, 3575469738, 2042989555]);
    write_burst_increment_linear(15, 152, [338023208, 3732597948, 1367272354, 2635167290]);
    write_burst_increment_linear(15, 168, [535201599, 3321407115, 3446148762, 3522707619]);
    write_burst_increment_linear(15, 48, [258708766, 1637105603, 3885643471, 2146318335, 3211123326]);
    write_burst_increment_linear(15, 68, [1237875091, 3130909813, 1472410543, 1633043394, 2491329576]);
    write_burst_increment_linear(15, 296, [1165154186, 1183140237, 2222916616, 2414208031, 3403068053]);
    write_burst_increment_linear(15, 316, [85808906, 3947385558, 1727477709, 923646830, 2179188739]);
    write_burst_increment_linear(15, 288, [2695997505, 1509951924, 423344434, 4112778986, 659473230, 984835957, 2193719813]);
    write_burst_increment_linear(15, 316, [148832529, 1832756698, 1035644283, 2482806311, 4074543333, 1179097484, 2149824000]);
    write_burst_increment_linear(15, 344, [556940610, 1572670395, 3016272487, 3510640290, 4020783327, 3145355894, 2830870609]);
    write_burst_increment_linear(15, 136, [3968212185, 1368670627, 448336693, 3722187963, 3900986065, 1006498679, 3757010111]);
    write_burst_increment_linear(15, 192, [590701382, 1207745935, 887552873, 264740639]);
    write_burst_increment_linear(15, 208, [1655218629, 803026271, 3259089028, 2766410313]);
    write_burst_increment_linear(15, 224, [2955907680, 309537572, 3356818064, 1124608902]);
    write_burst_increment_linear(15, 240, [1071998847, 918346605, 1157805450, 412320049]);
    write_burst_increment_linear(15, 260, [2477093927, 354033962, 1501632435]);
    write_burst_increment_linear(15, 272, [1350276000, 1232674706, 438509876]);
    write_burst_increment_linear(15, 284, [3569933481, 1932824550, 2038521843]);
    write_burst_increment_linear(15, 92, [1212468624, 670907215, 442622260, 4154777839, 2381956635, 616099657, 3108427378]);
    write_burst_increment_linear(15, 120, [3422457495, 3571607721, 1595324862, 46410501, 1457393581, 3815280326, 4127703788]);
    write_burst_increment_linear(15, 200, [306051364, 3088227440, 4096620264, 1285789081, 1075317120, 2447733283]);
    write_burst_increment_linear(15, 224, [3965040344, 1349447072, 4132265196, 2215384584, 1858894813, 2491202088]);
    write_burst_increment_linear(15, 68, [3873543885, 3953869527, 2878043223, 3881859278, 2772557386]);
    write_burst_increment_linear(15, 88, [2324327445, 1674832839, 2613840951, 690859858, 4157213935]);
    write_burst_increment_linear(15, 108, [3121060980, 4118467306, 2688344640, 1211190672, 2598422581]);
    write_burst_increment_linear(15, 128, [916117357, 1810568663, 1856510429, 1024682874, 1293477786]);
    write_burst_increment_linear(15, 148, [3845366986, 3424853656, 1565081018, 2808908878, 535669567]);
    write_burst_increment_linear(15, 264, [166201107, 3137356406, 73017608, 942706032, 29708547, 3193404028, 1454472109]);
    write_burst_increment_linear(15, 292, [3891380431, 3247957635, 2713000515, 3392957588, 1862416862, 960357746, 3714158778]);
    write_burst_increment_linear(15, 100, [117049101, 1299507098, 3685281975, 1759463377]);
    write_burst_increment_linear(15, 424, [1196270990, 2899534937]);
    write_burst_increment_linear(15, 432, [2221176840, 2501382698]);
    write_burst_increment_linear(15, 440, [2909624410, 3309462666]);
    write_burst_increment_linear(15, 448, [3094730352, 2282971152]);
    write_burst_increment_linear(15, 456, [1388003749, 34707204]);
    write_burst_increment_linear(15, 464, [549978433, 1726939085]);
    write_burst_increment_linear(15, 472, [2372401690, 2082071544]);
    write_burst_increment_linear(15, 480, [2467032614, 1227929490]);
    write_burst_increment_linear(15, 412, [2935559773, 3632990897, 2130003453, 1648742340]);
    write_burst_increment_linear(15, 428, [160393491, 1461803438, 3472486557, 1588230077]);
    write_burst_increment_linear(15, 444, [3937253589, 2001627630, 3962759896, 2727760965]);
    write_burst_increment_linear(15, 292, [2884575831, 4105193193, 711325524, 373109036, 437018932, 3681705142]);
    write_burst_increment_linear(15, 316, [3824053447, 220600602, 2368947738, 4065337572, 977376628, 2366274586]);
    write_burst_increment_linear(15, 304, [2524317740, 2172633602, 4043875554, 378347821, 1469917615]);
    write_burst_increment_linear(15, 324, [1269862295, 548879681, 3139533942, 147393297, 1211725200]);
    write_burst_increment_linear(15, 404, [696807763, 2663732285, 2080339447, 3062071405, 1419853737, 831335779]);
    write_burst_increment_linear(15, 428, [72320264, 5779200, 3973667033, 186190102, 779716956, 3939879637]);
    write_burst_increment_linear(15, 400, [3846259914, 675162448, 2300032530]);
    write_burst_increment_linear(15, 412, [2963119713, 188499734, 1405785511]);
    write_burst_increment_linear(15, 424, [4136165613, 1052517757, 4000399068]);
    write_burst_increment_linear(15, 436, [3975004377, 2333261334, 259363102]);
    write_burst_increment_linear(15, 448, [3909048017, 3755599039, 872111463]);
    write_burst_increment_linear(15, 460, [3195894908, 1688632265, 2252012556]);
    write_burst_increment_linear(15, 472, [2009564655, 2391229469, 1119050117]);
    write_burst_increment_linear(15, 484, [3677538486, 3808871110, 3835822793]);
    write_burst_increment_linear(15, 240, [2673120318, 1975037419, 1356998049, 1683649480, 1702467530, 81149193, 4219858679]);
    write_burst_increment_linear(15, 408, [3838892233, 2899431001, 3633322673, 3599336109, 1211457936, 3883528910]);
    write_burst_increment_linear(15, 432, [2132121086, 1882509792, 1464058798, 317994277, 3358420624, 129207055]);
    write_burst_increment_linear(15, 200, [3924319955, 2019280368, 3430221464, 2966777953]);
    write_burst_increment_linear(15, 216, [3763254976, 1391893413, 2392682013, 2675413054]);
    write_burst_increment_linear(15, 296, [4039639265, 4158743791, 1424106409, 2513794091, 1174347147, 495735611, 457870134]);
    write_burst_increment_linear(15, 88, [4223627511, 3234125441, 821660001, 1795259350, 1009717624, 2772680266]);
    write_burst_increment_linear(15, 352, [3750294207, 3855397579]);
    write_burst_increment_linear(15, 360, [465212727, 1087647617]);
    write_burst_increment_linear(15, 368, [3710909626, 2321665556]);
    write_burst_increment_linear(15, 376, [2488943144, 2729894981]);
    write_burst_increment_linear(15, 384, [2016095216, 2480569383]);
    write_burst_increment_linear(15, 392, [4185391858, 3710304954]);
    write_burst_increment_linear(15, 404, [931841903, 1277222296, 2080425464, 440804148]);
    write_burst_increment_linear(15, 420, [3119492723, 3172841594, 2869352022, 585538373]);
    write_burst_increment_linear(15, 380, [1912428003, 2018759152, 1799485910, 873866088, 4125899499, 654656846, 3321377419]);
    write_burst_increment_linear(15, 312, [814719841, 3468631197, 1575354299, 3700268217, 1767937490, 3715455162, 2743366727]);
    write_burst_increment_linear(15, 284, [1153058697, 3266829445, 506065724, 987258229, 2004951535, 1601716670]);
    write_burst_increment_linear(15, 176, [4034585312, 2976230498, 3815588038, 3921698515]);
    write_burst_increment_linear(15, 192, [1365901218, 2437341730, 3477005470, 155704594]);
    write_burst_increment_linear(15, 208, [4008284381, 3163627641, 2121917436, 1503039923]);
    write_burst_increment_linear(15, 224, [4069741797, 233568027, 392518446, 973728628]);
    write_burst_increment_linear(15, 240, [3836921033, 4212502774, 3644859570, 1562646458]);
    write_burst_increment_linear(15, 264, [1924661221, 832659811, 1338555295, 3464357020, 2731888197, 2258387981, 4239156473, 2041664499]);
    write_burst_increment_linear(15, 296, [3312743562, 2048673268, 2053874164, 502072635, 48404741, 1764335570, 4020927199, 220895002]);
    write_burst_increment_linear(15, 328, [1223536017, 581324613, 2100019706, 868442983, 3234879617, 1363808162, 3902602449, 969705843]);
    write_burst_increment_linear(15, 80, [3761430720, 4243515641, 2486859304, 547572545, 3046574187, 478930745]);
    write_burst_increment_linear(15, 104, [3682555574, 2429891105, 4276706557, 1440394667, 2249438732, 319341350]);
    write_burst_increment_linear(15, 128, [1875245535, 2252974092, 3974108377, 599082311, 244365597, 3120301171]);
    write_burst_increment_linear(15, 152, [3175787642, 180667669, 1615935936, 1995812333, 1735621582, 765464923]);
    write_burst_increment_linear(15, 108, [1610265535, 1198303118, 1517966772]);
    write_burst_increment_linear(15, 120, [4240991993, 4284413694, 1195740558]);
    write_burst_increment_linear(15, 132, [628943690, 1181826956, 1702489034]);
    write_burst_increment_linear(15, 144, [1560814522, 172883732, 864664423]);
    write_burst_increment_linear(15, 156, [4247214842, 269665568, 2519284268]);
    write_burst_increment_linear(15, 168, [2425788449, 104713996, 4031745760]);
    write_burst_increment_linear(15, 180, [116591885, 4076754661, 3558512296]);
    write_burst_increment_linear(15, 192, [3360709776, 3617889967, 2810522703]);
    write_burst_increment_linear(15, 204, [317570853, 4146776814, 3782728898]);
    write_burst_increment_linear(15, 216, [2122913789, 1606815679, 3457430172]);
    write_burst_increment_linear(15, 364, [2378019867, 3572945065, 3777552578, 1067656063, 1601186238, 1164320138, 3726472380]);
    write_burst_increment_linear(15, 24, [3371733137, 479670585, 3253869699, 3042507370]);
    write_burst_increment_linear(15, 40, [3034377321, 4154690799, 650515789, 780706141]);
    write_burst_increment_linear(15, 56, [3534685861, 2658376252, 1512305076, 4034160864]);
    write_burst_increment_linear(15, 72, [3717274299, 3833423560, 3157215864, 1653358021]);
    write_burst_increment_linear(15, 88, [1159669130, 292929314, 3003875942, 1993133037]);
    write_burst_increment_linear(15, 104, [1365959074, 2115775996, 2520231980, 3463150748]);
    write_burst_increment_linear(15, 120, [1018677625, 3150380663, 1974121963, 2537717806]);
    write_burst_increment_linear(15, 136, [4277607677, 3534700197, 3635357361, 2382151195]);
    write_burst_increment_linear(15, 372, [1359079842, 3718164155, 881982313, 2057407477, 4028785888, 1848256476, 2174242307]);
    write_burst_increment_linear(15, 400, [3473110174, 1694720970, 1898346978, 130793743, 1440136619, 1615515584, 3027083368]);
    write_burst_increment_linear(15, 36, [3173997178, 1066398591, 642948940]);
    write_burst_increment_linear(15, 48, [2146458111, 4289536767, 2829224017]);
    write_burst_increment_linear(15, 60, [3538759845, 564794179, 2830512721]);
    write_burst_increment_linear(15, 72, [2344480279, 2044006899, 1880713696]);
    write_burst_increment_linear(15, 84, [1961069545, 2955931744, 1941085671]);
    write_burst_increment_linear(15, 96, [1388054437, 3516129955, 912332652]);
    write_burst_increment_linear(15, 108, [2405036062, 1255692693, 1135065479]);
    write_burst_increment_linear(15, 368, [3489482911, 2972764770, 647569229, 3435892377, 3786182339, 114437389, 1315959708, 1873217503]);
    write_burst_increment_linear(15, 400, [3926082772, 3541067942, 1065778559, 782067549, 3057707628, 655213902, 3157236856, 3073692782]);
    write_burst_increment_linear(15, 432, [923974510, 3314503819, 3385977491, 780419421, 902803307, 1342756768, 1602471359, 4028585184]);
    write_burst_increment_linear(15, 376, [1237483411, 1834990042, 698664275, 2043039219, 3753830591, 3285026439]);
    write_burst_increment_linear(15, 264, [4262718204, 1647242692, 3972862681]);
    write_burst_increment_linear(15, 276, [448261941, 2828968017, 3019213927]);
    write_burst_increment_linear(15, 288, [525028158, 730506071, 2292917265]);
    write_burst_increment_linear(15, 300, [1138798983, 1919547876, 4135241452]);
    write_burst_increment_linear(15, 312, [1640280515, 4135281388, 85832970]);
    write_burst_increment_linear(15, 324, [1297435034, 2298495506, 4200558324]);
    write_burst_increment_linear(15, 336, [3286948999, 2864960085, 2180552707]);
    write_burst_increment_linear(15, 348, [1241605012, 3040971882, 66638599]);
    write_burst_increment_linear(15, 360, [2710186563, 2285668368, 2979635299]);
    write_burst_increment_linear(15, 100, [2739843654, 1987289068]);
    write_burst_increment_linear(15, 108, [1457240493, 1819631064]);
    write_burst_increment_linear(15, 116, [708584276, 5637376]);
    write_burst_increment_linear(15, 124, [2780392011, 2308399635]);
    write_burst_increment_linear(15, 132, [1058605438, 3553627815]);
    write_burst_increment_linear(15, 140, [992202102, 4159917295]);
    write_burst_increment_linear(15, 148, [848577893, 1242818964]);
    write_burst_increment_linear(15, 156, [1015289721, 1088037761]);
    write_burst_increment_linear(15, 164, [607153992, 3701768377]);
    write_burst_increment_linear(15, 172, [2309834771, 1393276838]);
    write_burst_increment_linear(15, 180, [3437225113, 1346470304]);
    write_burst_increment_linear(15, 188, [400038703, 713199445]);
    write_burst_increment_linear(15, 196, [962642802, 2626901561]);
    write_burst_increment_linear(15, 204, [845089636, 855636837]);
    write_burst_increment_linear(15, 212, [3495486112, 1016540537]);
    write_burst_increment_linear(15, 220, [1564104122, 4049077986]);
    write_burst_increment_linear(15, 336, [1065188734, 2964660833, 3558427304]);
    write_burst_increment_linear(15, 348, [1779148756, 659417422, 1416083368]);
    write_burst_increment_linear(15, 360, [2424678945, 769844571, 673027920]);
    write_burst_increment_linear(15, 372, [900104043, 3902291153, 923332462]);
    write_burst_increment_linear(15, 384, [1929614822, 3682736311, 2022304241]);
    write_burst_increment_linear(15, 396, [1863237086, 1776659923, 576380228]);
    write_burst_increment_linear(15, 408, [4197474548, 734728023, 1833201114]);
    write_burst_increment_linear(15, 420, [1681713608, 1118440325, 236346652]);
    write_burst_increment_linear(15, 432, [3301383817, 3439072921, 147461905]);
    write_burst_increment_linear(15, 192, [3762581696, 2121049084, 1629440962, 2788168268, 2509881387, 1515016628, 2356223000, 1353668001]);
    write_burst_increment_linear(15, 224, [3603134125, 1562406842, 2771882570, 2962795105, 3567238825, 487273786, 122664718, 2609558071]);
    write_burst_increment_linear(15, 256, [1226670994, 2354881048, 3133494389, 3897803984, 237530908, 3498668193, 1738472399, 88997642]);
    write_burst_increment_linear(15, 124, [2591767092, 810299744, 3140280950, 193349911, 1398872486, 3388481683]);
    write_burst_increment_linear(15, 148, [1940242407, 3274885766, 2896491097, 2423219744, 3073797230, 3831038664]);
    write_burst_increment_linear(15, 368, [739852120, 3563243176, 3703730361, 373484844, 605456200, 2428647969, 41372420, 1355741089]);
    write_burst_increment_linear(15, 400, [763538779, 3200425085, 1036103035, 4106961641, 2599040565, 671875920, 2947286111, 1795968982]);
    write_burst_increment_linear(15, 432, [2764076105, 667832143, 2813688911, 4255404795, 3299570313, 2728204869, 1258160533, 4062137060]);
    write_burst_increment_linear(15, 400, [2642343482, 2254280716, 4027146464]);
    write_burst_increment_linear(15, 412, [272081184, 1844892123, 1704630731]);
    write_burst_increment_linear(15, 424, [3455898267, 2610450999, 2791838284]);
    write_burst_increment_linear(15, 436, [2612004919, 2745218119, 3836691145]);
    write_burst_increment_linear(15, 108, [2257852941, 1665697734, 3028165736, 334428455, 281495841, 3569020585, 3298994313]);
    write_burst_increment_linear(15, 136, [1609388991, 798881631, 459616566, 1112492932, 1782320596, 695079250, 3541125286]);
    write_burst_increment_linear(15, 164, [739170648, 3764158656, 3699000504, 98497291, 4124499179, 2718682692, 698219859]);
    write_burst_increment_linear(15, 124, [2008638959, 2905778778, 3967040216, 2023628785, 3151850103, 402714928, 871787367]);
    write_burst_increment_linear(15, 152, [2296519185, 842512740, 3266918533, 2377302555, 1282334616, 3015621735, 1512832948]);
    write_burst_increment_linear(15, 348, [1646755780, 415880497, 3971346137, 3076542574, 196326679, 847735141, 3180277883, 1088387969]);
    write_burst_increment_linear(15, 380, [3306052746, 3793539780, 1491545521, 418154801, 2137453566, 802971999, 3800087237, 2747115591]);
    write_burst_increment_linear(15, 412, [1717219788, 1086004609, 1882356192, 3759784640, 2234553354, 3009204838, 679658321, 3594815660]);
    write_burst_increment_linear(15, 28, [61497607, 4120346859]);
    write_burst_increment_linear(15, 36, [3664387764, 1752116176]);
    write_burst_increment_linear(15, 44, [1867283422, 2074296311]);
    write_burst_increment_linear(15, 52, [2289241616, 679657809]);
    write_burst_increment_linear(15, 60, [3538731173, 2906559066]);
    write_burst_increment_linear(15, 68, [2027006449, 194760983]);
    write_burst_increment_linear(15, 76, [83484937, 2344957463]);
    write_burst_increment_linear(15, 84, [646412621, 840137572]);
    write_burst_increment_linear(15, 92, [2403025950, 4167346928]);
    write_burst_increment_linear(15, 100, [2924268124, 1130010502]);
    write_burst_increment_linear(15, 108, [507321148, 1771579859]);
    write_burst_increment_linear(15, 340, [1852091356, 738257240, 813259616, 1414694824, 995422070, 3227389056, 3710220986, 2007119343]);
    write_burst_increment_linear(15, 204, [2755822664, 1838181851, 2107832827, 3625616048, 3861603020, 3840532169, 214275865]);
    write_burst_increment_linear(15, 232, [3631898800, 4032919264, 3871048397, 3396258964, 2265495566, 1235366291, 1664144326]);
    write_burst_increment_linear(15, 260, [3132941941, 98853643, 2983181411, 2862812757, 4180733682, 4110417129, 740099416]);
    write_burst_increment_linear(15, 84, [3657020595, 3991925467, 2827270737, 1749823952]);
    write_burst_increment_linear(15, 100, [2461940261, 1664996294, 1820350425, 3149972087]);
    write_burst_increment_linear(15, 32, [1911895523, 3878957774, 4226653431, 1748711376]);
    write_burst_increment_linear(15, 328, [19583746, 3980322522, 288968482]);
    write_burst_increment_linear(15, 340, [224512, 2583999028, 1125523334]);
    write_burst_increment_linear(15, 352, [4111306474, 2033411570, 235921692]);
    write_burst_increment_linear(15, 364, [4012451550, 3222531200, 3183092859]);
    write_burst_increment_linear(15, 376, [2221025288, 625498954, 3771863745]);
    write_burst_increment_linear(15, 388, [3294520456, 1839995355, 2783958603]);
    write_burst_increment_linear(15, 44, [2187556356, 3949210326, 3181320827, 100064011]);
    write_burst_increment_linear(15, 60, [680187729, 1478439856, 1468123567, 1896515554]);
    write_burst_increment_linear(15, 76, [2458734629, 3614979246, 3628492976, 705923412]);
    write_burst_increment_linear(15, 92, [908985708, 3138951798, 2870244438, 2096901625]);
    write_burst_increment_linear(15, 108, [266849055, 1250857365, 2164337666, 2278653967]);
    write_burst_increment_linear(15, 124, [3855171787, 2037974514, 1850444252, 2949599327]);
    write_burst_increment_linear(15, 80, [3308004490, 1166568843]);
    write_burst_increment_linear(15, 88, [113431309, 527295806]);
    write_burst_increment_linear(15, 96, [2711964739, 564271939]);
    write_burst_increment_linear(15, 104, [1119864197, 4080048870]);
    write_burst_increment_linear(15, 112, [3452621979, 3931334868]);
    write_burst_increment_linear(15, 120, [1191469966, 2027841009]);
    write_burst_increment_linear(15, 128, [2030798322, 129085711]);
    write_burst_increment_linear(15, 136, [3730266812, 3561685672]);
    write_burst_increment_linear(15, 144, [3498110625, 1867387870]);
    write_burst_increment_linear(15, 152, [676861776, 3701206713]);
    write_burst_increment_linear(15, 160, [2155567104, 2102487034]);
    write_burst_increment_linear(15, 196, [3847768778, 1818512856, 801202015, 1809459159]);
    write_burst_increment_linear(15, 212, [2534349358, 3564527784, 2207619591, 2422006304]);
    write_burst_increment_linear(15, 228, [848163685, 2715510339, 637900108, 1308184987]);
    write_burst_increment_linear(15, 76, [2223340553, 1640425923, 1308345243, 4248531706, 1041642876, 193462551, 585347397, 795807582]);
    write_burst_increment_linear(15, 108, [2882208343, 3793161924, 1175438220, 2832324177, 2908370010, 2555048496, 2998543973, 3073706606]);
    write_burst_increment_linear(15, 140, [1868355038, 3058582636, 955106673, 1834197978, 1817882584, 205218584, 812797792, 3855506635]);
    write_burst_increment_linear(15, 452, [3957830871, 1620641217, 567489347, 297216]);
    write_burst_increment_linear(15, 180, [2468172838, 2647715387, 3926037716]);
    write_burst_increment_linear(15, 192, [403194160, 3904190161, 3261761668]);
    write_burst_increment_linear(15, 204, [2672412734, 335609128, 223846170]);
    write_burst_increment_linear(15, 216, [3220058239, 4168138480, 1775005651]);
    write_burst_increment_linear(15, 228, [2257893389, 151724306, 3990258907]);
    write_burst_increment_linear(15, 240, [3710070458, 187526934, 2923059292]);
    write_burst_increment_linear(15, 252, [3509118626, 1972214763, 3959385303]);
    write_burst_increment_linear(15, 264, [1589285309, 3811601606, 3468676765]);
    write_burst_increment_linear(15, 276, [431038259, 2941011550, 2220647944]);
    write_burst_increment_linear(15, 288, [347449129, 1931326438, 1655551941]);
    write_burst_increment_linear(15, 132, [802610527, 313041701]);
    write_burst_increment_linear(15, 140, [589984070, 3210996862]);
    write_burst_increment_linear(15, 148, [1106604931, 3126148724]);
    write_burst_increment_linear(15, 156, [3330529933, 2202512390]);
    write_burst_increment_linear(15, 164, [1848179164, 1117191045]);
    write_burst_increment_linear(15, 160, [4069713637, 2588870708, 2604353078, 2511174699, 639421772]);
    write_burst_increment_linear(15, 180, [3338519181, 4239768313, 1360147362, 159595283, 2161910785]);
    write_burst_increment_linear(15, 200, [2157855745, 1248544660, 1343978400, 68422408, 1353060257]);
    write_burst_increment_linear(15, 84, [742327640, 2760194121, 3118490227, 2665910333, 2189939717]);
    write_burst_increment_linear(15, 104, [1053282173, 944071536, 4145522926, 3103254641, 2612671031]);
    write_burst_increment_linear(15, 124, [1487202225, 1078409088, 1254845845, 2764545609, 3018455143]);
    write_burst_increment_linear(15, 144, [3930706644, 758075226, 3806662853, 1661887942, 1887689697]);
    write_burst_increment_linear(15, 164, [2754426952, 4220339959, 3773216961, 2252696076, 1951898088]);
    write_burst_increment_linear(15, 184, [863811942, 1185824653, 2934333021, 490051898, 3006112870]);
    write_burst_increment_linear(15, 12, [152307474, 1300353947, 2033492466, 1505291187, 630823243, 2154969088, 3744753342, 3414185111]);
    write_burst_increment_linear(15, 44, [3436829337, 4084368102, 1127252870, 3294072456, 975046004, 338934056, 2240515083, 2434893346]);
    write_burst_increment_linear(15, 76, [1897469922, 3956649175, 1578623932, 1878910943, 2028194289, 649258317, 4134772972, 3623165103]);
    write_burst_increment_linear(15, 108, [2092472825, 3605835949, 3492061344, 694440786, 2389688860, 2109152763, 309625636, 858355046]);
    write_burst_increment_linear(15, 296, [3096391793, 1059247486]);
    write_burst_increment_linear(15, 304, [640925516, 4099020008]);
    write_burst_increment_linear(15, 312, [3824742599, 566227779]);
    write_burst_increment_linear(15, 372, [3401178261, 2714249795, 3767285441]);
    write_burst_increment_linear(15, 384, [589950790, 931236719, 2420810272]);
    write_burst_increment_linear(15, 396, [4155628271, 968869747, 3217931391]);
    write_burst_increment_linear(15, 408, [3292512904, 618579785, 2593050677]);
    write_burst_increment_linear(15, 420, [3562465960, 1538184631, 516347197]);
    write_burst_increment_linear(15, 316, [3888227535, 243660573]);
    write_burst_increment_linear(15, 324, [1655894469, 224510234]);
    write_burst_increment_linear(15, 332, [1835438554, 1587718077]);
    write_burst_increment_linear(15, 340, [2954591840, 3907121873]);
    write_burst_increment_linear(15, 348, [3890787023, 930725230]);
    write_burst_increment_linear(15, 356, [1453620653, 917293421]);
    write_burst_increment_linear(15, 364, [1429399978, 3075040366]);
    write_burst_increment_linear(15, 372, [3797099204, 2533313581]);
    write_burst_increment_linear(15, 380, [734253399, 3412101270]);
    write_burst_increment_linear(15, 388, [1230401938, 2353351192]);
    write_burst_increment_linear(15, 396, [558482242, 655021390]);
    write_burst_increment_linear(15, 404, [2734890566, 3471134877]);
    write_burst_increment_linear(15, 8, [466397495, 1304754587]);
    write_burst_increment_linear(15, 16, [1056921469, 3213906047]);
    write_burst_increment_linear(15, 24, [163274515, 2885793368]);
    write_burst_increment_linear(15, 32, [2291967505, 4264758524]);
    write_burst_increment_linear(15, 392, [2033949682, 3017070695, 2809151566, 119192334, 3284104327, 3972625625]);
    write_burst_increment_linear(15, 416, [1245447572, 2178881027, 1755438033, 3660651700, 1403672999, 4259139835]);
    write_burst_increment_linear(15, 364, [2843152978, 3510366370, 2281409551, 910942572]);
    write_burst_increment_linear(15, 312, [202837272, 3852182219, 1692320201, 3557525672, 3920410835, 2609219127]);
    write_burst_increment_linear(15, 336, [3597899948, 822636898, 528499007, 4209059061, 2000365038, 2657381948]);
    write_burst_increment_linear(15, 360, [1549844408, 2683561535, 1565056954, 1124454278, 3298103433, 212334873]);
    write_burst_increment_linear(15, 384, [2707292226, 4256538363, 12047105, 3132639349, 673549136, 2519443500]);
    write_burst_increment_linear(15, 408, [542335296, 2124186109, 3576706218, 1557822393, 3963475672, 657788750]);
    write_burst_increment_linear(15, 228, [104275212, 3774258881, 1213882768, 3879381710, 3445135002, 2225903113]);
    write_burst_increment_linear(15, 252, [2523024940, 3090153072, 3963366104, 1657938373, 3957895895, 1815227864]);
    write_burst_increment_linear(15, 276, [1528644534, 3011032678, 2386156060, 2906000474, 2117864444, 742365528]);
    write_burst_increment_linear(15, 24, [2811215439, 935813487, 699734355, 2954042976, 362276651, 3873052877, 105692428]);
    write_burst_increment_linear(15, 416, [3734439101, 3983132378, 1099951491]);
    write_burst_increment_linear(15, 428, [3137333877, 2804124750, 808310624]);
    write_burst_increment_linear(15, 380, [456417590, 3501755041, 196716823]);
    write_burst_increment_linear(15, 392, [2019331056, 2645478971, 4068933861]);
    write_burst_increment_linear(15, 404, [255694622, 3910596818, 3375582866]);
    write_burst_increment_linear(15, 416, [83795721, 2333520406, 942118768]);
    write_burst_increment_linear(15, 428, [2414397471, 3611714222, 1481165232]);
    write_burst_increment_linear(15, 440, [720683349, 2473782822, 3576367786]);
    write_burst_increment_linear(15, 452, [3948045526, 66097927, 4036896481]);
    write_burst_increment_linear(15, 464, [3688566455, 985191797, 1018489209]);
    write_burst_increment_linear(15, 476, [3016466535, 4032998624, 743712088]);
    write_burst_increment_linear(15, 320, [3579518634, 2527940141, 3277964934, 832988515]);
    write_burst_increment_linear(15, 336, [2570014258, 1582815676, 3636497073, 3802904773]);
    write_burst_increment_linear(15, 352, [4075356389, 1496307122, 2888155224, 2203260422]);
    write_burst_increment_linear(15, 368, [1973634027, 3212435582, 1684952008, 1451325869]);
    write_burst_increment_linear(15, 384, [1334304671, 1946835432, 3394497684, 849452389]);
    write_burst_increment_linear(15, 400, [1536910263, 2694928449, 706280276, 4099931880]);
    write_burst_increment_linear(15, 416, [2387154972, 3188112508, 1039444859, 3005667942]);
    write_burst_increment_linear(15, 432, [1219432337, 602284359, 2369710106, 861547878]);
    write_burst_increment_linear(15, 416, [3528700068, 1537319863, 932976495, 2305455634]);
    write_burst_increment_linear(15, 432, [3894337744, 1377050020, 3665338548, 2980799075]);
    write_burst_increment_linear(15, 448, [1526005173, 1105364355, 3318946443, 1001524087]);
    write_burst_increment_linear(15, 464, [3766025408, 3780945602, 3505250465, 1112415108]);
    write_burst_increment_linear(15, 128, [2620915768, 4006568157, 574950724, 4253319419, 1014818168, 2878634583]);
    write_burst_increment_linear(15, 152, [1751689168, 2444218915, 1739241935, 1705307083, 2902109273, 3933363924]);
    write_burst_increment_linear(15, 176, [3921421523, 3682101942, 1181264268, 1503741363, 952407409, 51936006]);
    write_burst_increment_linear(15, 200, [831973731, 1172921739, 811349344, 2610713143, 3727455932, 2678801471]);
    write_burst_increment_linear(15, 224, [3519804067, 1281684376, 1033838459, 2308397075, 888764777, 2384007708]);
    write_burst_increment_linear(15, 40, [1499541938, 2978263139, 2451977252, 737956183, 1466141102, 2413359135]);
    write_burst_increment_linear(15, 64, [599029063, 863549798, 268441376, 3861183692, 649842509, 1528372150]);
    write_burst_increment_linear(15, 336, [2078728695, 3486548639, 2185847300, 1887046112, 1255159701, 2969639522, 3839432393]);
    write_burst_increment_linear(15, 364, [1568300986, 1859390429, 2373801498, 2574080, 1644085699, 669910863, 361362731]);
    write_burst_increment_linear(15, 392, [885685097, 129059599, 1925356005, 1582134204, 3806331589, 249813277, 1426779050]);
    write_burst_increment_linear(15, 420, [2420901920, 1868032990, 2288780816, 3200313469, 1940108263, 2617309752, 4081004262]);
    write_burst_increment_linear(15, 328, [4191056115, 4092157159, 2256469004, 553881410, 723690838, 4020201695]);
    write_burst_increment_linear(15, 352, [1658540485, 2621466680, 3417860247, 3873592013, 3002739813, 818748769]);
    write_burst_increment_linear(15, 376, [2585532468, 3972253401, 1304316315, 835074403, 591778118, 2573085746]);
    write_burst_increment_linear(15, 212, [3426792600, 2349200920, 1664979910]);
    write_burst_increment_linear(15, 224, [709789524, 1671121351, 3989291227]);
    write_burst_increment_linear(15, 236, [1281797016, 234127131, 338335528]);
    write_burst_increment_linear(15, 248, [3840097481, 237623580, 1323724189]);
    write_burst_increment_linear(15, 260, [1306790299, 4217103606, 3600640685]);
    write_burst_increment_linear(15, 272, [1121661317, 3647065266, 3571644585]);
    write_burst_increment_linear(15, 284, [4139412205, 1927111653, 2584660532]);
    write_burst_increment_linear(15, 296, [3893588176, 1130931590, 3991363803]);
    write_burst_increment_linear(15, 192, [188696342, 2097017337]);
    write_burst_increment_linear(15, 200, [3960816344, 1665776582]);
    write_burst_increment_linear(15, 208, [4170379505, 1916121060]);
    write_burst_increment_linear(15, 264, [136305424, 4154735855, 3777891010, 2966666849]);
    write_burst_increment_linear(15, 280, [386866478, 1461041070, 2343804439, 2594134581]);
    write_burst_increment_linear(15, 296, [1122952581, 2661236285, 1475278255, 2157685761]);
    write_burst_increment_linear(15, 312, [2393857565, 2261782029, 2459900453, 2539736110]);
    write_burst_increment_linear(15, 328, [1953592808, 1946232808, 399629615, 2505611306]);
    write_burst_increment_linear(15, 344, [2926760540, 1464942510, 1219478417, 3809848518]);
    write_burst_increment_linear(15, 360, [2629428281, 3579892906, 2617777208, 2004116974]);
    write_burst_increment_linear(15, 376, [4085373159, 1859003869, 1436350379, 2071223286]);
    write_burst_increment_linear(15, 76, [2446650915, 2219889160, 3780616386, 2253001740, 1584478652, 2552361520]);
    write_burst_increment_linear(15, 100, [2088830969, 1171272075, 2841385042, 1646272964, 1415223208, 3125181556]);
    write_burst_increment_linear(15, 124, [968632179, 3995225308, 3120253555, 4192256755, 1147650440, 3397132436]);
    write_burst_increment_linear(15, 148, [2451562532, 2169344002, 172032788, 2208958983, 434558259, 1245852052]);
    write_burst_increment_linear(15, 24, [1757851601, 2879892567, 2760346185, 728139606, 2067913206]);
    write_burst_increment_linear(15, 44, [3807383237, 4152867567, 3563125928, 4182063346, 1473513391]);
    write_burst_increment_linear(15, 280, [2115270140, 1917588452, 1966771690, 1678282696, 375779628, 188306710]);
    write_burst_increment_linear(15, 304, [960094066, 2708298306, 722262358, 4140211949, 1351742881, 3766226624]);
    write_burst_increment_linear(15, 328, [473516344, 3370540689, 4024387295, 2966418529, 404954416, 914341740]);
    write_burst_increment_linear(15, 352, [3715895994, 3115784307, 451276597, 614116169, 3552335015, 1883130336]);
    write_burst_increment_linear(15, 348, [201133847, 2151662592, 3009452646, 620751177, 2258745357, 3149709431, 2848666707]);
    write_burst_increment_linear(15, 376, [2099770362, 842878820, 2782308939, 1540263351, 2364859417, 844079972, 4114604266]);
    write_burst_increment_linear(15, 404, [2162838529, 1834973146, 3818076871, 4034297568, 260498207, 696395603, 4270417661]);
    write_burst_increment_linear(15, 432, [870342503, 1298233754, 1628778946, 12989185, 3752272063, 3031956073, 145395985]);
    write_burst_increment_linear(15, 156, [2208956935, 298423587, 221016858, 1067202431, 336396584, 3074556526]);
    write_burst_increment_linear(15, 180, [458029878, 3207956606, 1541065655, 1933361638, 478565689, 4227462391]);
    write_burst_increment_linear(15, 204, [1818515928, 1012898168, 3405306005, 41889028, 2671798846, 871045479]);
    write_burst_increment_linear(15, 312, [1313246108, 3431043737]);
    write_burst_increment_linear(15, 320, [3925500627, 1976549867]);
    write_burst_increment_linear(15, 328, [2722888260, 3429057176]);
    write_burst_increment_linear(15, 336, [4143414509, 3479781022]);
    write_burst_increment_linear(15, 344, [2874422870, 2928479837]);
    write_burst_increment_linear(15, 352, [4242246905, 760851802]);
    write_burst_increment_linear(15, 360, [2315438100, 1880232416]);
    write_burst_increment_linear(15, 368, [3093299824, 2258143757]);
    write_burst_increment_linear(15, 376, [265420575, 1371350947]);
    write_burst_increment_linear(15, 248, [1793912789, 2480115239, 2864725589, 3145023606, 1345307040, 1629305794]);
    write_burst_increment_linear(15, 272, [2028785137, 2799412813, 1772075987, 1767144402, 480721209, 2799656525]);
    write_burst_increment_linear(15, 296, [1425979305, 3034741865, 3580083882, 2929751133, 1871861215, 426847538]);
    write_burst_increment_linear(15, 320, [1227905938, 1763555282, 1673523143, 2346136087, 447793461, 536915776]);
    write_burst_increment_linear(15, 344, [1449697196, 516161853, 2497348137, 3442059930, 268780320, 1512816052]);
    write_burst_increment_linear(15, 344, [1467176878, 926978926, 392730926, 2765920329, 3462166684, 1763483602]);
    write_burst_increment_linear(15, 368, [1035789179, 3917201106, 4273049853, 2258201101, 4213956854, 1011862392]);
    write_burst_increment_linear(15, 188, [330061607, 3594325164, 3006785126, 1076946816, 3336879757, 2663385661]);
    write_burst_increment_linear(15, 76, [2145398271, 4077579494, 404817200, 52252422]);
    write_burst_increment_linear(15, 92, [1223139217, 3250843267, 174798100, 4240371961]);
    write_burst_increment_linear(15, 276, [1693933513, 3352618639, 3129467509, 635883851, 3783046338]);
    write_burst_increment_linear(15, 296, [2580730931, 3038120554, 704910676, 3983331034, 1946174440]);
    write_burst_increment_linear(15, 316, [670567759, 2769647178, 3207153790, 1936924134, 1723327949]);
    write_burst_increment_linear(15, 336, [2053490164, 4059266275, 2569932850, 255151902, 782928221]);
    write_burst_increment_linear(15, 200, [93327627, 3556592295]);
    write_burst_increment_linear(15, 208, [3891179727, 2294056465]);
    write_burst_increment_linear(15, 216, [2516936236, 3441056410]);
    write_burst_increment_linear(15, 224, [3999626972, 2207157255]);
    write_burst_increment_linear(15, 232, [558389058, 2826442320]);
    write_burst_increment_linear(15, 240, [387876142, 2481361959]);
    write_burst_increment_linear(15, 248, [3098635889, 1427807146]);
    write_burst_increment_linear(15, 256, [433080627, 2253724172]);
    write_burst_increment_linear(15, 96, [1516788660, 199622935, 880880489, 3274398854, 3639103665]);
    write_burst_increment_linear(15, 116, [3449050267, 2061774325, 716785493, 3822237895, 3657858740]);
    write_burst_increment_linear(15, 476, [2521746476, 664614735, 3923309779, 957517170, 807553376, 2399974430, 3857174219, 2915840091]);
    write_burst_increment_linear(15, 140, [4159748335, 2071247862, 2211278855]);
    write_burst_increment_linear(15, 152, [1774317011, 1955503593, 783780701]);
    write_burst_increment_linear(15, 164, [1156229001, 3212494462, 1452415917]);
    write_burst_increment_linear(15, 176, [3605346989, 4062969060, 595447110]);
    write_burst_increment_linear(15, 188, [2600545846, 1536464311, 1940835815]);
    write_burst_increment_linear(15, 200, [1324985757, 2532807213, 143074577]);
    write_burst_increment_linear(15, 292, [3073717870, 2666861117, 3443418778, 3934127316]);
    write_burst_increment_linear(15, 308, [790223198, 3742236350, 1368414627, 4212016886]);
    write_burst_increment_linear(15, 420, [3311291018, 529054015, 3909957330, 2160050177, 2516225067]);
    write_burst_increment_linear(15, 344, [2720876612, 1919624676, 849461093, 2122477565, 1513782196, 2990441060, 1783324116, 1300710299]);
    write_burst_increment_linear(15, 64, [2036514290, 4085051110, 1092309890, 3606896301, 3702982841, 280423201]);
    write_burst_increment_linear(15, 88, [2504268330, 362166571, 561451330, 3867986637, 2393807901, 3138248310]);
    write_burst_increment_linear(15, 112, [1540522423, 3068612205, 2185586180, 1012002168, 1642186691, 2630938169]);
    write_burst_increment_linear(15, 136, [465158967, 1664630726, 2349992472, 519170365, 4140809453, 3965350104]);
    write_burst_increment_linear(15, 132, [1756487121, 3120171635, 2813827151, 945192816, 4277379837, 679467856, 3298658441]);
    write_burst_increment_linear(15, 160, [4174978801, 1756142545, 786094941, 2071282166, 284757281, 1193108366, 3518232739]);
    write_burst_increment_linear(15, 68, [3528515236, 1665384902, 2902639706, 1897108450, 473955128]);
    write_burst_increment_linear(15, 88, [3611934382, 3790890691, 3185111675, 4223956727, 177731349]);
    write_burst_increment_linear(15, 108, [678102864, 3519943331, 2298625554, 284058913, 217019161]);
    write_burst_increment_linear(15, 128, [4107947241, 1944715751, 2999108709, 3428136088, 645972301]);
    write_burst_increment_linear(15, 148, [484779833, 3942420693, 2403768350, 3908847313, 2789334092]);
    write_burst_increment_linear(15, 352, [1784615380, 287253794, 1848589788, 3688677047, 43543813, 1026270074, 3575173290]);
    write_burst_increment_linear(15, 380, [3066701933, 3404881557, 798818655, 399161647, 269850400, 2391150621, 4275533565]);
    write_burst_increment_linear(15, 108, [4007198941, 1218867601, 280800545, 2800690765, 4147470062, 148413201, 2906574426, 3081413231]);
    write_burst_increment_linear(15, 140, [1590823869, 2705048642, 3907248849, 4051963619, 694304594, 1583546300, 2567472690, 2140166655]);
    write_burst_increment_linear(15, 172, [3533896357, 3949990614, 1259935638, 2118200828, 2471949862, 1541377975, 2028842993, 2500915754]);
    write_burst_increment_linear(15, 204, [738373976, 269794592, 2833656401, 418306865, 4050150626, 10856705, 2512790571, 594202438]);
    write_burst_increment_linear(15, 352, [3399580821, 4056378083]);
    write_burst_increment_linear(15, 360, [624471882, 1554369465]);
    write_burst_increment_linear(15, 368, [1709723595, 3025531496]);
    write_burst_increment_linear(15, 376, [3079708783, 4116410090]);
    write_burst_increment_linear(15, 188, [2388426780, 828363106]);
    write_burst_increment_linear(15, 196, [927154030, 3894844112]);
    write_burst_increment_linear(15, 204, [1971544043, 585308997]);
    write_burst_increment_linear(15, 212, [2424158240, 3467574429]);
    write_burst_increment_linear(15, 220, [1593189821, 2914235995]);
    write_burst_increment_linear(15, 228, [4004696285, 162165011]);
    write_burst_increment_linear(15, 292, [2348089879, 2235209226, 1062363518, 1105693571]);
    write_burst_increment_linear(15, 308, [302612772, 1804549591, 2727936581, 4214285558]);
    write_burst_increment_linear(15, 324, [2228057097, 976075124, 2696292929, 465587511]);
    write_burst_increment_linear(15, 340, [1193094030, 2539317806, 3120170099, 2718235716]);
    write_burst_increment_linear(15, 356, [4195856628, 680487761, 736459607, 1178072460]);
    write_burst_increment_linear(15, 372, [69915400, 1393792934, 437664052, 995618166]);
    write_burst_increment_linear(15, 332, [904225643, 795071326, 3592626860, 1662386118]);
    write_burst_increment_linear(15, 348, [1952355304, 2379942939, 3259627652, 1316757916]);
    write_burst_increment_linear(15, 364, [1165719946, 1600491454, 443510068, 1047378300]);
    write_burst_increment_linear(15, 380, [1210699664, 3069110893, 2270074382, 3979098330]);
    write_burst_increment_linear(15, 396, [1632179650, 2964940385, 1406818215, 2422064672]);
    write_burst_increment_linear(15, 412, [589727046, 2628391481, 672744784, 2805551694]);
    write_burst_increment_linear(15, 428, [582555973, 1263843734, 1472315311, 3648161458]);
    write_burst_increment_linear(15, 424, [3538276517, 1540514743, 2551768624, 4101998312, 3355728528, 3157512312, 649053517, 2876000854]);
    write_burst_increment_linear(15, 280, [954830193, 4189561075, 3916049106, 1995771885, 3246417027]);
    write_burst_increment_linear(15, 300, [3697439928, 3978841818, 1094538114, 2882646615, 3975985369]);
    write_burst_increment_linear(15, 320, [1394441126, 2262246413, 158469906, 1735613390, 201239831]);
    write_burst_increment_linear(15, 340, [897339754, 1938151399, 579863877, 17212162, 3368117393]);
    write_burst_increment_linear(15, 412, [1185000333, 1833950170, 1861871069, 1899659746, 583741253]);
    write_burst_increment_linear(15, 328, [1420476329, 888511849, 2081339384, 3416913047, 2889344088, 2721784388, 191947030]);
    write_burst_increment_linear(15, 356, [3281385095, 830533475, 473497400, 2054085620, 2241978379, 452388149, 85051658]);
    write_burst_increment_linear(15, 60, [307748644, 50770694, 1967859178]);
    write_burst_increment_linear(15, 72, [3777204418, 2808699982, 3276318854]);
    write_burst_increment_linear(15, 84, [3099309169, 701898067, 2072780279]);
    write_burst_increment_linear(15, 96, [680435537, 1428856746, 4203038965]);
    write_burst_increment_linear(15, 108, [2815016527, 1484161456, 1527373750]);
    write_burst_increment_linear(15, 120, [1145298824, 4169899249, 3104504946]);
    write_burst_increment_linear(15, 132, [3080794223, 1779395540, 519491901]);
    write_burst_increment_linear(15, 144, [594509126, 2227834377, 2791061580]);
    write_burst_increment_linear(15, 156, [503855420, 2941005406, 1785444820]);
    write_burst_increment_linear(15, 4, [2377590299, 3995373276, 472897336, 3564016296, 1243814292, 1011249016, 1156744073, 115891469]);
    write_burst_increment_linear(15, 36, [2955413088, 479084857, 1445745068, 2438629410, 2243702283, 3526758564, 603251015, 429458227]);
    write_burst_increment_linear(15, 68, [1150258569, 3136728181, 3919809747, 4031017696, 1376246692, 4023623391, 1764454354, 3648407730]);
    write_burst_increment_linear(15, 312, [3459035292, 221445914, 644774220, 3641052338, 578196804, 815402337, 3361027728, 4110794474]);
    write_burst_increment_linear(15, 428, [3744503998, 3348906127, 120506126, 3852604619, 807957856, 301310755, 2091331065]);
    write_burst_increment_linear(15, 456, [2050329588, 504558396, 4235571960, 3567102121, 3936038101, 3929369812, 2907904090]);
    write_burst_increment_linear(15, 212, [4003284701, 1415942568, 1295638938, 2780725323, 3853017803, 3585062571]);
    write_burst_increment_linear(15, 24, [4112605418, 1558417337, 2094110713]);
    write_burst_increment_linear(15, 36, [745660248, 1013796216, 1009662328]);
    write_burst_increment_linear(15, 48, [3248200835, 2356958744, 604502344]);
    write_burst_increment_linear(15, 60, [938055535, 947423600, 3740790461]);
    write_burst_increment_linear(15, 48, [2065994742, 141309200, 1896439266, 1480146352, 3352227983]);
    write_burst_increment_linear(15, 68, [1896055266, 746724185, 1474263983, 805073759, 2940009054]);
    write_burst_increment_linear(15, 88, [1693203401, 160795923, 3495380128, 2275007503, 1104202627]);
    write_burst_increment_linear(15, 108, [397807407, 1230656914, 2793743949, 1067947391, 260791583]);
    write_burst_increment_linear(15, 128, [3795668164, 2471464998, 2409834015, 1940624359, 3902839505]);
    write_burst_increment_linear(15, 148, [149657873, 2990328420, 2585037876, 4177094897, 1885961184]);
    write_burst_increment_linear(15, 40, [4180882162, 1478048688, 229047067, 1666185158]);
    write_burst_increment_linear(15, 56, [2332589078, 1042046844, 2337204246, 1990971373]);
    write_burst_increment_linear(15, 72, [2377830939, 3432400537, 3132393589, 886134633]);
    write_burst_increment_linear(15, 88, [1118401925, 1859517917, 2579527731, 1559330233]);
    write_burst_increment_linear(15, 104, [738024279, 1886997984, 2234192906, 3881429710]);
    write_burst_increment_linear(15, 120, [3181724283, 2201535494, 3101194353, 2065764342]);
    write_burst_increment_linear(15, 136, [1410443688, 3748900542, 2079621623, 747770713]);
    write_burst_increment_linear(15, 152, [749783385, 2340165142, 349096233, 4032357088]);
    write_burst_increment_linear(15, 380, [4016975070, 2120017916, 3439547546, 2853652052]);
    write_burst_increment_linear(15, 396, [2814597711, 2618760248, 1158677386, 504591676]);
    write_burst_increment_linear(15, 412, [2242812427, 2190899717, 2950553183, 4108440297]);
    write_burst_increment_linear(15, 428, [1645663684, 2294414865, 1529918902, 833142115]);
    write_burst_increment_linear(15, 444, [291486498, 2116446204, 1548161464, 2426031649]);
    write_burst_increment_linear(15, 296, [17851650, 307883300, 774998364, 136728848, 3345521294]);
    write_burst_increment_linear(15, 316, [2534298158, 42630405, 2340293142, 580930373, 666997583]);
    write_burst_increment_linear(15, 336, [1001963895, 4103011049, 296785187, 3025868392, 579458373]);
    write_burst_increment_linear(15, 356, [2066836982, 2494189609, 25627907, 521728830, 457207606]);
    write_burst_increment_linear(15, 376, [2240945163, 2095210489, 3691713720, 3617966767, 3841742025]);
    write_burst_increment_linear(15, 16, [912856428, 4220946167]);
    write_burst_increment_linear(15, 24, [2718243396, 434930995]);
    write_burst_increment_linear(15, 32, [1214265744, 250148637]);
    write_burst_increment_linear(15, 40, [3131291253, 2060925941]);
    write_burst_increment_linear(15, 48, [2219662344, 972420467]);
    write_burst_increment_linear(15, 56, [3649751219, 126023951]);
    write_burst_increment_linear(15, 64, [2719734340, 333588775]);
    write_burst_increment_linear(15, 72, [2413038623, 4229385976]);
    write_burst_increment_linear(15, 80, [1536349111, 2576024115]);
    write_burst_increment_linear(15, 88, [88800522, 131238159]);
    write_burst_increment_linear(15, 96, [2071010806, 3002248805]);
    write_burst_increment_linear(15, 104, [1273551255, 1934995942]);
    write_burst_increment_linear(15, 112, [1682528200, 1567365050]);
    write_burst_increment_linear(15, 120, [1628477890, 699437907]);
    write_burst_increment_linear(15, 128, [3944602838, 2793858637]);
    write_burst_increment_linear(15, 136, [411761969, 2955787360]);
    write_burst_increment_linear(15, 168, [3638458545, 1826356697, 1389834661, 1941919719, 3152466551, 32837379]);
    write_burst_increment_linear(15, 192, [254264606, 3932391124, 1133091207, 2833341009, 124252430, 593938246]);
    write_burst_increment_linear(15, 216, [1458853293, 1563820474, 1617633728, 3297941129, 1875596767, 727701846]);
    write_burst_increment_linear(15, 240, [1888059873, 2562600497, 645243724, 1702855114, 1070333823, 1862963166]);
    write_burst_increment_linear(15, 264, [19467010, 201676056, 953697649, 3286134407, 2444630563, 101544204]);
    write_burst_increment_linear(15, 72, [2239475722, 3669793973, 1463575982, 1336745375, 3000479845]);
    write_burst_increment_linear(15, 92, [3636184241, 3662459572, 1701439946, 2095631353, 2716526147]);
    write_burst_increment_linear(15, 112, [2066281462, 2759723592, 672276304, 504589628, 2090377209]);
    write_burst_increment_linear(15, 132, [603180871, 4184769778, 3705897657, 4048615138, 1324893085]);
    write_burst_increment_linear(15, 152, [430742323, 3961132760, 2033251314, 2045195251, 2343222295]);
    write_burst_increment_linear(15, 316, [3537045157, 2404525086, 324833062, 3227872896, 2771866698, 1865496542, 3201492093]);
    write_burst_increment_linear(15, 176, [1786662868, 4277921533, 3760859840, 3473083550, 4157770991, 2953605216, 161426707, 4087081191]);
    write_burst_increment_linear(15, 208, [3851753675, 2166618626, 915743085, 1721284045, 2639866938, 3006633062, 3444090010, 3060686444]);
    write_burst_increment_linear(15, 288, [149852945, 3563037864, 2393433117, 3011873895, 351516969]);
    write_burst_increment_linear(15, 308, [3735633597, 581595973, 3674663094, 2764898377, 1614468032]);
    write_burst_increment_linear(15, 328, [3703422649, 606978888, 225072410, 2016435696, 236427036]);
    write_burst_increment_linear(15, 348, [278756129, 3326632588, 3592132780, 1895269857, 2337613846]);
    write_burst_increment_linear(15, 128, [801877343, 1212225936, 1083102593, 3313866379, 2295045649]);
    write_burst_increment_linear(15, 148, [2128664573, 3672313013, 3667169461, 588209478, 904102251]);
    write_burst_increment_linear(15, 168, [855467877, 415454001, 261948191, 2056879605, 1941987303]);
    write_burst_increment_linear(15, 188, [3552257703, 836922723, 3693607608, 1294741914, 985143669]);
    write_burst_increment_linear(15, 208, [1972450795, 3098863217, 4238006521, 4237620985, 3359292048]);
    write_burst_increment_linear(15, 224, [1923880933, 2796384333, 3075562094, 1174102411, 772417884]);
    write_burst_increment_linear(15, 244, [2289347088, 3668568757, 2755675720, 279808289, 2978578531]);
    write_burst_increment_linear(15, 264, [2766062153, 372492588, 784242013, 2934546013, 2328795669]);
    write_burst_increment_linear(15, 284, [1035890555, 2324785173, 3210440830, 1356460449, 3194980476]);
    write_burst_increment_linear(15, 304, [2965495905, 1104815491, 4083089638, 3033080425, 470783800]);
    write_burst_increment_linear(15, 52, [1023011705, 1840947163, 4134272236, 3426992280]);
    write_burst_increment_linear(15, 68, [3239834754, 40271620, 2625708601, 55745798]);
    write_burst_increment_linear(15, 84, [1984468460, 4190858483, 3345117838, 431860019]);
    write_burst_increment_linear(15, 100, [3848692426, 1182816653, 1340532639, 2591600180]);
    write_burst_increment_linear(15, 116, [2165029890, 2845371475, 2123054589, 2733784133]);
    write_burst_increment_linear(15, 28, [3114245235, 1520256437, 3464200348, 478887737, 726195030]);
    write_burst_increment_linear(15, 48, [908126572, 3953694423, 3665371828, 991217014, 550701889]);
    write_burst_increment_linear(15, 68, [152536850, 4259535099, 827647330, 3021783656, 1918876644]);
    write_burst_increment_linear(15, 348, [987586421, 3195037820, 2622863928, 1131294086, 3252510851, 3677584054]);
    write_burst_increment_linear(15, 372, [2671461950, 3387872403, 2810800719, 2364231705, 431405875, 2532377645]);
    write_burst_increment_linear(15, 396, [513010493, 3891552975, 2284019728, 778869084, 1185155981, 3999854300]);
    write_burst_increment_linear(15, 236, [2992435300, 2059875829, 2713590339, 1157733770, 4057604835, 3777149634]);
    write_burst_increment_linear(15, 268, [1947215336, 3836034249, 3057811564]);
    write_burst_increment_linear(15, 280, [3549154983, 1314945948, 591193926]);
    write_burst_increment_linear(15, 292, [867735911, 1643938243, 3360919184]);
    write_burst_increment_linear(15, 304, [895475050, 1985157612, 279368481]);
    write_burst_increment_linear(15, 316, [2674124350, 2605464118, 1933209574]);
    write_burst_increment_linear(15, 328, [2858762836, 3637695153, 656923470]);
    write_burst_increment_linear(15, 340, [988530037, 3937406165, 3941883605]);
    write_burst_increment_linear(15, 352, [3940310229, 2657420860, 4258868475]);
    write_burst_increment_linear(15, 364, [2033931762, 1773345747, 3574653610]);
    write_burst_increment_linear(15, 76, [259179294, 4093058279, 86404874, 2159244801, 2727531589, 1986832364, 4264946940]);
    write_burst_increment_linear(15, 260, [630818123, 1800852950, 797833567, 1081460608, 1565640122, 2758041672, 459088694]);
    write_burst_increment_linear(15, 288, [3317208203, 1183184781, 1002901367, 132820751, 4011367646, 1355818913, 1853259740]);
    write_burst_increment_linear(15, 316, [4134177004, 1109777284, 3158909560, 2661943869, 3101513841, 2653292604, 2589226036]);
    write_burst_increment_linear(15, 16, [2569824818, 1386324901, 40261380, 1925901797, 640552780, 4128189164, 4148796142]);
    write_burst_increment_linear(15, 44, [1524882357, 853880165, 2412493855, 953288561, 789588318, 2832749137, 2175890947]);
    write_burst_increment_linear(15, 72, [1377044388, 3290846344, 1477757872, 1598174142, 3594045612, 895130474, 3967459544]);
    write_burst_increment_linear(15, 304, [902341483, 3801803461, 1006567287, 4226491639, 3462945436, 4012464862, 4138110189]);
    write_burst_increment_linear(15, 20, [2757036104, 4032734432]);
    write_burst_increment_linear(15, 28, [3969965785, 2248323596]);
    write_burst_increment_linear(15, 36, [623862602, 2406624798]);
    write_burst_increment_linear(15, 44, [3624830128, 1119262085]);
    write_burst_increment_linear(15, 52, [1136084359, 3408788118]);
    write_burst_increment_linear(15, 60, [55545606, 1051425661]);
    write_burst_increment_linear(15, 68, [1584864700, 3420882583]);
    write_burst_increment_linear(15, 52, [1395526566, 4199271156]);
    write_burst_increment_linear(15, 364, [1133630343, 1400748966, 4128102124, 2433723938, 2727931973]);
    write_burst_increment_linear(15, 384, [3875985614, 810072416, 299829539, 2842128466, 1476250543]);
    write_burst_increment_linear(15, 404, [586607429, 1927269349, 602300743, 3516738723, 32725763]);
    write_burst_increment_linear(15, 424, [1146942856, 1760398289, 2685360704, 1305850779, 3750182591]);
    write_burst_increment_linear(15, 32, [2670798398, 505774396, 2326546965, 354586410, 977987956, 1654367173]);
    write_burst_increment_linear(15, 56, [2144765439, 3325569164, 3156115576, 2944184414, 2336913430, 3399605397]);
    write_burst_increment_linear(15, 80, [1447799724, 2587767860, 3762636480, 1622873537, 142860561, 1665957318]);
    write_burst_increment_linear(15, 104, [3780888258, 3840146633, 3657851572, 1247187860, 2102827002, 1504543667]);
    write_burst_increment_linear(15, 368, [2697285697, 315879717, 3329235596, 2978371171, 1352783265, 2621322808]);
    write_burst_increment_linear(15, 124, [946419568, 3116510323, 3356255888, 934701423, 1205661071, 2942386270, 2683906111, 3914535634]);
    write_burst_increment_linear(15, 156, [542577984, 1689267145, 3160188024, 756392282, 3532073637, 2608937015, 1283044248, 481575225]);
    write_burst_increment_linear(15, 188, [1636460995, 2320069652, 3920031955, 2222316040, 3894922448, 3106712178, 904575851, 3525189796]);
    write_burst_increment_linear(15, 220, [3888911567, 231302939, 2857839700, 10057985, 3175463034, 3519346339, 4045808354, 745083736]);
    write_burst_increment_linear(15, 168, [1020189049, 176409365, 3843522762, 595708231, 3451484315]);
    write_burst_increment_linear(15, 188, [2682908223, 3712405690, 2563043889, 1181769100, 2015421424]);
    write_burst_increment_linear(15, 208, [3202196093, 3125775988, 3372200593, 2703482946, 3122070644]);
    write_burst_increment_linear(15, 228, [856046438, 1717855692, 2037900274, 1010614648, 308106020]);
    write_burst_increment_linear(15, 248, [3279429254, 3173492346, 561210690, 146076433, 446516533]);
    write_burst_increment_linear(15, 228, [1177230732, 2089428473]);
    write_burst_increment_linear(15, 236, [3790819523, 2565405233]);
    write_burst_increment_linear(15, 244, [1067023231, 827004770]);
    write_burst_increment_linear(15, 252, [1584885692, 601643335]);
    write_burst_increment_linear(15, 260, [1064111998, 1639726019]);
    write_burst_increment_linear(15, 268, [190457110, 3472240797]);
    write_burst_increment_linear(15, 276, [1776503251, 2643003963]);
    write_burst_increment_linear(15, 284, [641318732, 1205164943]);
    write_burst_increment_linear(15, 292, [3026080872, 2357904921]);
    write_burst_increment_linear(15, 300, [1545029560, 837580131]);
    write_burst_increment_linear(15, 308, [1871781343, 3489949344]);
    write_burst_increment_linear(15, 316, [845318500, 3776830146]);
    write_burst_increment_linear(15, 324, [2724940868, 3449727643]);
    write_burst_increment_linear(15, 264, [1612975040, 3652398771, 2591013428, 281827105, 704431443, 934144367, 1384099236, 909003628]);
    write_burst_increment_linear(15, 296, [90887434, 2505641514, 721475926, 1376114596, 3464885405, 574761796, 4100480744, 1619421121]);
    write_burst_increment_linear(15, 328, [2197267461, 376277804, 235083548, 1969760234, 1937186278, 2661431357, 2060558325, 2618557496]);
    write_burst_increment_linear(15, 288, [3901729489, 803806559, 1327067550, 267865887, 2770961994]);
    write_burst_increment_linear(15, 308, [3798653636, 2514735659, 1762553810, 1222951825, 3176190586]);
    write_burst_increment_linear(15, 328, [2241802763, 1188122509, 2728741445, 3961192664, 1871994847]);
    write_burst_increment_linear(15, 348, [1055345021, 1696320970, 721363285, 2169954306, 3667098805]);
    write_burst_increment_linear(15, 108, [567329603, 1857366493, 27321603, 1544542648, 1580054972]);
    write_burst_increment_linear(15, 128, [1946492392, 1169342859, 2739873862, 4050172642, 1534933430]);
    write_burst_increment_linear(15, 148, [3602841261, 2814737487, 3687572663, 1071770495, 2307660819]);
    write_burst_increment_linear(15, 168, [1555047865, 1313411996, 1997299182, 1346261920, 3156159608]);
    write_burst_increment_linear(15, 432, [1057054078, 3783764163, 608629576, 2548021807, 3018868327, 2398063133, 666709839, 2596808245]);
    write_burst_increment_linear(15, 148, [1052777341, 448277301, 3900228304, 192701718, 3880031950, 1103495043, 3068334701]);
    write_burst_increment_linear(15, 388, [1393388454, 2567339570, 1539296695, 15739137, 420980530]);
    write_burst_increment_linear(15, 380, [1434804651, 2711214659, 302820132, 3245870210, 282720545]);
    write_burst_increment_linear(15, 400, [2266974222, 299878179, 1902533602, 1525974965, 3330333325]);
    write_burst_increment_linear(15, 420, [1503268787, 2693205057, 1915481060, 2423832096, 2391589405]);
    write_burst_increment_linear(15, 440, [217263385, 3794451652, 43113733, 1391647653, 2595391029]);
    write_burst_increment_linear(15, 460, [1988844525, 1511253940, 149755153, 1132964231, 2637422650]);
    write_burst_increment_linear(15, 480, [1672430535, 4215139574, 1098636674, 2490509864, 3555270823]);
    write_burst_increment_linear(15, 0, [4098321640, 2814256719, 550530369]);
    write_burst_increment_linear(15, 12, [1188444557, 3510423202, 1907835363]);
    write_burst_increment_linear(15, 24, [2635145274, 3290068104, 3570710185]);
    write_burst_increment_linear(15, 36, [4048709858, 3565786793, 3299436169]);
    write_burst_increment_linear(15, 48, [2048872948, 2965297249, 286842146]);
    write_burst_increment_linear(15, 60, [3485181599, 2237498890, 267751711]);
    write_burst_increment_linear(15, 204, [3316992139, 3444425882, 498550587, 1593063357]);
    write_burst_increment_linear(15, 220, [2789113420, 3375054482, 2270207502, 265177887]);
    write_burst_increment_linear(15, 204, [1027026298, 4242543865, 4074928869, 2037672434, 2453111844, 1813916632, 1179162508, 2346275351]);
    write_burst_increment_linear(15, 236, [1473299887, 2921934940, 3181105787, 2426851873, 510202684, 3238944898, 2978037347, 4054024419]);
    write_burst_increment_linear(15, 268, [1274503063, 3246699651, 1733076430, 1078311808, 3136246389, 703130451, 1288475545, 1947180520]);
    write_burst_increment_linear(15, 300, [1441619371, 922320749, 785797981, 3031106153, 1545775032, 777170268, 4136759533, 3418719895]);
    write_burst_increment_linear(15, 320, [447514933, 2779212875, 2446100003]);
    write_burst_increment_linear(15, 332, [2825173584, 2947096671, 1619853761]);
    write_burst_increment_linear(15, 344, [2018929648, 680902481, 3608948398]);
    write_burst_increment_linear(15, 356, [3689809079, 926111598, 612651337]);
    write_burst_increment_linear(15, 368, [1146768264, 2591516212, 651708749]);
    write_burst_increment_linear(15, 380, [1588215229, 2923942492, 95605003]);
    write_burst_increment_linear(15, 380, [531804479, 598143303, 4115994346, 3682162358, 1031680378, 3574029482, 1359174562, 1683016136]);
    write_burst_increment_linear(15, 412, [909983084, 3327475340, 1653844933, 410425648, 858030950, 1333416350, 717066581, 1761730514]);
    write_burst_increment_linear(15, 444, [203517208, 3557954216, 3461307036, 2499901994, 3712362170, 3873815757, 1283068312, 2153251840]);
    write_burst_increment_linear(15, 476, [1089838977, 455626550, 400393519, 3730299580, 1523548085, 3211952254, 2656320572, 1277106584]);
    write_burst_increment_linear(15, 16, [3065223277, 75033352]);
    write_burst_increment_linear(15, 24, [2711976515, 1377007012]);
    write_burst_increment_linear(15, 32, [685701969, 109284621]);
    write_burst_increment_linear(15, 40, [1897429986, 1206045583]);
    write_burst_increment_linear(15, 48, [3704264889, 2923874396]);
    write_burst_increment_linear(15, 56, [3990850779, 1621825473]);
    write_burst_increment_linear(15, 64, [760974682, 2208696327]);
    write_burst_increment_linear(15, 72, [3784583875, 1403037095]);
    write_burst_increment_linear(15, 80, [3276715142, 420051762]);
    write_burst_increment_linear(15, 88, [4292711679, 3082453615]);
    write_burst_increment_linear(15, 96, [437563188, 2609514039]);
    write_burst_increment_linear(15, 104, [2511127083, 1656650693]);
    write_burst_increment_linear(15, 112, [946721648, 2480758311]);
    write_burst_increment_linear(15, 120, [37254404, 386734894]);
    write_burst_increment_linear(15, 128, [952516465, 3288459400]);
    write_burst_increment_linear(15, 136, [4122551019, 1278061976]);
    write_burst_increment_linear(15, 328, [2652519484, 736632151, 225185562, 1210853776, 793483614]);
    write_burst_increment_linear(15, 348, [1302366619, 3601219245, 2444506659, 159730451, 2922261084]);
    write_burst_increment_linear(15, 308, [1459347885, 1372585379, 231922459, 2694685761, 1107839364]);
    write_burst_increment_linear(15, 328, [2454495268, 2845681747, 2066031606, 2692856385, 3597954220]);
    write_burst_increment_linear(15, 348, [256497438, 3537807525, 3508688034, 2294008849, 3549291175]);
    write_burst_increment_linear(15, 368, [2117566972, 1649144260, 2175528451, 2138966526, 2238690826]);
    write_burst_increment_linear(15, 388, [1004810103, 3104751218, 2898805849, 3399882901, 3438307481]);
    write_burst_increment_linear(15, 408, [3084575855, 1001411447, 279195937, 3639720113, 3068121709]);
    write_burst_increment_linear(15, 320, [372354860, 4168979184]);
    write_burst_increment_linear(15, 328, [3984291034, 3836399817]);
    write_burst_increment_linear(15, 336, [2572511282, 2251488268]);
    write_burst_increment_linear(15, 344, [149519121, 1988858861]);
    write_burst_increment_linear(15, 352, [2485955112, 2506008618]);
    write_burst_increment_linear(15, 360, [320922918, 3769325761]);
    write_burst_increment_linear(15, 368, [4104250089, 4264891644]);
    write_burst_increment_linear(15, 376, [1416954792, 2493121577]);
    write_burst_increment_linear(15, 384, [3574872746, 3760748736]);
    write_burst_increment_linear(15, 392, [74178824, 3813355718]);
    write_burst_increment_linear(15, 400, [58957575, 472174904]);
    write_burst_increment_linear(15, 68, [3364609169, 2371864090, 3609081518, 12910337, 2599491125, 1704110027, 1851132380]);
    write_burst_increment_linear(15, 96, [3234238593, 60143879, 816576353, 2859747924, 2965135457, 1990509549, 535003455]);
    write_burst_increment_linear(15, 124, [2525190189, 2325616661, 523169086, 1160500106, 1859735517, 449586997, 4159091951]);
    write_burst_increment_linear(15, 324, [94131979, 3278289030, 1754604497, 1927458789, 796512094]);
    write_burst_increment_linear(15, 344, [9447169, 3940415189, 1327743902, 4043233505, 3272608390]);
    write_burst_increment_linear(15, 364, [237741340, 855268197, 3787255491, 1236448147, 3354592399]);
    write_burst_increment_linear(15, 384, [2015798256, 3469955229, 2827429969, 4158436591, 1687783881]);
    write_burst_increment_linear(15, 404, [3794466500, 1072380287, 1482756528, 3277895302, 326278950]);
    write_burst_increment_linear(15, 284, [3738879165, 1424694185, 152173842, 679108432, 4254180603]);
    write_burst_increment_linear(15, 304, [381174573, 3459908764, 423882546, 2617195063, 449820469]);
    write_burst_increment_linear(15, 396, [554500418, 529662783, 2996299365]);
    write_burst_increment_linear(15, 304, [787081053, 1441683371]);
    write_burst_increment_linear(15, 312, [1063586686, 3982233306]);
    write_burst_increment_linear(15, 320, [3439648922, 1274911639]);
    write_burst_increment_linear(15, 328, [1423483305, 2417801248]);
    write_burst_increment_linear(15, 336, [2483848744, 3034694249]);
    write_burst_increment_linear(15, 344, [268156191, 1359219618]);
    write_burst_increment_linear(15, 352, [508378940, 1833519066]);
    write_burst_increment_linear(15, 360, [2161355777, 2502680618]);
    write_burst_increment_linear(15, 368, [2376611867, 834692451]);
    write_burst_increment_linear(15, 376, [4273503485, 3534870181]);
    write_burst_increment_linear(15, 168, [4132652780, 3235995265]);
    write_burst_increment_linear(15, 176, [1133190535, 1118742405]);
    write_burst_increment_linear(15, 184, [3905507537, 4038435553]);
    write_burst_increment_linear(15, 192, [2619863096, 37345540]);
    write_burst_increment_linear(15, 200, [2414136351, 2745718855]);
    write_burst_increment_linear(15, 208, [4036939489, 2342361623]);
    write_burst_increment_linear(15, 216, [1735023054, 2383833628]);
    write_burst_increment_linear(15, 224, [1398059430, 3062085229]);
    write_burst_increment_linear(15, 232, [2377011227, 2654569532]);
    write_burst_increment_linear(15, 240, [573855044, 1601223614]);
    write_burst_increment_linear(15, 248, [3757101247, 1574179771]);
    write_burst_increment_linear(15, 256, [4184487666, 1414525352]);
    write_burst_increment_linear(15, 364, [666855247, 4034173152]);
    write_burst_increment_linear(15, 372, [258801950, 3782960322]);
    write_burst_increment_linear(15, 380, [924575086, 1871501279]);
    write_burst_increment_linear(15, 388, [1344796064, 722757974]);
    write_burst_increment_linear(15, 396, [4014799582, 2202635782]);
    write_burst_increment_linear(15, 404, [1785434068, 1010243960]);
    write_burst_increment_linear(15, 412, [475067704, 3156842616]);
    write_burst_increment_linear(15, 420, [1626995649, 1386001829]);
    write_burst_increment_linear(15, 428, [3481853087, 4269773564]);
    write_burst_increment_linear(15, 436, [3622183599, 3009950822]);
    write_burst_increment_linear(15, 444, [683966289, 487446842]);
    write_burst_increment_linear(15, 452, [3481252510, 1445091756]);
    write_burst_increment_linear(15, 460, [235825436, 1667401670]);
    write_burst_increment_linear(15, 468, [469702967, 1970641386]);
    write_burst_increment_linear(15, 304, [3249156739, 3928293076]);
    write_burst_increment_linear(15, 312, [1576684475, 1063571838]);
    write_burst_increment_linear(15, 320, [2967609953, 1087931777]);
    write_burst_increment_linear(15, 328, [1863342046, 433306931]);
    write_burst_increment_linear(15, 336, [689251154, 440402228]);
    write_burst_increment_linear(15, 344, [1149943177, 2832313425]);
    write_burst_increment_linear(15, 352, [2144121855, 1824506329]);
    write_burst_increment_linear(15, 360, [2425771041, 3178679418]);
    write_burst_increment_linear(15, 368, [2342521367, 4185837298]);
    write_burst_increment_linear(15, 376, [118734094, 1720454093]);
    write_burst_increment_linear(15, 384, [1131424646, 3681744566]);
    write_burst_increment_linear(15, 392, [2251509772, 1635193282]);
    write_burst_increment_linear(15, 400, [660851534, 1697433546]);
    write_burst_increment_linear(15, 408, [248589597, 2816887887]);
    write_burst_increment_linear(15, 416, [1872980447, 425953586]);
    write_burst_increment_linear(15, 108, [1245792660, 230354203, 1723781581, 3327741580]);
    write_burst_increment_linear(15, 124, [2876167254, 3134572149, 1031582586, 1111838596]);
    write_burst_increment_linear(15, 140, [3806312133, 3187989116, 1090517377, 52476678]);
    write_burst_increment_linear(15, 160, [123785998, 2748804679, 2443105827, 2183143940]);
    write_burst_increment_linear(15, 176, [4137979629, 1785143252, 2367076378, 3652689587]);
    write_burst_increment_linear(15, 192, [1219538321, 3659780788, 1370801059, 1554100665]);
    write_burst_increment_linear(15, 208, [304851748, 1823136729, 2336935958, 639075148]);
    write_burst_increment_linear(15, 80, [1402143143, 1662577606, 2293682705, 2496996905, 649779533, 1465706926]);
    write_burst_increment_linear(15, 104, [2491685929, 3174033530, 3557717160, 4268438780, 1610901440, 2177342467]);
    write_burst_increment_linear(15, 128, [2857500756, 2375485467, 350929193, 1788404181, 4273629949, 3695011000]);
    write_burst_increment_linear(15, 208, [1220608401, 239833372, 3615836335, 2705933378]);
    write_burst_increment_linear(15, 224, [591813446, 719707989, 3810026694, 2048478708]);
    write_burst_increment_linear(15, 240, [1513074612, 1358818209, 2848783955, 1610179007]);
    write_burst_increment_linear(15, 256, [3831036104, 1451787181, 3137762934, 2368089626]);
    write_burst_increment_linear(15, 272, [622064970, 2793746509, 1266935191, 253042974]);
    write_burst_increment_linear(15, 288, [1172577675, 2827633233, 1014770040, 3823133895]);
    write_burst_increment_linear(15, 304, [1106948483, 1058063230, 444193588, 1014162296]);
    write_burst_increment_linear(15, 320, [527608126, 2826992721, 4025964767, 259280158]);
    write_burst_increment_linear(15, 12, [3908372689, 86735626]);
    write_burst_increment_linear(15, 20, [3538719397, 2062674421]);
    write_burst_increment_linear(15, 28, [2732213829, 3285126279]);
    write_burst_increment_linear(15, 36, [1548633528, 655257934]);
    write_burst_increment_linear(15, 44, [1913254884, 3276895366]);
    write_burst_increment_linear(15, 376, [1143107464, 3157980792, 2927153756, 2871786582, 1237546899]);
    write_burst_increment_linear(15, 396, [1925696997, 3677922486, 251262749, 2755905096, 3231806081]);
    write_burst_increment_linear(15, 416, [3854157003, 660704590, 125591310, 2874520662, 1071944063]);
    write_burst_increment_linear(15, 436, [1411410856, 1812723672, 361569067, 2244813835, 2998729829]);
    write_burst_increment_linear(15, 456, [3054701676, 3482776735, 3654245555, 1290957209, 1571806651]);
    write_burst_increment_linear(15, 476, [3467988637, 141218576, 4225544951, 2503631402, 3609784494]);
    write_burst_increment_linear(15, 284, [2768071753, 1736880591, 1835731930, 373374764, 1603602879, 586486085, 2117515772]);
    write_burst_increment_linear(15, 312, [2418691616, 3824473287, 3436224153, 933127535, 4153574127, 835754851, 359643434]);
    write_burst_increment_linear(15, 340, [2373302298, 4172716273, 123136270, 825523042, 2310611475, 3493137568, 2008877551]);
    write_burst_increment_linear(15, 424, [143329041, 3965330648]);
    write_burst_increment_linear(15, 432, [4220101367, 189513494]);
    write_burst_increment_linear(15, 440, [2712121411, 2792752716]);
    write_burst_increment_linear(15, 448, [1332171678, 623228234]);
    write_burst_increment_linear(15, 456, [1545900472, 874872680]);
    write_burst_increment_linear(15, 464, [652887885, 1402304935]);
    write_burst_increment_linear(15, 472, [4224316663, 3567873193]);
    write_burst_increment_linear(15, 480, [1345235872, 1030112634]);
    write_burst_increment_linear(15, 476, [1861031901, 4090049255]);
    write_burst_increment_linear(15, 344, [4122044139, 627622218]);
    write_burst_increment_linear(15, 352, [83982090, 2311683603]);
    write_burst_increment_linear(15, 360, [238472476, 4101379304]);
    write_burst_increment_linear(15, 368, [3548927655, 2769668682]);
    write_burst_increment_linear(15, 200, [4072508645, 2349867032, 421467954, 3329714316, 1686798281, 151545618]);
    write_burst_increment_linear(15, 224, [231554331, 3032593001, 1173889419, 3225325696, 2907551834, 1870253534]);
    write_burst_increment_linear(15, 248, [1068477311, 2504238634, 2623742520, 1684186568, 147070225, 353860394]);
    write_burst_increment_linear(15, 272, [2369771546, 813426016, 28192515, 1576309691, 971110259, 3350067855]);
    write_burst_increment_linear(15, 76, [87429386, 4195018996, 2950859359]);
    write_burst_increment_linear(15, 88, [3788609731, 282202913, 885508457]);
    write_burst_increment_linear(15, 100, [809124192, 3520206499, 3299651209]);
    write_burst_increment_linear(15, 300, [610048, 3449895067, 298507043, 1708782539, 2461016101]);
    write_burst_increment_linear(15, 320, [2260632077, 334436647, 835636579, 756682074, 2085589496]);
    write_burst_increment_linear(15, 340, [630419787, 57987334, 2170340354, 258679582, 3916984530]);
    write_burst_increment_linear(15, 124, [2911199835, 449612597]);
    write_burst_increment_linear(15, 328, [3695819448, 3734869181, 3600971437, 2482900519, 1988560877, 3382650003, 2897372249, 3177586810]);
    write_burst_increment_linear(15, 360, [4195846388, 4258863867, 1724433357, 1095161730, 3007716966, 1013556088, 1581959612, 364722987]);
    write_burst_increment_linear(15, 44, [555030850, 2804398158, 2504446506, 4076045541, 1838481371, 1300444059, 3952317143]);
    write_burst_increment_linear(15, 72, [3043324010, 3624548016, 3108351602, 2488210472, 3675354806, 3306474634, 2872364118]);
    write_burst_increment_linear(15, 100, [2460173349, 4186280691, 691244882, 691398482, 2699479617, 1524990389, 4019193567]);
    write_burst_increment_linear(15, 128, [732567383, 2940803166, 698792787, 2341110295, 1183464333, 3141424246, 1846313436]);
    write_burst_increment_linear(15, 368, [1499712434, 1869902302, 2555416624, 2647789627, 452941621, 3953277655, 664483663]);
    write_burst_increment_linear(15, 396, [3472664733, 989045621, 876788072, 4103258857, 250241309, 915597165, 222033690]);
    write_burst_increment_linear(15, 424, [2567622194, 3875218637, 3668516533, 3451043483, 2278995471, 1645978564, 2541226542]);
    write_burst_increment_linear(15, 452, [1826004441, 2821035088, 561071426, 3396543636, 426630450, 3432924825, 700856147]);
    write_burst_increment_linear(15, 288, [3585435307, 3176960122, 3834214089]);
    write_burst_increment_linear(15, 300, [1927763941, 412516145, 3527842468]);
    write_burst_increment_linear(15, 312, [2432182305, 3621268655, 4264160508]);
    write_burst_increment_linear(15, 324, [2467054118, 2701585474, 934004591]);
    write_burst_increment_linear(15, 336, [319085350, 1381877156, 2061619189]);
    write_burst_increment_linear(15, 140, [3411254422, 2892067928, 1893050849]);
    write_burst_increment_linear(15, 152, [3676440246, 949084529, 2499936810]);
    write_burst_increment_linear(15, 164, [1835639258, 2573597746, 4291356927]);
    write_burst_increment_linear(15, 176, [4000989916, 1855539677, 2702196290]);
    write_burst_increment_linear(15, 188, [157794066, 2303906322, 4256534267]);
    write_burst_increment_linear(15, 200, [4025074911, 3224120960, 1323569053]);
    write_burst_increment_linear(15, 212, [3475774622, 1065438591, 3069101677]);
    write_burst_increment_linear(15, 40, [3912159442, 3918052051, 2906031194, 4230615800, 576608580, 2807538254, 352417066, 1485932977]);
    write_burst_increment_linear(15, 72, [3622710447, 751707481, 2091704313, 2057007605, 2182731268, 1404527015, 3091868784, 2193049093]);
    write_burst_increment_linear(15, 104, [1064543614, 1360408482, 1011846520, 3754050751, 1328587166, 2147560448, 3150177911, 876833128]);
    write_burst_increment_linear(15, 136, [2922681948, 3225335424, 3609914542, 1701278154, 3806204613, 77654281, 3358655632, 3485258911]);
    write_burst_increment_linear(15, 80, [1571804091, 3288961672, 146699537]);
    write_burst_increment_linear(15, 92, [517989693, 4224083703, 358247722]);
    write_burst_increment_linear(15, 104, [454346038, 2168013826, 2795260493]);
    write_burst_increment_linear(15, 116, [2764471369, 2176691715, 858450278]);
    write_burst_increment_linear(15, 128, [245301021, 3309702794, 2506754602]);
    write_burst_increment_linear(15, 140, [293666595, 2374614043, 265564447]);
    write_burst_increment_linear(15, 152, [2730391109, 1945661927, 3919675091]);
    write_burst_increment_linear(15, 164, [3329928332, 3606007469, 2452285988]);
    write_burst_increment_linear(15, 176, [582026053, 3323859084, 1008512888]);
    write_burst_increment_linear(15, 188, [1161484682, 1153746313, 3540625062]);
    write_burst_increment_linear(15, 224, [3426450584, 183514901, 695240530, 1780200404, 292576034, 86856970]);
    write_burst_increment_linear(15, 248, [3323124364, 1809618903, 670028111, 4169985265, 455333174, 1632970690]);
    write_burst_increment_linear(15, 280, [505324348, 1303016347, 1241690516, 376121644, 2335965718, 2362864665, 518903613, 2915309659]);
    write_burst_increment_linear(15, 312, [840304484, 1040629628, 3214763135, 3530088100, 2906072666, 2792135244, 1634154434, 1917232100]);
    write_burst_increment_linear(15, 344, [3133644917, 1397495206, 2758076488, 2865452629, 1825141209, 3322411660, 4111455466, 3738280637]);
    write_burst_increment_linear(15, 376, [3004452966, 3203257981, 3449625243, 3108827762, 991019382, 4072797925, 857314150, 3367334545]);
    write_burst_increment_linear(15, 16, [523505982, 2957703264, 4045401314, 2687651392, 596539207, 709785940, 1408245159, 2191198725]);
    write_burst_increment_linear(15, 84, [2214849032, 3536129701, 3586764459, 496197435, 2274658831, 2768787018, 3909590226, 2566474289]);
    write_burst_increment_linear(15, 116, [1890862561, 2869794902, 1090223489, 1226345874, 1382431140, 1656635333, 4161587440, 270233888]);
    write_burst_increment_linear(15, 148, [3127197300, 2749920327, 2190524421, 2790196300, 872412519, 2523605036, 201743640, 1328485790]);
    write_burst_increment_linear(15, 180, [3736385213, 958530930, 2115132412, 1026697594, 3029180521, 1704032203, 758856026, 1884656096]);
    write_burst_increment_linear(15, 180, [2607372342, 586620229, 2789181004, 3759028416]);
    write_burst_increment_linear(15, 196, [1545357752, 2048042484, 1449050028, 3058308716]);
    write_burst_increment_linear(15, 212, [3519541923, 341853992, 2022685681, 2424193568]);
    write_burst_increment_linear(15, 228, [1593613757, 2135481342, 2029430769, 165541651]);
    write_burst_increment_linear(15, 260, [1839608795, 1859906525, 3664580276, 2148975616, 2082058232, 1529145270]);
    write_burst_increment_linear(15, 284, [3236767361, 2914781787, 3040667754, 546018625, 3104383602, 3280433799]);
    write_burst_increment_linear(15, 56, [3364415121, 1863665630, 1296628122, 2401432606]);
    write_burst_increment_linear(15, 72, [1482495408, 2411209247, 2421425696, 3707978426]);
    write_burst_increment_linear(15, 88, [1742301135, 2560502321, 1748859344, 247228189]);
    write_burst_increment_linear(15, 104, [3262646916, 3671629493, 3688782007, 2981689443]);
    write_burst_increment_linear(15, 4, [257120030, 3590632108, 1327264158]);
    write_burst_increment_linear(15, 16, [991974774, 1328651678, 2322255380]);
    write_burst_increment_linear(15, 28, [294193443, 135088400, 1700898762]);
    write_burst_increment_linear(15, 132, [3895791312, 2986113123, 3478438558]);
    write_burst_increment_linear(15, 144, [374823212, 2849846355, 1956682729]);
    write_burst_increment_linear(15, 156, [637377867, 3893677264, 2982621283]);
    write_burst_increment_linear(15, 168, [2847097427, 1084523905, 2696282689]);
    write_burst_increment_linear(15, 180, [4055360227, 3338968206, 892908906]);
    write_burst_increment_linear(15, 192, [853150053, 3534217893, 395678511]);
    write_burst_increment_linear(15, 204, [192097558, 779004764, 1969197034]);
    write_burst_increment_linear(15, 36, [1121125253, 984990581, 5741312, 1370663843, 675158864, 2034669554, 1224756114, 3249759363]);
    write_burst_increment_linear(15, 68, [2600497206, 2494707753, 1443148204, 3441387162, 1077503360, 3133231221, 2916255323, 1751270352]);
    write_burst_increment_linear(15, 388, [1765687250, 2905820762, 2570346034, 3031841897]);
    write_burst_increment_linear(15, 404, [823683938, 4142775533, 2306173458, 1913672164]);
    write_burst_increment_linear(15, 420, [2047119860, 2156508673, 2704023106, 1794394069]);
    write_burst_increment_linear(15, 260, [3688929975, 341032744, 1150713737, 218166042, 1714522572, 3778288834, 400474927]);
    write_burst_increment_linear(15, 176, [1143965064, 2253862924, 938402671, 3432277657, 3247561859, 1165462922]);
    write_burst_increment_linear(15, 200, [1027901306, 246295325, 3257313924, 396316975, 1359557538, 2364636185]);
    write_burst_increment_linear(15, 224, [2600633910, 3325784716, 863102310, 3734513853, 550096705, 1301650843]);
    write_burst_increment_linear(15, 248, [1429822378, 2159459329, 336371496, 1317027229, 2589723700, 1388872613]);
    write_burst_increment_linear(15, 272, [4184003314, 2294447121, 3734255805, 4194010867, 2034763250, 3393472660]);
    write_burst_increment_linear(15, 252, [2130333693, 2970266722, 4228070648]);
    write_burst_increment_linear(15, 264, [864590695, 3448895643, 4266536700]);
    write_burst_increment_linear(15, 276, [3386754707, 2911499867, 3973935833]);
    write_burst_increment_linear(15, 288, [1575590331, 2830974033, 4150149358]);
    write_burst_increment_linear(15, 300, [503294779, 2865752661, 1073836416]);
    write_burst_increment_linear(15, 312, [3256342148, 2002275310, 1465507246]);
    write_burst_increment_linear(15, 324, [1581574588, 3834959049, 1815069144]);
    write_burst_increment_linear(15, 336, [3456232604, 4226348279, 2174424067]);
    write_burst_increment_linear(15, 348, [3173201530, 1944082407, 2220990472]);
    write_burst_increment_linear(15, 360, [2511615531, 1028692346, 3370587793]);
    write_burst_increment_linear(15, 44, [3789416643, 168215316, 528501055]);
    write_burst_increment_linear(15, 56, [77370633, 941508464, 3215265919]);
    write_burst_increment_linear(15, 68, [3897897168, 2407974431, 2333044758]);
    write_burst_increment_linear(15, 408, [1331847070, 3994576604]);
    write_burst_increment_linear(15, 416, [1282133912, 2014063600]);
    write_burst_increment_linear(15, 424, [3893219536, 1418971049]);
    write_burst_increment_linear(15, 432, [5896960, 3520820387]);
    write_burst_increment_linear(15, 440, [2768911946, 3935115477]);
    write_burst_increment_linear(15, 448, [339167528, 1186668941]);
    write_burst_increment_linear(15, 456, [1137567623, 2763941961]);
    write_burst_increment_linear(15, 464, [4288370943, 3925809875]);
    write_burst_increment_linear(15, 472, [1837680091, 1784710612]);
    write_burst_increment_linear(15, 404, [905377643, 3069240941]);
    write_burst_increment_linear(15, 412, [2679070783, 653054285]);
    write_burst_increment_linear(15, 420, [14421249, 3883949263]);
    write_burst_increment_linear(15, 428, [1110657412, 3828528840]);
    write_burst_increment_linear(15, 436, [93114635, 1724548557]);
    write_burst_increment_linear(15, 444, [451063093, 3026273384]);
    write_burst_increment_linear(15, 452, [2763329097, 599635783]);
    write_burst_increment_linear(15, 460, [4115216618, 1510814644]);
    write_burst_increment_linear(15, 468, [4177220849, 1993609709]);
    write_burst_increment_linear(15, 476, [4204484853, 3920428755]);
    write_burst_increment_linear(15, 24, [3356812432, 728359766, 91581194, 3194473084]);
    write_burst_increment_linear(15, 40, [2259869709, 3513844898, 2003527150, 1998762478]);
    write_burst_increment_linear(15, 56, [3649744563, 3945520342, 1733457358, 1608671167]);
    write_burst_increment_linear(15, 72, [2733754437, 2321201172, 469989688, 326826790]);
    write_burst_increment_linear(15, 32, [473003320, 2298779666, 2343527959, 671453008]);
    write_burst_increment_linear(15, 48, [3769071297, 3692037304, 215191833, 2474316838]);
    write_burst_increment_linear(15, 64, [1837592539, 35795204, 2680188479, 544964928]);
    write_burst_increment_linear(15, 80, [3354429071, 3597489324, 2495351849, 2981784675]);
    write_burst_increment_linear(15, 96, [883075945, 295529763, 2236298250, 3236639873]);
    write_burst_increment_linear(15, 112, [2682947647, 2111060475, 3237835393, 3659330228]);
    write_burst_increment_linear(15, 128, [307071780, 543503168, 1157174153, 4074144997]);
    write_burst_increment_linear(15, 144, [3723877563, 357668138, 3393659540, 3102901873]);
    write_burst_increment_linear(15, 352, [3040564330, 2008999407, 2026785265, 2104786938, 3720809147]);
    write_burst_increment_linear(15, 96, [4094919912, 4106092777, 2693739073]);
    write_burst_increment_linear(15, 108, [151840018, 3403832981, 1388821413]);
    write_burst_increment_linear(15, 120, [662727503, 2412188191, 1339356063]);
    write_burst_increment_linear(15, 132, [2948042335, 2494903337, 2059646965]);
    write_burst_increment_linear(15, 144, [4106772713, 2416502304, 2944338526]);
    write_burst_increment_linear(15, 372, [3502058657, 3975697625, 2981687395, 2768344138, 3390608020]);
    write_burst_increment_linear(15, 392, [2786927692, 2740390982, 1143440264, 385874733, 1681268168]);
    write_burst_increment_linear(15, 404, [3106047602, 2247063563, 3777145538, 3023208552, 1555328953, 3546628262]);
    write_burst_increment_linear(15, 408, [2048959476, 371311916, 853909349]);
    write_burst_increment_linear(15, 420, [131509519, 3637296817, 3190583932]);
    write_burst_increment_linear(15, 432, [4235678968, 2364856857, 659320142]);
    write_burst_increment_linear(15, 444, [3303355017, 2131112958, 967587699]);
    write_burst_increment_linear(15, 456, [563497795, 3501386913, 553203521]);
    write_burst_increment_linear(15, 244, [2036146162, 108030220, 1160628106, 2118437884, 1688232905, 436279604, 4178009330]);
    write_burst_increment_linear(15, 272, [632718667, 4212080886, 269134112, 163255059, 1529899958, 3843011786, 3959677656]);
    write_burst_increment_linear(15, 300, [298205987, 2395023901, 1226668434, 2207142407, 3819048135, 2379230747, 1334185375]);
    write_burst_increment_linear(15, 328, [2281849872, 1256147349, 2458493989, 4158958319, 3334129293, 1694668234, 2550822448]);
    write_burst_increment_linear(15, 424, [525095230, 1050521981, 3581634218]);
    write_burst_increment_linear(15, 436, [2637728826, 1355915169, 4203696885]);
    write_burst_increment_linear(15, 448, [1030970746, 1817391576, 655462222]);
    write_burst_increment_linear(15, 460, [3135073909, 1332188062, 1750848976]);
    write_burst_increment_linear(15, 472, [228855067, 1261175190, 1836372442]);
    write_burst_increment_linear(15, 56, [893560682, 2931837533, 4228651768, 2363700249, 2408538143, 2627867705, 3150005879, 1863356894]);
    write_burst_increment_linear(15, 88, [1450969516, 2490748456, 2871012950, 3615477934, 3734530749, 1723717069, 3174596218, 3782849730]);
    write_burst_increment_linear(15, 120, [1856968157, 2563260977, 3305284746, 2271785998, 1917932004, 4207604981, 365676843, 2505379370]);
    write_burst_increment_linear(15, 232, [3105930866, 2766630985, 1023366009, 553617729, 3968040665]);
    write_burst_increment_linear(15, 252, [885444457, 678702416]);
    write_burst_increment_linear(15, 260, [1972163051, 388241710]);
    write_burst_increment_linear(15, 268, [1950476264, 1464335278]);
    write_burst_increment_linear(15, 276, [2221406216, 1175197580]);
    write_burst_increment_linear(15, 284, [3382036115, 3430736536]);
    write_burst_increment_linear(15, 292, [4162931952, 2933251165]);
    write_burst_increment_linear(15, 300, [3098093169, 2606985782]);
    write_burst_increment_linear(15, 308, [3948210390, 2851067987]);
    write_burst_increment_linear(15, 316, [426018098, 4084397286]);
    write_burst_increment_linear(15, 12, [2140501503, 878586216, 3716275387]);
    write_burst_increment_linear(15, 24, [3559254696, 3090399344, 3766665921]);
    write_burst_increment_linear(15, 36, [768507739, 2804001358, 872506216]);
    write_burst_increment_linear(15, 48, [397907759, 3836511433, 1667815366]);
    write_burst_increment_linear(15, 60, [3280512647, 714571093, 1196039054]);
    write_burst_increment_linear(15, 120, [820391777, 98052875, 3517385379, 1715647948, 4189874931]);
    write_burst_increment_linear(15, 140, [4142139629, 1357938593, 2220260872, 3669048501, 1522190261]);
    write_burst_increment_linear(15, 160, [3887089359, 3239988354, 2042482675, 3978337498, 622227274]);
    write_burst_increment_linear(15, 372, [959561586, 289415970, 858957158, 883377513, 3954952407, 343975209, 2504065066]);
    write_burst_increment_linear(15, 400, [3506524322, 3181695611, 213522713, 3133885557, 865396071, 3244289154, 2745769031]);
    write_burst_increment_linear(15, 428, [3217454719, 461308214, 1978589675, 1897532898, 4018416351, 2866961493, 2964208737]);
    write_burst_increment_linear(15, 28, [1642154947, 451535157]);
    write_burst_increment_linear(15, 36, [1277532568, 2045021171]);
    write_burst_increment_linear(15, 44, [3221100159, 3140237942]);
    write_burst_increment_linear(15, 52, [1531473334, 843158884]);
    write_burst_increment_linear(15, 60, [632909643, 221213466]);
    write_burst_increment_linear(15, 68, [1757674449, 3519828131]);
    write_burst_increment_linear(15, 76, [2933054557, 2406653982]);
    write_burst_increment_linear(15, 84, [1355656609, 3519559843]);
    write_burst_increment_linear(15, 92, [1604366271, 1760339409]);
    write_burst_increment_linear(15, 100, [2889855064, 3643182258]);
    write_burst_increment_linear(15, 108, [1666969542, 669521743]);
    write_burst_increment_linear(15, 116, [3536121509, 3049407595]);
    write_burst_increment_linear(15, 276, [3210485374, 133475087, 1939373031]);
    write_burst_increment_linear(15, 288, [3356529808, 2690029120, 1625161665]);
    write_burst_increment_linear(15, 300, [3552666791, 3326907020, 1077012864]);
    write_burst_increment_linear(15, 312, [3634655409, 1145810312, 874446696]);
    write_burst_increment_linear(15, 324, [1271402903, 3886206671, 2387128860]);
    write_burst_increment_linear(15, 336, [1377468836, 2538129966, 2694750785]);
    write_burst_increment_linear(15, 348, [1308987292, 1349159328, 1442157483]);
    write_burst_increment_linear(15, 360, [3730061500, 2284265488, 574571332]);
    write_burst_increment_linear(15, 372, [3818758855, 3888291535, 377880877]);
    write_burst_increment_linear(15, 168, [3368717457, 2652321340, 4211692278, 3491481248]);
    write_burst_increment_linear(15, 200, [3481165982, 4070365413, 348831017, 2915088475]);
    write_burst_increment_linear(15, 216, [2741074502, 1082527617, 2276965903, 3208576638]);
    write_burst_increment_linear(15, 232, [1422253481, 3397640853, 3201185405, 2043983347]);
    write_burst_increment_linear(15, 248, [276240672, 1370582435, 3643774642, 3921763027]);
    write_burst_increment_linear(15, 264, [1519875509, 2942405726, 4016178398, 2930911837]);
    write_burst_increment_linear(15, 280, [418119985, 4026194655, 3246157954, 2969443937]);
    write_burst_increment_linear(15, 296, [3219687039, 26457347, 1980925420, 10614017]);
    write_burst_increment_linear(15, 312, [2927334492, 2454599204, 1440788395, 3657181363]);
    write_burst_increment_linear(15, 264, [2353591832, 9253633]);
    write_burst_increment_linear(15, 272, [3461570716, 3559567016]);
    write_burst_increment_linear(15, 280, [3185465979, 2935659613]);
    write_burst_increment_linear(15, 288, [1943602151, 3396804244]);
    write_burst_increment_linear(15, 296, [1244139924, 2041855475]);
    write_burst_increment_linear(15, 304, [3622714031, 1010094968]);
    write_burst_increment_linear(15, 312, [3043202154, 3779223746]);
    write_burst_increment_linear(15, 320, [529787199, 2990536292]);
    write_burst_increment_linear(15, 328, [4061929700, 1831867354]);
    write_burst_increment_linear(15, 336, [4039025889, 426080562]);
    write_burst_increment_linear(15, 344, [4100371176, 2669092414]);
    write_burst_increment_linear(15, 352, [2935147613, 927925102]);
    write_burst_increment_linear(15, 360, [1323174301, 1953240040]);
    write_burst_increment_linear(15, 368, [3349183631, 2083455992]);
    write_burst_increment_linear(15, 376, [3579746986, 1124743558]);
    write_burst_increment_linear(15, 384, [1782550996, 3710689978]);
    write_burst_increment_linear(15, 108, [596627271, 2497587241, 2753104968, 3091206768, 3702338745]);
    write_burst_increment_linear(15, 128, [3036338793, 2209223175, 1513355700, 3599908525, 2098478586]);
    write_burst_increment_linear(15, 148, [1798110678, 364262699, 3580958890, 3247670915, 115790605]);
    write_burst_increment_linear(15, 168, [290021154, 3989614811, 2169223170, 412837681, 4242527481]);
    write_burst_increment_linear(15, 188, [2942611550, 1081445248, 524631870, 3426202264, 216106777]);
    write_burst_increment_linear(15, 208, [1231780754, 3114642035, 3170292345, 2889899096, 2401616926]);
    write_burst_increment_linear(15, 248, [2910217306, 1308175771, 1102123907, 2835905106, 1124407174, 29137155, 2382013979]);
    write_burst_increment_linear(15, 276, [291494690, 2701874242, 3710863034, 3401608853, 2408410143, 2362465817, 3026732136]);
    write_burst_increment_linear(15, 24, [1011703160, 2471676966, 4159410415, 203456280, 3630111920]);
    write_burst_increment_linear(15, 44, [864803175, 923810670, 609930568, 2202324486, 1771177939]);
    write_burst_increment_linear(15, 64, [4195043060, 317347109, 1578663868, 366802731, 2945491039]);
    write_burst_increment_linear(15, 296, [790688094, 1493090737]);
    write_burst_increment_linear(15, 304, [4080520422, 1689929161]);
    write_burst_increment_linear(15, 312, [1639294915, 494985019]);
    write_burst_increment_linear(15, 320, [136397584, 1940560871]);
    write_burst_increment_linear(15, 328, [3811372742, 529179967]);
    write_burst_increment_linear(15, 336, [4027344608, 1066640255]);
    write_burst_increment_linear(15, 344, [141931280, 1886065632]);
    write_burst_increment_linear(15, 352, [2248475660, 2521019436]);
    write_burst_increment_linear(15, 360, [1987813356, 3298222217]);
    write_burst_increment_linear(15, 368, [4111575786, 3440701082]);
    write_burst_increment_linear(15, 376, [903028587, 4033121504]);
    write_burst_increment_linear(15, 384, [650093389, 1661545414]);
    write_burst_increment_linear(15, 340, [3399878805, 3160166520, 3562024616, 1130265478, 932242287]);
    write_burst_increment_linear(15, 360, [3129906805, 933223791, 2205659654, 199938839, 1219208593]);
    write_burst_increment_linear(15, 368, [2665979965, 2709150786]);
    write_burst_increment_linear(15, 376, [3760928448, 3930270420]);
    write_burst_increment_linear(15, 384, [719813461, 2501207594]);
    write_burst_increment_linear(15, 172, [1485878193, 4139050733, 2756375112, 1346516384]);
    write_burst_increment_linear(15, 188, [3552624295, 384705837, 2555657776, 2150018048]);
    write_burst_increment_linear(15, 76, [1819947480, 1090632578, 3734219453, 1676653511, 3806949061, 4221593335, 164907283]);
    write_burst_increment_linear(15, 104, [3976483034, 1398395302, 482820409, 1748257232, 1627308993, 1565885370, 2522317356]);
    write_burst_increment_linear(15, 132, [1461500334, 4003046621, 2184671748, 2283547664, 2531615277, 3716108986, 672615248]);
    write_burst_increment_linear(15, 252, [3648354482, 2426887713]);
    write_burst_increment_linear(15, 420, [1882235360, 3991403227, 1148255624]);
    write_burst_increment_linear(15, 432, [2248294412, 2888546392, 3454699675]);
    write_burst_increment_linear(15, 444, [1429762474, 2345235479, 2646106683]);
    write_burst_increment_linear(15, 456, [161844499, 2910764634, 450374965]);
    write_burst_increment_linear(15, 468, [2751993928, 3674559670, 4216897270]);
    write_burst_increment_linear(15, 152, [4044295906, 3665664692]);
    write_burst_increment_linear(15, 160, [4038549729, 1908284387]);
    write_burst_increment_linear(15, 168, [3585739435, 2723342404]);
    write_burst_increment_linear(15, 176, [435071283, 2318234132]);
    write_burst_increment_linear(15, 184, [1704841163, 814017889]);
    write_burst_increment_linear(15, 192, [2236640778, 1153842569]);
    write_burst_increment_linear(15, 56, [1169851787, 3529694884, 1527546294, 184952086, 1195055502, 560144706, 3838225097, 4070558949]);
    write_burst_increment_linear(15, 88, [843285348, 785522013, 1144961416, 2359779865, 2183532548, 896707434, 1219156369, 3015319655]);
    write_burst_increment_linear(15, 120, [2128072189, 1377528228, 2345792023, 2451506212, 2583462451, 2723328580, 3774331073, 1891814881]);
    write_burst_increment_linear(15, 152, [4206018293, 2460656677, 3230175361, 2884890711, 69193480, 3101497969, 1552264121, 2313072147]);
    write_burst_increment_linear(15, 108, [1858667485, 3965540568, 1516749236, 1769542098, 2869864022, 1594239422, 2390125084, 2158326785]);
    write_burst_increment_linear(15, 140, [3739032253, 3396237972, 809797472, 2797750861, 2947520607, 810638688, 775336796, 2051833332]);
    write_burst_increment_linear(15, 172, [1267407767, 2809698382, 3544271526, 3315447435, 4126826219, 227065115, 2202298886, 9987329]);
    write_burst_increment_linear(15, 204, [2596921397, 328012583, 3811045062, 3675501750, 579067205, 826517858, 2293723665, 1007129464]);
    write_burst_increment_linear(15, 264, [3782780610, 1404892071, 2537913390, 635677003, 2367971354]);
    write_burst_increment_linear(15, 284, [1054950269, 213292825, 147215121, 1777135059, 3312615050]);
    write_burst_increment_linear(15, 224, [406036272, 2651480124, 1954403304, 2111628795, 3830276808, 537357120, 1860379101, 1942776807]);
    write_burst_increment_linear(15, 256, [2215264776, 2179335683, 3089019504, 2961239649, 3511844002, 1235894675, 3792315588, 2821218896]);
    write_burst_increment_linear(15, 288, [367529259, 1568073658, 3336491149, 1616736192, 1432530346, 240747292, 2324813333, 852721509]);
    write_burst_increment_linear(15, 320, [3974880473, 2379637275, 3622833839, 683851601, 1153095049, 1513394612, 1970935786, 1528044982]);
    write_burst_increment_linear(15, 252, [2202878470, 1383323044, 3146172535, 3372140177, 2839322194]);
    write_burst_increment_linear(15, 272, [904729451, 1241688980, 247031581, 2573556274, 1409452968]);
    write_burst_increment_linear(15, 292, [4031220448, 2484586024, 2418762272, 129251599, 2300458514]);
    write_burst_increment_linear(15, 184, [597309767, 2381902875]);
    write_burst_increment_linear(15, 192, [1187695501, 3308577930]);
    write_burst_increment_linear(15, 200, [2124799485, 2998516325]);
    write_burst_increment_linear(15, 208, [1172029835, 3644890290]);
    write_burst_increment_linear(15, 216, [3679334582, 3314692235]);
    write_burst_increment_linear(15, 224, [3515954339, 1679423944]);
    write_burst_increment_linear(15, 232, [1909391843, 2747314759]);
    write_burst_increment_linear(15, 240, [2609303607, 858109798]);
    write_burst_increment_linear(15, 248, [2506019882, 1091526018]);
    write_burst_increment_linear(15, 256, [1006699384, 447370549]);
    write_burst_increment_linear(15, 264, [1387986341, 3119516275]);
    write_burst_increment_linear(15, 272, [509146428, 3293317768]);
    write_burst_increment_linear(15, 280, [359892266, 2371377178]);
    write_burst_increment_linear(15, 48, [3663569076, 1026984826, 1383363492, 1650433988, 1032913787]);
    write_burst_increment_linear(15, 68, [2854372948, 1072979839, 4227664119, 2853918292, 4023382751]);
    write_burst_increment_linear(15, 88, [2327564821, 1940030439, 1519991733, 2375318555, 1707593675]);
    write_burst_increment_linear(15, 108, [1924257765, 3048671851, 3626078384, 1427835818, 2397540893]);
    write_burst_increment_linear(15, 128, [3264012933, 3543242406, 947520880, 1860633053, 2293931537]);
    write_burst_increment_linear(15, 148, [2482224679, 2548496431, 1434856875, 2017712624, 2553803312]);
    write_burst_increment_linear(15, 84, [1046143356, 1800437718, 2181149188]);
    write_burst_increment_linear(15, 96, [3805413061, 1240593299, 1902266338]);
    write_burst_increment_linear(15, 108, [246670621, 3406619286, 557274946]);
    write_burst_increment_linear(15, 120, [3169090169, 1435076011, 4245107962]);
    write_burst_increment_linear(15, 132, [792065374, 2140279807, 2752142920]);
    write_burst_increment_linear(15, 144, [1071338367, 2528476717, 1661717958]);
    write_burst_increment_linear(15, 156, [3044606058, 1961843177, 568744771]);
    write_burst_increment_linear(15, 168, [831792483, 1566487994, 1175528332]);
    write_burst_increment_linear(15, 180, [449689909, 2693486145, 4174874353]);
    write_burst_increment_linear(15, 84, [4070458597, 2493788201, 2361681433]);
    write_burst_increment_linear(15, 96, [402913584, 1708685771, 53734662]);
    write_burst_increment_linear(15, 108, [525455166, 162963731, 2879549015]);
    write_burst_increment_linear(15, 120, [512122685, 2695489601, 796037470]);
    write_burst_increment_linear(15, 132, [1599813054, 827596642, 3800932037]);
    write_burst_increment_linear(15, 144, [951110001, 632330059, 3123022452]);
    write_burst_increment_linear(15, 156, [2161810433, 3819962567, 1114316164]);
    write_burst_increment_linear(15, 168, [3148791415, 3879161550, 1144043400]);
    write_burst_increment_linear(15, 180, [3371832977, 3102447217, 2675892798]);
    write_burst_increment_linear(15, 192, [200353559, 4089417959, 2029759985]);
    write_burst_increment_linear(15, 172, [1857970653, 3087735920, 222749466, 490467130, 1613679552, 794418526, 1428777386]);
    write_burst_increment_linear(15, 200, [3013651047, 2843724370, 12561153, 4263385340, 460298038, 938998127, 1605597119]);
    write_burst_increment_linear(15, 228, [878439784, 2205973510, 411939633, 2351491608, 968860531, 2601904694, 910366060]);
    write_burst_increment_linear(15, 256, [3996939484, 1250408341, 1217473425, 2755787336, 3667869365, 1674601927, 3868608717]);
    write_burst_increment_linear(15, 356, [1412174760, 3044180074]);
    write_burst_increment_linear(15, 364, [2613511223, 3687923383]);
    write_burst_increment_linear(15, 372, [3817083591, 4147812590]);
    write_burst_increment_linear(15, 380, [2334267414, 1005757303]);
    write_burst_increment_linear(15, 388, [4085683943, 1827743705]);
    write_burst_increment_linear(15, 396, [2685443136, 2694778433]);
    write_burst_increment_linear(15, 404, [3223234688, 225100570]);
    write_burst_increment_linear(15, 412, [3938418389, 835420515]);
    write_burst_increment_linear(15, 420, [3041268842, 3406547606]);
    write_burst_increment_linear(15, 428, [4198000884, 2750592583]);
    write_burst_increment_linear(15, 436, [1355901345, 3223607936]);
    write_burst_increment_linear(15, 444, [235784476, 3134269557]);
    write_burst_increment_linear(15, 452, [1593569213, 3339472526]);
    write_burst_increment_linear(15, 460, [1355205025, 2380338203]);
    write_burst_increment_linear(15, 468, [498316091, 2583642163]);
    write_burst_increment_linear(15, 32, [1454936493, 1603279807]);
    write_burst_increment_linear(15, 40, [4032497888, 537454912]);
    write_burst_increment_linear(15, 48, [30365443, 1338148255]);
    write_burst_increment_linear(15, 56, [1112165252, 606876488]);
    write_burst_increment_linear(15, 64, [1708291019, 2838806098]);
    write_burst_increment_linear(15, 72, [3937236181, 801139039]);
    write_burst_increment_linear(15, 80, [1780776404, 1405728679]);
    write_burst_increment_linear(15, 88, [204965656, 518348093]);
    write_burst_increment_linear(15, 96, [3180843643, 1486952369]);
    write_burst_increment_linear(15, 404, [700665171, 2806319182, 2064802294, 3695349944, 1385005989, 3420140183, 2440023074]);
    write_burst_increment_linear(15, 432, [3997790940, 4242384121, 1651880900, 2204148230, 3163066489, 1996382701, 2476491815]);
    write_burst_increment_linear(15, 460, [1713532876, 4117038314, 2790465612, 2288542224, 3932781780, 2367400986, 314839845]);
    write_burst_increment_linear(15, 116, [4142538477, 3134716533, 2419216928, 1479134128, 2163930625]);
    write_burst_increment_linear(15, 136, [4221775095, 4107956969, 2611852855, 812974432, 3189463676]);
    write_burst_increment_linear(15, 156, [4155278575, 2598159413, 4236995833, 3145122422, 3861025996]);
    write_burst_increment_linear(15, 100, [1815441880, 3436871833]);
    write_burst_increment_linear(15, 108, [2712262211, 3930910420]);
    write_burst_increment_linear(15, 116, [1965597674, 2205393414]);
    write_burst_increment_linear(15, 160, [3620001967, 2673251390, 2421330464]);
    write_burst_increment_linear(15, 172, [1429994922, 1196212622, 3157833848]);
    write_burst_increment_linear(15, 184, [1357177249, 1157954442, 2126099453]);
    write_burst_increment_linear(15, 184, [3494235296, 490399034]);
    write_burst_increment_linear(15, 192, [1233918867, 463624503]);
    write_burst_increment_linear(15, 200, [3050498155, 928548718]);
    write_burst_increment_linear(15, 208, [1449902508, 1814302680]);
    write_burst_increment_linear(15, 368, [4277924093, 3919995091, 3945430230, 4112845546, 947095920, 2574463026, 3919899347, 1624761793]);
    write_burst_increment_linear(15, 400, [1728783822, 918943085, 3716433595, 1599687614, 734383447, 3836430537, 399343919, 4254479611]);
    write_burst_increment_linear(15, 432, [3845477066, 2436860450, 300040995, 276914465, 692469074, 3658141876, 4146920174, 802114911]);
    write_burst_increment_linear(15, 100, [4067569892, 533477695, 199862551, 243382045, 3906341073, 1502355891]);
    write_burst_increment_linear(15, 124, [4041486561, 2870498390, 2430374945, 3344637582, 1625010113, 1687558089]);
    write_burst_increment_linear(15, 36, [669329743, 3167580281, 245518109, 1127269254, 163608851, 203684632, 2224773129]);
    write_burst_increment_linear(15, 64, [1806914007, 2845814867, 2687345728, 947727216, 3228878464, 3512942242, 4078759142]);
    write_burst_increment_linear(15, 92, [285282082, 3098738801, 4257238267, 1094848386, 2842890322, 2565839409, 996984694]);
    write_burst_increment_linear(15, 320, [2232113674, 1982566892, 1698128842, 1059396990]);
    write_burst_increment_linear(15, 336, [2379706907, 4144047854, 2853632, 3786407107]);
    write_burst_increment_linear(15, 352, [2769369674, 1214712208, 1009353080, 3344247950]);
    write_burst_increment_linear(15, 368, [506044732, 3821416135, 2735673414, 1712130508]);
    write_burst_increment_linear(15, 384, [1773031379, 3360511632, 2832517201, 3338382477]);
    write_burst_increment_linear(15, 264, [4069324005, 1451947949, 1351835041, 1567660986]);
    write_burst_increment_linear(15, 280, [609254728, 2774140490, 15233793, 4184444658]);
    write_burst_increment_linear(15, 284, [2170574850, 3586620075]);
    write_burst_increment_linear(15, 292, [3397451413, 3007803494]);
    write_burst_increment_linear(15, 300, [2668054078, 4220053751]);
    write_burst_increment_linear(15, 308, [1201700751, 4259188475]);
    write_burst_increment_linear(15, 316, [2662556221, 2442167843]);
    write_burst_increment_linear(15, 324, [1830877658, 129291023]);
    write_burst_increment_linear(15, 332, [745044312, 1413788072]);
    write_burst_increment_linear(15, 340, [2812681807, 3415767703]);
    write_burst_increment_linear(15, 348, [1067783551, 1830257626]);
    write_burst_increment_linear(15, 356, [251418397, 632782667]);
    write_burst_increment_linear(15, 364, [32408835, 748869977]);
    write_burst_increment_linear(15, 372, [3666137269, 2317229076]);
    write_burst_increment_linear(15, 380, [1008522616, 1820610521]);
    write_burst_increment_linear(15, 388, [3932255956, 418533681]);
    write_burst_increment_linear(15, 396, [2523319852, 1962491881]);
    write_burst_increment_linear(15, 88, [37406980, 2343221783]);
    write_burst_increment_linear(15, 96, [1017391481, 210415897]);
    write_burst_increment_linear(15, 104, [3315188875, 3458920604]);
    write_burst_increment_linear(15, 112, [887785321, 3432510105]);
    write_burst_increment_linear(15, 120, [2119881212, 2596176437]);
    write_burst_increment_linear(15, 128, [388491566, 2021625840]);
    write_burst_increment_linear(15, 136, [2253539340, 85925130]);
    write_burst_increment_linear(15, 144, [3368488081, 3997569756]);
    write_burst_increment_linear(15, 152, [1849706972, 3566152361]);
    write_burst_increment_linear(15, 160, [2775871050, 3579234474]);
    write_burst_increment_linear(15, 168, [99396875, 1850072028]);
    write_burst_increment_linear(15, 176, [3013233255, 4056923875]);
    write_burst_increment_linear(15, 184, [3959623896, 882579817]);
    write_burst_increment_linear(15, 0, [2264108045, 4208271605, 3455603355, 3723953851, 1315743644, 4149170414]);
    write_burst_increment_linear(15, 108, [2705615938, 137311504, 640420684, 3608820398, 3445058714, 1261197206, 3358445712, 1873890271]);
    write_burst_increment_linear(15, 140, [3130069109, 3524247716, 3253599875, 1590047165, 589025606, 1428864426, 425881906, 3261469828]);
    write_burst_increment_linear(15, 172, [4005554909, 3605092013, 3645162162, 975104372, 52386566, 1874222559, 313413413, 485184825]);
    write_burst_increment_linear(15, 116, [2615067703, 3816876743, 2733152325, 3661843636, 2106680827, 1386464165, 1070671743, 3715904698]);
    write_burst_increment_linear(15, 140, [1640974787, 552905025, 2007925743, 878321512]);
    write_burst_increment_linear(15, 156, [2610471991, 4240008441, 753246553, 1010983288]);
    write_burst_increment_linear(15, 172, [4261160187, 1400734118, 3108436082, 4020871391]);
    write_burst_increment_linear(15, 188, [650208589, 1023732090, 62031623, 2344135703]);
    write_burst_increment_linear(15, 204, [3991912155, 1927302117, 2847802963, 2548239919]);
    write_burst_increment_linear(15, 48, [3245544066, 3536582821, 530409279, 3032517225, 232113947, 3032698473]);
    write_burst_increment_linear(15, 72, [4167842544, 2798372429, 2946954847, 388935982, 2659268157, 3000460389]);
    write_burst_increment_linear(15, 96, [2323458580, 1790458837, 159435027, 3976848090, 829797218, 1186056589]);
    write_burst_increment_linear(15, 188, [2196829701, 191174934, 1502487475, 275557152, 1433083818, 4100616424, 2410782751, 3048436843]);
    write_burst_increment_linear(15, 220, [261185823, 926125422, 1566010810, 2584034868, 3614217390, 2550437936, 2404565022, 3096778865]);
    write_burst_increment_linear(15, 132, [3844394186, 675547472, 3119445619, 4207130869, 1976625643, 3670327477, 3962854616, 700486483]);
    write_burst_increment_linear(15, 164, [3348936335, 2189122564, 452060469, 3210307198, 700334931, 1481340848, 4283922686, 1642738115]);
    write_burst_increment_linear(15, 356, [3695488184, 2313193491, 1461804462, 3544594598, 4151071982, 4118223594, 3038584938, 2707356738]);
    write_burst_increment_linear(15, 388, [101869836, 845618020, 2971030114, 1104608131, 2647777339, 3902297297, 1359434146, 2429936673]);
    write_burst_increment_linear(15, 420, [3123411572, 3282916999, 3543545510, 401350959, 1161933706, 2106551291, 1011933560, 1182719884]);
    write_burst_increment_linear(15, 148, [4277406461, 2516495403, 3075062382]);
    write_burst_increment_linear(15, 160, [1022340985, 2761837641, 674178896]);
    write_burst_increment_linear(15, 32, [3689393847, 2292229137, 886414697]);
    write_burst_increment_linear(15, 44, [3259272836, 2562162225, 430164787]);
    write_burst_increment_linear(15, 56, [2735881286, 3176244346, 1643616195]);
    write_burst_increment_linear(15, 68, [2581171251, 3379595410, 2362311193]);
    write_burst_increment_linear(15, 80, [935767919, 1835693018, 2005179887]);
    write_burst_increment_linear(15, 92, [197137687, 1036338555, 3190148220]);
    write_burst_increment_linear(15, 104, [4213855478, 2573404210, 3817968839]);
    write_burst_increment_linear(15, 116, [852338533, 3294710408, 2085800952]);
    write_burst_increment_linear(15, 128, [2332269078, 421710130, 2900942425]);
    write_burst_increment_linear(15, 244, [2140940799, 1169433483, 385972014, 4099530984, 462293303, 1296912794]);
    write_burst_increment_linear(15, 268, [586811205, 3097701489, 1323636637, 3826941128, 2083109880, 1153463177]);
    write_burst_increment_linear(15, 292, [1165472138, 1668239814, 2521649196, 2556444720, 656929614, 1388854181]);
    write_burst_increment_linear(15, 352, [2352374808, 1825035225, 323968806]);
    write_burst_increment_linear(15, 364, [3691814072, 1972091883, 4063295204]);
    write_burst_increment_linear(15, 376, [1661831622, 2298215953, 2051468276]);
    write_burst_increment_linear(15, 388, [1827302873, 2315511828, 2675373630]);
    write_burst_increment_linear(15, 108, [708732244, 1628521410, 3700554937]);
    write_burst_increment_linear(15, 120, [96288523, 1896276450, 3125380212]);
    write_burst_increment_linear(15, 132, [1805668311, 2703559234, 4111780074]);
    write_burst_increment_linear(15, 144, [374460204, 3564594344, 2514927147]);
    write_burst_increment_linear(15, 156, [2107128315, 2216463880, 3400775317]);
    write_burst_increment_linear(15, 168, [647865677, 2412317727, 1670442951]);
    write_burst_increment_linear(15, 180, [61833991, 1570228667, 1858265053]);
    write_burst_increment_linear(15, 192, [1958140905, 2562638897, 3269589125]);
    write_burst_increment_linear(15, 204, [2132873214, 2275606543, 3811260102]);
    write_burst_increment_linear(15, 108, [3455080603, 1960536553, 501133627, 3894961360, 1496802226, 2739535430, 2179963395]);
    write_burst_increment_linear(15, 148, [2218774536, 4077747430, 3439126169, 3814058694]);
    write_burst_increment_linear(15, 164, [1380806564, 1121260421, 1737398223, 3224311424]);
    write_burst_increment_linear(15, 180, [1602113470, 806005088, 2852167764, 3388924563]);
    write_burst_increment_linear(15, 460, [3531085988, 3109031538]);
    write_burst_increment_linear(15, 84, [3586089643, 1131833222]);
    write_burst_increment_linear(15, 92, [1848996316, 1733538766]);
    write_burst_increment_linear(15, 100, [2942757470, 2569713714]);
    write_burst_increment_linear(15, 108, [2292333073, 3751899327]);
    write_burst_increment_linear(15, 116, [3054978156, 1094329730]);
    write_burst_increment_linear(15, 124, [1396361638, 1774668243]);
    write_burst_increment_linear(15, 132, [451987765, 2470075430]);
    write_burst_increment_linear(15, 140, [915790701, 705022292]);
    write_burst_increment_linear(15, 148, [3099563121, 1040828284]);
    write_burst_increment_linear(15, 156, [4065061092, 3351526031]);
    write_burst_increment_linear(15, 164, [672629584, 3460010652]);
    write_burst_increment_linear(15, 172, [3178442874, 3168578169]);
    write_burst_increment_linear(15, 180, [456143670, 1766043090]);
    write_burst_increment_linear(15, 188, [1692118985, 2544363055]);
    write_burst_increment_linear(15, 60, [1003059575, 2468151334, 1179792268, 2918775387]);
    write_burst_increment_linear(15, 76, [3988500187, 2479822375, 4138744557, 3062530157]);
    write_burst_increment_linear(15, 92, [3038483050, 4260749051, 3056320108, 3587092139]);
    write_burst_increment_linear(15, 108, [1639248323, 1562358202, 3698354872, 2751085639]);
    write_burst_increment_linear(15, 296, [1965271530, 1144328072, 1552721849, 3871059149, 4156501743, 1183393165, 2513912875]);
    write_burst_increment_linear(15, 324, [785735005, 2967128673, 2219402760, 229367579, 2297848337, 2451191844, 2317311508]);
    write_burst_increment_linear(15, 352, [2414579231, 3268292741, 2775773770, 1156275081, 2081371128, 1330703774, 2326280213]);
    write_burst_increment_linear(15, 384, [1116144517, 578832709, 1791265237, 4696320]);
    write_burst_increment_linear(15, 400, [2212630023, 612864841, 3032133225, 3796353220]);
    write_burst_increment_linear(15, 416, [2521684524, 676958544, 1809169367, 3995269340]);
    write_burst_increment_linear(15, 432, [1855758301, 593252166, 1298745242, 2595830837]);
    write_burst_increment_linear(15, 448, [2300204562, 1983158252, 3888688847, 2021080048]);
    write_burst_increment_linear(15, 80, [3322043532, 148593937, 2512041003]);
    write_burst_increment_linear(15, 92, [354369322, 3181694587, 145973009]);
    write_burst_increment_linear(15, 104, [1893197281, 918020461, 125402894]);
    write_burst_increment_linear(15, 116, [2761672777, 2147569152, 3755429567]);
    write_burst_increment_linear(15, 128, [2086148088, 553997122, 118063374]);
    write_burst_increment_linear(15, 140, [2637407290, 629212491, 2550299184]);
    write_burst_increment_linear(15, 152, [1393149350, 3236609665, 621376330]);
    write_burst_increment_linear(15, 164, [2479062055, 3148752503, 1214134672]);
    write_burst_increment_linear(15, 176, [4077341926, 1188189581, 3074520174]);
    write_burst_increment_linear(15, 188, [2244963339, 461193526, 2651766332]);
    write_burst_increment_linear(15, 396, [678049104, 4110532842, 133643023, 675537232, 2422470176]);
    write_burst_increment_linear(15, 416, [2815039055, 3029027433, 4026902240, 591723846, 3121612404]);
    write_burst_increment_linear(15, 436, [3562014376, 439989556, 2719745092, 1076633472, 3175713402]);
    write_burst_increment_linear(15, 456, [3650517171, 1484360624, 2401085470, 3267605125, 2550602800]);
    write_burst_increment_linear(15, 328, [165121299, 1597686206, 4249355514, 2109218299, 564164419, 2288265232]);
    write_burst_increment_linear(15, 352, [1965895658, 1303173531, 3505603745, 4032265952, 1670938055, 4186908403]);
    write_burst_increment_linear(15, 376, [1103504771, 3715235002, 423557426, 1609934271, 4104126185, 29008131]);
    write_burst_increment_linear(15, 400, [2089054201, 3693522616, 4018439391, 165554451, 1430743978, 1416913320]);
    write_burst_increment_linear(15, 28, [3562575528, 531887935, 2077068279, 472771384]);
    write_burst_increment_linear(15, 44, [3461409948, 1027734906, 1670094791, 1780499924]);
    write_burst_increment_linear(15, 60, [3782917314, 2256067596, 2906718810, 201708824]);
    write_burst_increment_linear(15, 76, [3203343997, 786432349, 3906680529, 3461801628]);
    write_burst_increment_linear(15, 92, [2329870869, 2294519313, 127235343, 462326071]);
    write_burst_increment_linear(15, 108, [3580817066, 2036369906, 2671031870, 3744892094]);
    write_burst_increment_linear(15, 124, [122898190, 1573946299, 922991470, 4155730159]);
    write_burst_increment_linear(15, 40, [47218437, 1419865001, 1621623233, 3995121884]);
    write_burst_increment_linear(15, 56, [285988130, 306097956, 2002690030, 16575233]);
    write_burst_increment_linear(15, 72, [2342662679, 1057967486, 2443080227, 425545522]);
    write_burst_increment_linear(15, 88, [1499146674, 1459250605, 3219451007, 908943212]);
    write_burst_increment_linear(15, 104, [236258076, 1490997169, 1205090703, 2189842949]);
    write_burst_increment_linear(15, 120, [2970667618, 1836001754, 1851736540, 1995127789]);
    write_burst_increment_linear(15, 136, [1711164875, 3788361411, 313897253, 3829710536]);
    write_burst_increment_linear(15, 228, [3835518665, 1814000600, 2660642365, 3413850774, 1839028699]);
    write_burst_increment_linear(15, 248, [449342773, 191848726, 776302428, 13019393, 1537594295]);
    write_burst_increment_linear(15, 268, [2691550272, 3601414829, 3044083818, 277163809, 726045526]);
    write_burst_increment_linear(15, 288, [3441035930, 2558916657, 3886730959, 4236675833, 2509244971]);
    write_burst_increment_linear(15, 360, [1337207199, 538325312, 11781377, 1938704359, 130813711, 2824417360]);
    write_burst_increment_linear(15, 292, [2119053308, 1244796820]);
    write_burst_increment_linear(15, 300, [154067730, 2630198841]);
    write_burst_increment_linear(15, 308, [939222895, 4256937723]);
    write_burst_increment_linear(15, 316, [1817904088, 1678667720]);
    write_burst_increment_linear(15, 324, [1210111376, 1073947520]);
    write_burst_increment_linear(15, 332, [2341354519, 892416362]);
    write_burst_increment_linear(15, 340, [1177826700, 282846497]);
    write_burst_increment_linear(15, 452, [200296727, 181286677]);
    write_burst_increment_linear(15, 460, [1418661289, 95451403]);
    write_burst_increment_linear(15, 468, [4211956982, 316960037]);
    write_burst_increment_linear(15, 212, [1082961793, 2192284677, 4126741227, 2957738080, 2169575426, 3274739334]);
    write_burst_increment_linear(15, 236, [1373204899, 65038599, 3882059470, 3709812922, 3874678477, 708686164]);
    write_burst_increment_linear(15, 260, [2742654022, 2798755405, 3628298416, 177348885, 40410372, 3637401265]);
    write_burst_increment_linear(15, 284, [1818152920, 1706511307, 176275221, 3161772664, 2838133330, 398292271]);
    write_burst_increment_linear(15, 308, [346936105, 862535526, 3243880066, 272084768, 2101966842, 2210433031]);
    write_burst_increment_linear(15, 316, [351034665, 467429175, 3848945354, 1475125167]);
    write_burst_increment_linear(15, 332, [157754130, 3849789642, 3959581912, 2284591632]);
    write_burst_increment_linear(15, 348, [1629490114, 1882969568, 3165018233, 3678606518]);
    write_burst_increment_linear(15, 364, [279379745, 3462823580, 4180332786, 2197089285]);
    write_burst_increment_linear(15, 380, [957918578, 2762529353, 1181704076, 1818278872]);
    write_burst_increment_linear(15, 396, [1825210329, 3823526599, 2481606695, 2803719758]);
    write_burst_increment_linear(15, 412, [2897650265, 883971945, 2046079475, 3289739400]);
    write_burst_increment_linear(15, 236, [136531728, 2619755064]);
    write_burst_increment_linear(15, 244, [1153116553, 2995891301]);
    write_burst_increment_linear(15, 372, [1097867650, 914399085, 3378513042, 630076235, 2102244346]);
    write_burst_increment_linear(15, 392, [4197418740, 1202098575, 1673657287, 3047501931, 120270094]);
    write_burst_increment_linear(15, 412, [430453555, 1204442511, 375137580, 3093342320, 900750187]);
    write_burst_increment_linear(15, 432, [1284029849, 4115585770, 1259658134, 118437134, 2674682942]);
    write_burst_increment_linear(15, 180, [2544788527, 3014820455]);
    write_burst_increment_linear(15, 188, [1990952941, 1106340227]);
    write_burst_increment_linear(15, 196, [2001559022, 3508127906]);
    write_burst_increment_linear(15, 204, [2286582288, 1685642184]);
    write_burst_increment_linear(15, 212, [1909052387, 788628318]);
    write_burst_increment_linear(15, 220, [962138994, 2188848644]);
    write_burst_increment_linear(15, 228, [3030516329, 3767254209]);
    write_burst_increment_linear(15, 164, [1440300971, 84106506]);
    write_burst_increment_linear(15, 172, [2316625940, 2323332628]);
    write_burst_increment_linear(15, 180, [1691720649, 804882271]);
    write_burst_increment_linear(15, 188, [2621335608, 2940830814]);
    write_burst_increment_linear(15, 196, [2630030905, 2240562699]);
    write_burst_increment_linear(15, 204, [1426782122, 2638607418]);
    write_burst_increment_linear(15, 212, [1887880161, 3032626281]);
    write_burst_increment_linear(15, 220, [3467739805, 141003024]);
    write_burst_increment_linear(15, 228, [2209638407, 139570960]);
    write_burst_increment_linear(15, 236, [2078652407, 2521497132]);
    write_burst_increment_linear(15, 244, [643471180, 3841773769]);
    write_burst_increment_linear(15, 252, [58982663, 2196689413]);
    write_burst_increment_linear(15, 260, [3415119511, 3551360679]);
    write_burst_increment_linear(15, 268, [3304950409, 657408334]);
    write_burst_increment_linear(15, 276, [112751885, 860961638]);
    write_burst_increment_linear(15, 284, [1904493027, 3707913402]);
    write_burst_increment_linear(15, 152, [2104728570, 3979591386, 1352881569, 831300963, 1952497640, 3609133742, 3615204014, 1967253994]);
    write_burst_increment_linear(15, 184, [636808011, 3188446332, 2610101815, 134449936, 568663363, 3803447493, 2903361114, 194721047]);
    write_burst_increment_linear(15, 216, [1617695680, 3282834567, 2147227647, 1583044028, 2231780362, 435116851, 1148570504, 2508919851]);
    write_burst_increment_linear(15, 248, [3807244485, 3156991608, 3329653900, 1821532633, 3210154622, 3033427561, 2977533026, 3571836585]);
    write_burst_increment_linear(15, 160, [2461208613, 2684773952, 3711606458, 3185241723, 306973476]);
    write_burst_increment_linear(15, 156, [3797140164, 1063199614]);
    write_burst_increment_linear(15, 164, [3028895849, 3503804065]);
    write_burst_increment_linear(15, 172, [4272546557, 1885902304]);
    write_burst_increment_linear(15, 180, [3865460940, 4039134433]);
    write_burst_increment_linear(15, 188, [3625375920, 172500244]);
    write_burst_increment_linear(15, 196, [150719761, 3333033101]);
    write_burst_increment_linear(15, 204, [3300380297, 2845183571]);
    write_burst_increment_linear(15, 320, [1036275579, 3141504630, 3087502448, 1249521044, 52076806, 1962810345, 2936651870, 1758047697]);
    write_burst_increment_linear(15, 352, [3530718884, 3555584167, 2980194403, 2730581573, 2192779269, 3913680594, 1619092417, 968502131]);
    write_burst_increment_linear(15, 384, [3624769200, 1225539474, 1537722295, 2930360925, 1022921081, 4158725871, 180450069, 3754855615]);
    write_burst_increment_linear(15, 24, [4011571422, 2564791857, 1648804292, 172085524, 1566913466, 495058235, 885677417]);
    write_burst_increment_linear(15, 52, [3893853392, 2253103628, 54086406, 3340390030, 330719015, 1760066001, 1205668239]);
    write_burst_increment_linear(15, 80, [3423659160, 667505999, 1765401042, 305295140, 2410358815, 3817798855, 1984873964]);
    write_burst_increment_linear(15, 108, [2133360126, 1544873912, 2977279586, 3241332866, 416541489, 2373233690, 3715598522]);
    write_burst_increment_linear(15, 284, [3610666158, 2102318074, 713203029, 1201552271, 2614616631]);
    write_burst_increment_linear(15, 304, [2740576838, 1070078335, 1397153190, 597777735, 334645543]);
    write_burst_increment_linear(15, 324, [2390713884, 4168824048, 1867771358, 1411872680, 3632136368]);
    write_burst_increment_linear(15, 480, [2741446214, 990574966, 3461055644]);
    write_burst_increment_linear(15, 268, [2990114404, 668798799]);
    write_burst_increment_linear(15, 276, [850574693, 1752754640]);
    write_burst_increment_linear(15, 284, [3025833064, 2442298915]);
    write_burst_increment_linear(15, 292, [2268882958, 3264693893]);
    write_burst_increment_linear(15, 300, [3346954382, 2749963847]);
    write_burst_increment_linear(15, 308, [876023144, 2778489931]);
    write_burst_increment_linear(15, 316, [4057523427, 2434843170]);
    write_burst_increment_linear(15, 136, [3406176406, 27586819]);
    write_burst_increment_linear(15, 144, [2692270656, 1801087958]);
    write_burst_increment_linear(15, 152, [4154368751, 4170017521]);
    write_burst_increment_linear(15, 160, [2684742208, 1528266166]);
    write_burst_increment_linear(15, 220, [1227816850, 4217537782]);
    write_burst_increment_linear(15, 228, [3515061923, 152519954]);
    write_burst_increment_linear(15, 236, [3119205491, 541097280]);
    write_burst_increment_linear(15, 244, [2504851498, 1984288748]);
    write_burst_increment_linear(15, 252, [383943469, 1439615915]);
    write_burst_increment_linear(15, 260, [4283959550, 4173495025]);
    write_burst_increment_linear(15, 268, [2366798874, 1669503431]);
    write_burst_increment_linear(15, 276, [3887393487, 2761505865]);
    write_burst_increment_linear(15, 360, [1651829700, 2969758306, 3474925214, 2506222634]);
    write_burst_increment_linear(15, 376, [2188054020, 3980515546, 744882008, 3091415664]);
    write_burst_increment_linear(15, 392, [965212019, 3996023004, 2393277981, 902882667]);
    write_burst_increment_linear(15, 408, [2518330412, 951150961, 3490819232, 791923550]);
    write_burst_increment_linear(15, 424, [918617453, 2692940865, 871701351, 660255566]);
    write_burst_increment_linear(15, 440, [3493033120, 3364317329, 3697753784, 4189460723]);
    write_burst_increment_linear(15, 12, [3535026341, 418170673, 3237722241, 142938897, 2784824907, 3537271461, 852138853]);
    write_burst_increment_linear(15, 40, [2413124639, 1584289724, 2376729627, 377632557, 3616901807, 3285683335, 1339667359]);
    write_burst_increment_linear(15, 68, [2944754783, 3072051822, 3530943140, 1853525980, 1028309882, 2723087428, 3174144]);
    write_burst_increment_linear(15, 96, [173040916, 3120082035, 949152625, 2878592599, 3147415671, 3368107665, 3497255584]);
    write_burst_increment_linear(15, 288, [2886933592, 3740072125, 2196701189]);
    write_burst_increment_linear(15, 300, [4211968758, 1112703876, 3465866397]);
    write_burst_increment_linear(15, 312, [3884563151, 535575359, 3368075921]);
    write_burst_increment_linear(15, 324, [1300378011, 3717049019, 1150518665]);
    write_burst_increment_linear(15, 336, [3930408660, 1669481927, 2412977183]);
    write_burst_increment_linear(15, 348, [1327360, 1452031405, 2813354575]);
    write_burst_increment_linear(15, 360, [2637504058, 3010661478, 2519895596]);
    write_burst_increment_linear(15, 372, [1672578503, 1537047479, 3594798252]);
    write_burst_increment_linear(15, 72, [1393034662, 3909924562, 4195977972, 469382455, 1329998238, 842671972, 1377249188]);
    write_burst_increment_linear(15, 100, [251128605, 2070564342, 2219975688, 1137523079, 3999705308, 3328166540, 2172213250]);
    write_burst_increment_linear(15, 264, [1636643779, 2071686646, 2454468644, 1020464505, 2005917679, 3912779986]);
    write_burst_increment_linear(15, 288, [3835846857, 3013756519, 1540638647, 2498693161, 1853899741, 1096666498]);
    write_burst_increment_linear(15, 324, [3738417853, 3913923794, 1217326481, 1187260813]);
    write_burst_increment_linear(15, 340, [3350850703, 1270899095, 3454715547, 2506064426]);
    write_burst_increment_linear(15, 356, [4169793265, 77329673, 2396911133, 2705672258]);
    write_burst_increment_linear(15, 372, [4028451552, 228008219, 2896180825, 2493711401]);
    write_burst_increment_linear(15, 16, [3692889272, 3199846525, 4039028961, 650485581, 3004846694, 307261732, 793522014]);
    write_burst_increment_linear(15, 44, [3944808150, 4073765605, 3275572358, 3084088431, 1685315528, 806407008, 530342207]);
    write_burst_increment_linear(15, 72, [2688741440, 2854665300, 4090612967, 2958139488, 4114468074, 1344263584, 2591935540]);
    write_burst_increment_linear(15, 100, [3840188617, 2236085258, 1426006953, 637376843, 3810310854, 212997913, 1243243412]);
    write_burst_increment_linear(15, 76, [2973306466, 3726474940, 3670045877, 1689301961, 1276143512]);
    write_burst_increment_linear(15, 96, [586478405, 1609927615, 3635562161, 3649004210, 73851656]);
    write_burst_increment_linear(15, 116, [2681908287, 3355837072, 2089468409, 2261374477, 81393417]);
    write_burst_increment_linear(15, 136, [3910161618, 3373858450, 1241194387, 470107448, 4148848366]);
    write_burst_increment_linear(15, 368, [1416504744, 1466482606, 241669916, 1633033154, 1784823252, 1752956368]);
    write_burst_increment_linear(15, 392, [4067107044, 2925665372, 3118864499, 2741864518, 4112886506, 3789492419]);
    write_burst_increment_linear(15, 416, [1107158403, 2698026049, 4203365621, 3909719250, 2887683672, 4014094558]);
    write_burst_increment_linear(15, 440, [723171670, 2536375342, 1763296210, 946148720, 1572050363, 3120856180]);
    write_burst_increment_linear(15, 464, [2865358933, 3952979671, 1545085880, 432855347, 3867029708, 713966421]);
    write_burst_increment_linear(15, 404, [1934806502, 1482377136]);
    write_burst_increment_linear(15, 312, [934163823, 2727352389, 2524890156]);
    write_burst_increment_linear(15, 324, [3067113581, 1779271636, 554540354]);
    write_burst_increment_linear(15, 336, [3275638918, 3367912593, 2888975960]);
    write_burst_increment_linear(15, 348, [3053751916, 2309555731, 3617684655]);
    write_burst_increment_linear(15, 360, [1522811317, 3845082314, 950448497]);
    write_burst_increment_linear(15, 372, [2193282565, 36045572, 2794713677]);
    write_burst_increment_linear(15, 384, [3632770225, 4092382951, 687920978]);
    write_burst_increment_linear(15, 396, [3030408297, 594619206, 1245159828]);
    write_burst_increment_linear(15, 408, [3784362179, 3255182468, 3532199589]);
    write_burst_increment_linear(15, 376, [1809979863, 4141187821]);
    write_burst_increment_linear(15, 384, [27654915, 3093235312]);
    write_burst_increment_linear(15, 392, [2099749370, 3684289207]);
    write_burst_increment_linear(15, 400, [1907167715, 3779336386]);
    write_burst_increment_linear(15, 408, [4010400478, 3281083015]);
    write_burst_increment_linear(15, 416, [1447360428, 2338224150]);
    write_burst_increment_linear(15, 424, [3714691258, 1507144627]);
    write_burst_increment_linear(15, 432, [4080761062, 1104577923]);
    write_burst_increment_linear(15, 440, [541380416, 574884676]);
    write_burst_increment_linear(15, 448, [3984137946, 1845516764]);
    write_burst_increment_linear(15, 456, [1902223842, 1614700992]);
    write_burst_increment_linear(15, 464, [2609723447, 4084715750]);
    write_burst_increment_linear(15, 472, [3669710005, 4280447230]);
    write_burst_increment_linear(15, 480, [2096747513, 2482800167]);
    write_burst_increment_linear(15, 488, [3652048563, 4169676529]);
    write_burst_increment_linear(15, 392, [1950182888, 2678747199, 4047955170, 3002642021, 2650903100, 752635225]);
    write_burst_increment_linear(15, 416, [1736082894, 2549652527, 3976323802, 3273283718, 3918484179, 2675476542]);
    write_burst_increment_linear(15, 440, [1494570930, 3227016832, 3776687298, 1435245995, 3115887731, 3305434250]);
    write_burst_increment_linear(15, 392, [2325040149, 3645584562, 83144969, 319205158, 1087474561]);
    write_burst_increment_linear(15, 72, [3185603707, 3856595659, 1591130045, 2372716570, 2366870554, 2327818773]);
    write_burst_increment_linear(15, 96, [2299128338, 641715532, 2826123344, 4104708329, 1554157497, 4240955641]);
    write_burst_increment_linear(15, 344, [3566856873, 4193449715, 1928775141, 1511300020, 3352346767, 1512139700, 1196422542, 483007289]);
    write_burst_increment_linear(15, 376, [1774769107, 3102806129, 1695713738, 1723153357, 2879151703, 3111122034, 555359042, 4003325661]);
    write_burst_increment_linear(15, 408, [4267663612, 3899319504, 1841433563, 3344485518, 4011561694, 1899588578, 4265701628, 1551062968]);
    write_burst_increment_linear(15, 124, [2812260431, 110837517, 1785539540, 3998602972, 182503701, 3885691087, 1138966407]);
    write_burst_increment_linear(15, 152, [593481030, 4218833142, 2806268494, 2854655572, 3424856728, 1770561491, 259109662]);
    write_burst_increment_linear(15, 32, [1251704213, 523046718, 1295076762, 2627286585]);
    write_burst_increment_linear(15, 348, [1342182304, 570543940, 527692094, 21241602, 2521625132, 891260266, 2956467808, 332228391]);
    write_burst_increment_linear(15, 32, [1104904579, 1617572288, 3377489042]);
    write_burst_increment_linear(15, 44, [2919314524, 2588853300, 1397303718]);
    write_burst_increment_linear(15, 56, [2395682333, 3731649724, 296964387]);
    write_burst_increment_linear(15, 68, [2512605739, 704447827, 2063837174]);
    write_burst_increment_linear(15, 80, [1448935340, 3744194238, 3451653275]);
    write_burst_increment_linear(15, 92, [1449187244, 3963842264, 196524311]);
    write_burst_increment_linear(15, 104, [1587039165, 3281834631, 1822292953]);
    write_burst_increment_linear(15, 116, [4167338224, 2329376789, 2535138350]);
    write_burst_increment_linear(15, 128, [2235546634, 2880355927, 405870384]);
    write_burst_increment_linear(15, 140, [4061534948, 330535719, 1995671533]);
    write_burst_increment_linear(15, 380, [2090978297, 3438430873, 3022314600, 4223380727, 3341104782, 2434635810]);
    write_burst_increment_linear(15, 404, [1279984536, 3883427534, 3700569785, 1134740871, 812284768, 2781880907]);
    write_burst_increment_linear(15, 428, [2064775670, 1857424349, 4016263390, 214466841, 3926812884, 2401592862]);
    write_burst_increment_linear(15, 452, [3958657751, 2877741655, 203304728, 1783928276, 59181831, 3081521775]);
    write_burst_increment_linear(15, 476, [498122043, 2046365683, 1606141887, 4134645484, 3430561944, 697701715]);
    write_burst_increment_linear(15, 272, [1639489475, 1042691452, 3885925583, 144864529, 2633198137]);
    write_burst_increment_linear(15, 292, [1964654570, 1491758001, 2232241162, 2191193605, 1753546193]);
    write_burst_increment_linear(15, 100, [646740813, 2033746930, 1907902947, 3002266213, 2492826153, 325167910, 583337797, 3710983866]);
    write_burst_increment_linear(15, 132, [3155140728, 33671428, 2037049842, 2393864221, 2717982788, 3909073617, 1253317525, 282016545]);
    write_burst_increment_linear(15, 164, [894636394, 4204141813, 1702595530, 316368165, 2682075711, 2045725683, 358146858, 2097459194]);
    write_burst_increment_linear(15, 196, [103951628, 2910937179, 3796668612, 2837288530, 2183868420, 2636790330, 959168370, 3172358266]);
    write_burst_increment_linear(15, 440, [2738417734, 2270715918, 1042704764, 535891263]);
    write_burst_increment_linear(15, 456, [3693419192, 1141695880, 163067667, 1475691951]);
    write_burst_increment_linear(15, 228, [1480142256, 3098399345, 2266710542, 3553068711, 1045279612, 2274531343]);
    write_burst_increment_linear(15, 252, [2569138738, 1252393877, 920682861, 3624493232, 3639265969, 1756710865]);
    write_burst_increment_linear(15, 276, [1399326118, 358786858, 3358921872, 385953582, 2827970641, 2850858579]);
    write_burst_increment_linear(15, 300, [3165838457, 196695831, 560109890, 1429167530, 4195676404, 1103960451]);
    write_burst_increment_linear(15, 324, [859456358, 1005094263, 1255594901, 2957481056, 1583862204, 2915539547]);
    write_burst_increment_linear(15, 324, [1558829497, 510010684, 2844778579, 4130212588]);
    write_burst_increment_linear(15, 372, [47272197, 817464673]);
    write_burst_increment_linear(15, 380, [4070315749, 1241390483]);
    write_burst_increment_linear(15, 388, [1131915654, 3248629891]);
    write_burst_increment_linear(15, 396, [1903863778, 3214152319]);
    write_burst_increment_linear(15, 404, [4288824063, 863790950]);
    write_burst_increment_linear(15, 412, [4032829152, 1924803045]);
    write_burst_increment_linear(15, 420, [2039679475, 3658365620]);
    write_burst_increment_linear(15, 428, [2393059357, 2957883488]);
    write_burst_increment_linear(15, 436, [3627591856, 2905824858]);
    write_burst_increment_linear(15, 444, [2881847383, 321381158]);
    write_burst_increment_linear(15, 452, [1037733243, 748245849]);
    write_burst_increment_linear(15, 460, [3506393761, 2772008522]);
    write_burst_increment_linear(15, 468, [3078939247, 2503692330]);
    write_burst_increment_linear(15, 476, [3515593891, 2556897840]);
    write_burst_increment_linear(15, 416, [1931822054, 1522749365, 3855423179, 2224952329, 1288954777, 697531731, 1142167944, 2698242625]);
    write_burst_increment_linear(15, 448, [1977280491, 1660702149, 1602065854, 1804861911, 2810571343, 3681921718, 1594722238, 1390092197]);
    write_burst_increment_linear(15, 108, [1848694236, 2345738263]);
    write_burst_increment_linear(15, 116, [3009771622, 1194949518]);
    write_burst_increment_linear(15, 124, [1848864732, 1219971985]);
    write_burst_increment_linear(15, 132, [3531310244, 1431975850]);
    write_burst_increment_linear(15, 140, [585365317, 2026202609]);
    write_burst_increment_linear(15, 148, [528043326, 2808272462]);
    write_burst_increment_linear(15, 356, [838605667, 3964191448, 2830014545, 2295562769]);
    write_burst_increment_linear(15, 372, [3471866525, 1696128970, 349023017, 3275064966]);
    write_burst_increment_linear(15, 388, [2410165279, 3332806797, 546610497, 1025670010]);
    write_burst_increment_linear(15, 404, [761611610, 3230973569, 2176632835, 1102382979]);
    write_burst_increment_linear(15, 420, [3544147110, 3312507530, 2948288095, 2283836944]);
    write_burst_increment_linear(15, 436, [1038095739, 4143872, 2698839617, 253581086]);
    write_burst_increment_linear(15, 452, [3976105177, 1086777729, 3743583934, 4245959930]);
    write_burst_increment_linear(15, 468, [3801861317, 714977621, 3504095905, 2970278498]);
    write_burst_increment_linear(15, 152, [4031756000, 812600160, 3105981042, 1935957990, 3706057401, 2176074243]);
    write_burst_increment_linear(15, 268, [2857201748, 3181907579, 1956329961, 2036530674, 896569706, 282956065, 1348365728]);
    write_burst_increment_linear(15, 296, [2435047970, 3972340953, 3086660719, 3265442437, 3489814688, 132142351, 93096203]);
    write_burst_increment_linear(15, 324, [469150007, 2451393572, 3380686995, 458152246, 3038292586, 4002441437, 3331092109]);
    write_burst_increment_linear(15, 184, [3536358565, 2210780167]);
    write_burst_increment_linear(15, 192, [1687618505, 950373745]);
    write_burst_increment_linear(15, 200, [1331282846, 3653754035]);
    write_burst_increment_linear(15, 208, [1700450762, 2486872616]);
    write_burst_increment_linear(15, 216, [1459490221, 2616003639]);
    write_burst_increment_linear(15, 224, [4063467748, 690365266]);
    write_burst_increment_linear(15, 232, [67709704, 3687773879]);
    write_burst_increment_linear(15, 240, [2066906102, 2944884319]);
    write_burst_increment_linear(15, 248, [3424687768, 2990399588]);
    write_burst_increment_linear(15, 256, [3204468350, 1136823175]);
    write_burst_increment_linear(15, 264, [2914486875, 4153203439]);
    write_burst_increment_linear(15, 272, [1002025847, 4071396581]);
    write_burst_increment_linear(15, 280, [2873820758, 4271746813]);
    write_burst_increment_linear(15, 288, [2475360807, 913779052]);
    write_burst_increment_linear(15, 296, [3495805600, 1588390845]);
    write_burst_increment_linear(15, 304, [2165070338, 1348251552]);
    write_burst_increment_linear(15, 108, [722229078, 1850782172, 512132413]);
    write_burst_increment_linear(15, 132, [423345458, 4169001200, 1217821073, 1002518391]);
    write_burst_increment_linear(15, 148, [3718056635, 2041542643, 3496151712, 4029316832]);
    write_burst_increment_linear(15, 164, [4158700783, 2733496901, 1693839305, 1111241604]);
    write_burst_increment_linear(15, 180, [1226825106, 115584269, 3201961085, 4080093926]);
    write_burst_increment_linear(15, 196, [2288137744, 1747667920, 3864467148, 4096427240]);
    write_burst_increment_linear(15, 212, [845830500, 464179511, 2736616006, 2397723677]);
    write_burst_increment_linear(15, 136, [2958102112, 1552146361, 2764882505]);
    write_burst_increment_linear(15, 148, [530292031, 3499660961, 1600921022]);
    write_burst_increment_linear(15, 160, [24258818, 457965366, 3041964138]);
    write_burst_increment_linear(15, 172, [4188000499, 3511510178, 3972982489]);
    write_burst_increment_linear(15, 184, [152754450, 2109425659, 2002999278]);
    write_burst_increment_linear(15, 196, [4197744884, 2233878538, 3634203825]);
    write_burst_increment_linear(15, 208, [32282371, 582858565, 678166864]);
    write_burst_increment_linear(15, 220, [3631509168, 2867954261, 2814915663]);
    write_burst_increment_linear(15, 64, [2994366052, 2300767762, 2210983431]);
    write_burst_increment_linear(15, 76, [2844167763, 573537092, 1125310342]);
    write_burst_increment_linear(15, 88, [2283268112, 405939504, 262364447]);
    write_burst_increment_linear(15, 100, [737314135, 72755976, 50878726]);
    write_burst_increment_linear(15, 112, [819901793, 628071242, 1060063102]);
    write_burst_increment_linear(15, 124, [1132741511, 165868819, 1663672774]);
    write_burst_increment_linear(15, 136, [614826825, 1096336258, 2518041132]);
    write_burst_increment_linear(15, 148, [2452475940, 811462496, 1833726426]);
    write_burst_increment_linear(15, 440, [1339403167, 1885504480, 2157337089, 4099883752]);
    write_burst_increment_linear(15, 456, [3346435214, 1233882515, 2232806922, 2639004218]);
    write_burst_increment_linear(15, 472, [3537433253, 3424376472, 2957909088, 1100652931]);
    write_burst_increment_linear(15, 488, [44726021, 1074089344, 3556040871, 164752147]);
    write_burst_increment_linear(15, 236, [3919801043, 3452702875, 951529841, 3868121805, 3111612018, 29761283, 2536715310, 3775579842]);
    write_burst_increment_linear(15, 268, [2260271117, 1165704074, 503813948, 62830855, 1726082509, 3335504525, 2176712707, 2326097429]);
    write_burst_increment_linear(15, 300, [3645292722, 1402196903, 1063838078, 4177223921, 2208482823, 1906264035, 1460625838, 3720006843]);
    write_burst_increment_linear(15, 332, [3580103338, 4272797949, 2061069813, 3587681963, 3719781051, 872057191, 3741037245, 138133776]);
    write_burst_increment_linear(15, 40, [394429231, 4111010538, 3047385707, 673404752, 1165307274, 3188113532, 1123087749, 3382562451]);
    write_burst_increment_linear(15, 208, [1769123794, 4052742371, 2929126493, 1685457352, 1999267310, 4144709870, 2779068491]);
    write_burst_increment_linear(15, 236, [1087474049, 329390887, 219212570, 1003234679, 1655958469, 372751660, 1523772341]);
    write_burst_increment_linear(15, 264, [1507752883, 3141961846, 313915685, 811138400, 916047725, 1282309528, 1275083160]);
    write_burst_increment_linear(15, 328, [1065266046, 4012180702, 1688155081, 3659898548, 894056298, 2802004558]);
    write_burst_increment_linear(15, 352, [413543217, 1457898413, 18386690, 2886591576, 1571277755, 1301622683]);
    write_burst_increment_linear(15, 376, [3756529855, 763204442, 1579900348, 4150770926, 510395708, 3691543224]);
    write_burst_increment_linear(15, 400, [422243634, 1093995906, 4097326824, 2820577360, 3290384520, 3943987414]);
    write_burst_increment_linear(15, 424, [3215814271, 3118835315, 734788439, 1740184527, 2393179165, 2666865725]);
    write_burst_increment_linear(15, 56, [1775389651, 3034207337, 999373175, 1227149714]);
    write_burst_increment_linear(15, 72, [1059854718, 3924087507, 3153177207, 1850187228]);
    write_burst_increment_linear(15, 88, [2362918425, 4224801015, 2657698876, 1958346217]);
    write_burst_increment_linear(15, 352, [1610948544, 1146714504, 3185075835, 1755914193]);
    write_burst_increment_linear(15, 368, [2196958725, 519222589, 3461466268, 626809162]);
    write_burst_increment_linear(15, 384, [4051309794, 2778317387, 725803350, 3908348113]);
    write_burst_increment_linear(15, 400, [2674524734, 165944595, 2628516921, 730525015]);
    write_burst_increment_linear(15, 40, [1403765159, 2034604530, 1006202231, 478227257]);
    write_burst_increment_linear(15, 324, [3396048020, 577390916]);
    write_burst_increment_linear(15, 332, [1018696569, 141133072]);
    write_burst_increment_linear(15, 340, [2585965108, 3802133701]);
    write_burst_increment_linear(15, 348, [2365942298, 2612783159]);
    write_burst_increment_linear(15, 356, [640454988, 1669865927]);
    write_burst_increment_linear(15, 364, [3162492536, 1015497081]);
    write_burst_increment_linear(15, 372, [2521692204, 1209411984]);
    write_burst_increment_linear(15, 380, [4289981695, 3492629664]);
    write_burst_increment_linear(15, 388, [1280735128, 4187563763]);
    write_burst_increment_linear(15, 396, [3412536982, 1262585750]);
    write_burst_increment_linear(15, 404, [464279351, 1054341501]);
    write_burst_increment_linear(15, 40, [3404544661, 3317993611, 3903009489, 3293786248, 2682472511, 3684780215, 1479302576]);
    write_burst_increment_linear(15, 68, [919503725, 3775938242, 1257920405, 357770538, 1866721246, 1899100642, 637855052]);
    write_burst_increment_linear(15, 436, [653713229, 2585017908]);
    write_burst_increment_linear(15, 444, [2783696459, 2906252890]);
    write_burst_increment_linear(15, 452, [2381509147, 4065872100]);
    write_burst_increment_linear(15, 460, [3529423524, 4280194302]);
    write_burst_increment_linear(15, 468, [1806994391, 4081409766]);
    write_burst_increment_linear(15, 476, [2980340323, 4201444596]);
    write_burst_increment_linear(15, 484, [83612425, 2566570033]);
    write_burst_increment_linear(15, 492, [4207663349, 97363211]);
    write_burst_increment_linear(15, 432, [1387856293, 2734417477, 875040616]);
    write_burst_increment_linear(15, 444, [3662815412, 500376891, 3197684349]);
    write_burst_increment_linear(15, 40, [2006683631, 982848885, 2401825310, 2842096722, 3564117672, 3973163737]);
    write_burst_increment_linear(15, 64, [4077086438, 717199189, 2345609239, 2698162753, 749973849, 2600268341]);
    write_burst_increment_linear(15, 88, [3848935114, 774351196, 2674662974, 1128391046, 324474662, 4241344249]);
    write_burst_increment_linear(15, 112, [2835462738, 616890185, 1883050464, 174852884, 3740815549, 2003610094]);
    write_burst_increment_linear(15, 136, [3460282012, 424620850, 2051960308, 1479211952, 3266014853, 86357770]);
    write_burst_increment_linear(15, 44, [4185642226, 3833670857, 3042362986]);
    write_burst_increment_linear(15, 56, [1661177798, 100108555, 3748439742]);
    write_burst_increment_linear(15, 68, [312424229, 887132009, 1280609688]);
    write_burst_increment_linear(15, 80, [4138555117, 2863415381, 2845823571]);
    write_burst_increment_linear(15, 92, [3290456200, 299600163, 4199464180]);
    write_burst_increment_linear(15, 104, [732793175, 1345732512, 949111665]);
    write_burst_increment_linear(15, 64, [2507892266, 1576419771, 4278498558, 643417420, 136014608]);
    write_burst_increment_linear(15, 228, [291348770, 1214227856, 1928229861, 2522087980, 2799703629, 378636589, 4241043705]);
    write_burst_increment_linear(15, 292, [280962337, 1100339587, 4154698479, 1201962895]);
    write_burst_increment_linear(15, 308, [896384874, 426215730, 566928707, 4237003001]);
    write_burst_increment_linear(15, 324, [3633785521, 1189881229, 3956640983, 1020822393]);
    write_burst_increment_linear(15, 340, [961434482, 776381788, 1217671057, 3528312996]);
    write_burst_increment_linear(15, 356, [585294661, 1442826667, 2702252098, 4017714910]);
    write_burst_increment_linear(15, 372, [1686981065, 4156688623, 1193121166, 97609995]);
    write_burst_increment_linear(15, 292, [59718407, 1473839535, 1549571000]);
    write_burst_increment_linear(15, 304, [966014323, 3578545834, 4077055206]);
    write_burst_increment_linear(15, 316, [2840498770, 586068293, 3344805006]);
    write_burst_increment_linear(15, 328, [300670243, 775234396, 3557912744]);
    write_burst_increment_linear(15, 340, [586171717, 1890319841, 4037507809]);
    write_burst_increment_linear(15, 352, [2971893346, 585411909, 957102962]);
    write_burst_increment_linear(15, 364, [2256968205, 672835408, 476791096]);
    write_burst_increment_linear(15, 20, [2002787822, 2492234793, 2435307554, 438384948, 3529972900, 3552450727, 1287172505, 2148661248]);
    write_burst_increment_linear(15, 52, [1858592221, 3058368620, 3356212880, 2265089038, 3221862016, 4215530230, 2285288976, 2548459055]);
    write_burst_increment_linear(15, 84, [3142568566, 3560057000, 2663459389, 428337971, 1114960260, 377749293, 3105899122, 584326981]);
    write_burst_increment_linear(15, 116, [3337078413, 3518517923, 2649947707, 3488009887, 4630784, 1984614380, 1409162663, 1171686283]);
    write_burst_increment_linear(15, 172, [826313570, 1092141442, 556839746, 3182768251, 1268052887, 112422669, 3862376652]);
    write_burst_increment_linear(15, 200, [1459837870, 857899878, 889263978, 2501511210, 3204864126, 2715995203, 4042447073]);
    write_burst_increment_linear(15, 228, [492348730, 2739119174, 3473282718, 739347800, 3099013233, 1745779152, 2269081614]);
    write_burst_increment_linear(15, 256, [4116304106, 3614087854, 2210649095, 1204856207, 3185049723, 4244934394, 1673949639]);
    write_burst_increment_linear(15, 408, [3610954414, 525569854, 3772667073, 2932505693, 3145932407, 3984497370, 902426475, 1102418307]);
    write_burst_increment_linear(15, 440, [1719364044, 3150721655, 4062865124, 2015191024, 175465748, 3090931824, 1908332003, 2591510580]);
    write_burst_increment_linear(15, 472, [267685151, 3177443962, 2898139225, 299734307, 556409154, 3502076577, 917687149, 2855998036]);
    write_burst_increment_linear(15, 236, [624393546, 420098866, 3277762182, 3987844827, 165886227, 2891442776, 1664238534, 1018157433]);
    write_burst_increment_linear(15, 268, [1562605498, 3621420207, 1848047068, 579035461, 2933793373, 1873536479, 181900053, 830318434]);
    write_burst_increment_linear(15, 300, [2816861263, 54255366, 2118756348, 2200683014, 77999369, 1426843562, 2574875698, 2373096474]);
    write_burst_increment_linear(15, 44, [3479876766, 910277996, 2205339142]);
    write_burst_increment_linear(15, 56, [3814548678, 838631779, 1484495792]);
    write_burst_increment_linear(15, 68, [3129042549, 1346882464, 3090945136]);
    write_burst_increment_linear(15, 80, [2814585935, 1819770328, 1739892175]);
    write_burst_increment_linear(15, 92, [3682946231, 3637747889, 7556352]);
    write_burst_increment_linear(15, 104, [2179333635, 2941764190, 2680742463]);
    write_burst_increment_linear(15, 116, [130863887, 1981587948, 2834486865]);
    write_burst_increment_linear(15, 128, [1946917864, 504482108, 3278118022]);
    write_burst_increment_linear(15, 140, [2796658765, 553466689, 2126622717]);
    write_burst_increment_linear(15, 152, [214548249, 944866672, 3220803199, 4086732007, 1203827599]);
    write_burst_increment_linear(15, 372, [1793329621, 879335784, 3961219800, 3738653373, 2983296099, 2209527815]);
    write_burst_increment_linear(15, 396, [1079423360, 2591226932, 2131069950, 2299770386, 2059343349, 311284517]);
    write_burst_increment_linear(15, 16, [2015790064, 2880382039, 2195931141, 2580049459]);
    write_burst_increment_linear(15, 32, [3230955137, 894298474, 2318115860, 2127781373]);
    write_burst_increment_linear(15, 36, [3302447241, 3864108236, 794003294]);
    write_burst_increment_linear(15, 48, [2843796051, 681099601, 43476741]);
    write_burst_increment_linear(15, 60, [686431569, 3239843458, 617066825]);
    write_burst_increment_linear(15, 72, [1178052492, 2996694629, 4194598132]);
    write_burst_increment_linear(15, 84, [3927704788, 3868821197, 4182326002]);
    write_burst_increment_linear(15, 96, [2416451616, 3744552638, 2437214754]);
    write_burst_increment_linear(15, 108, [3317693579, 347328809, 2216887816]);
    write_burst_increment_linear(15, 120, [2614007863, 3637243569, 3827242696]);
    write_burst_increment_linear(15, 132, [1441279403, 3229868673, 3169357945]);
    write_burst_increment_linear(15, 256, [3384744595, 1548769208]);
    write_burst_increment_linear(15, 264, [1450972076, 2659898429]);
    write_burst_increment_linear(15, 272, [3580005546, 1806117847]);
    write_burst_increment_linear(15, 280, [3661613236, 3365868689]);
    write_burst_increment_linear(15, 288, [3477839518, 1941390311]);
    write_burst_increment_linear(15, 296, [968419187, 2164009473]);
    write_burst_increment_linear(15, 304, [1091882882, 4186042099]);
    write_burst_increment_linear(15, 312, [1405962151, 3453960347]);
    write_burst_increment_linear(15, 320, [1895193057, 1327184798]);
    write_burst_increment_linear(15, 52, [263581983, 3217950335, 312205093, 2921343580, 980393332]);
    write_burst_increment_linear(15, 72, [277404449, 165904147, 4123633899, 3084683887, 4159955695]);
    write_burst_increment_linear(15, 92, [3534049445, 1636168643, 3595815084, 2841623634, 945438064]);
    write_burst_increment_linear(15, 112, [4045799650, 150675729, 292340002, 941094256, 348164905]);
    write_burst_increment_linear(15, 132, [4120060139, 1046941052, 1044176764, 3412992150, 2634224186]);
    write_burst_increment_linear(15, 316, [715457365, 2299963922, 2531902509, 2048190452, 3058810476]);
    write_burst_increment_linear(15, 336, [3816486598, 1546016184, 274978080, 86823178, 992115062]);
    write_burst_increment_linear(15, 356, [2446019107, 1546204088, 355501866, 4082634470, 1677120455]);
    write_burst_increment_linear(15, 376, [1707751883, 4286180094, 2918864475, 1540872119, 1440081835]);
    write_burst_increment_linear(15, 396, [2102708730, 1914153444, 916063085, 2348872728, 470265656]);
    write_burst_increment_linear(15, 360, [3948930774, 1054056317]);
    write_burst_increment_linear(15, 368, [2888320088, 728557398]);
    write_burst_increment_linear(15, 376, [855473509, 796507486]);
    write_burst_increment_linear(15, 384, [3993466076, 1865417694]);
    write_burst_increment_linear(15, 392, [2053062644, 287430434]);
    write_burst_increment_linear(15, 400, [1141242760, 3226398848]);
    write_burst_increment_linear(15, 408, [4021204703, 2200765958]);
    write_burst_increment_linear(15, 416, [1498630578, 138357520]);
    write_burst_increment_linear(15, 424, [4182520562, 2962500193]);
    write_burst_increment_linear(15, 432, [375620908, 2118382076]);
    write_burst_increment_linear(15, 440, [2115681276, 281272097]);
    write_burst_increment_linear(15, 448, [1025220474, 4071242469]);
    write_burst_increment_linear(15, 192, [2747582023, 3899452112, 2430215713, 949148017, 2561151537, 3614468270]);
    write_burst_increment_linear(15, 216, [2719527492, 3227226240, 1034311547, 612149064, 818397025, 4051129570]);
    write_burst_increment_linear(15, 240, [3196817021, 968257395, 3870992077, 3788690115, 1520008117, 3511504034]);
    write_burst_increment_linear(15, 264, [3525346468, 1838380507, 2923664476, 2366082074, 3701487289, 75720457]);
    write_burst_increment_linear(15, 356, [2621281848, 3537567909, 4135134956]);
    write_burst_increment_linear(15, 368, [2881963607, 4078546662, 2797865549]);
    write_burst_increment_linear(15, 232, [3287855751, 1074568576]);
    write_burst_increment_linear(15, 240, [2301212178, 2853046868]);
    write_burst_increment_linear(15, 248, [3962123480, 1736081358]);
    write_burst_increment_linear(15, 256, [2474160166, 3880871118]);
    write_burst_increment_linear(15, 264, [3244264578, 1043287420]);
    write_burst_increment_linear(15, 272, [2117953020, 2569328690]);
    write_burst_increment_linear(15, 280, [1476097967, 2908786778]);
    write_burst_increment_linear(15, 288, [1299510170, 3886272719]);
    write_burst_increment_linear(15, 296, [2658036796, 3845822666]);
    write_burst_increment_linear(15, 304, [544486208, 351172905]);
    write_burst_increment_linear(15, 312, [1454878637, 1898737634]);
    write_burst_increment_linear(15, 320, [1321452445, 3310730890]);
    write_burst_increment_linear(15, 320, [4165422320, 3149315191, 1416198056, 1742799823, 2650378299, 3154887288]);
    write_burst_increment_linear(15, 344, [4027351264, 1526639541, 1977071083, 78480137, 273615136, 436507444]);
    write_burst_increment_linear(15, 368, [2712511555, 3974363353, 1034018171, 1839338971, 429133619, 221045018]);
    write_burst_increment_linear(15, 172, [3304568457, 45962501, 554180418]);
    write_burst_increment_linear(15, 184, [4198284532, 841069924, 2387431452]);
    write_burst_increment_linear(15, 196, [787094877, 2424051232, 372365612]);
    write_burst_increment_linear(15, 208, [634668875, 1460578222, 450764085]);
    write_burst_increment_linear(15, 220, [3847545034, 3534799525, 1934088678]);
    write_burst_increment_linear(15, 232, [3457103004, 4212737270, 2655523388]);
    write_burst_increment_linear(15, 244, [2056228853, 4233137912, 2968207969]);
    write_burst_increment_linear(15, 256, [3746710206, 1122198917, 2124682749]);
    write_burst_increment_linear(15, 268, [3528513188, 1508253107, 3336615053]);
    write_burst_increment_linear(15, 356, [2334170646, 2912229467, 2853662292, 3530014372, 2136210430, 856043366, 1486958001, 1380508068]);
    write_burst_increment_linear(15, 236, [1391615397, 381108013, 3161856632, 39219972, 3024666728, 3476790942, 2536572974, 2539205678]);
    write_burst_increment_linear(15, 268, [3986118363, 1188324237, 3792738500, 1989833197, 1088171393, 1217210257, 1749858256, 517874493]);
    write_burst_increment_linear(15, 300, [550767425, 401687855, 2955545184, 1037961083, 3586556075, 3295141000, 1738933711, 1912969188]);
    write_burst_increment_linear(15, 332, [756144986, 3629106864, 165859603, 1039012731, 3212255870, 2145100287, 693328210, 2845471315]);
    write_burst_increment_linear(15, 16, [3446896282, 3599330989, 859067750, 4235661048, 1124308870, 1825721305]);
    write_burst_increment_linear(15, 40, [449128245, 2544882223, 930287982, 1296352666, 561633602, 3569321641]);
    write_burst_increment_linear(15, 64, [2613305399, 2353244696, 1791739349, 2709574211, 2932719709, 756844378]);
    write_burst_increment_linear(15, 140, [3616777903, 3304293001, 2506793514, 2982176867, 2217743368, 1570163643]);
    write_burst_increment_linear(15, 164, [1664369094, 1457613229, 1799855574, 636108619, 2131339262, 3714312378]);
    write_burst_increment_linear(15, 188, [1120587141, 2460613157, 217662233, 1280337816, 2530274861, 1297734554]);
    write_burst_increment_linear(15, 212, [1506164659, 825040738, 3370389137, 2149677568, 3323233932, 775556444]);
    write_burst_increment_linear(15, 236, [34405124, 1164457354, 307546404, 3261918340, 597638471, 3610323118]);
    write_burst_increment_linear(15, 4, [3661049524, 3090523248, 3754963135, 4207654133, 3771262145]);
    write_burst_increment_linear(15, 24, [394484015, 3604270253, 2720973892, 23373570, 3744806078]);
    write_burst_increment_linear(15, 44, [2766129737, 778361180, 487887162, 3822036679, 2641864762]);
    write_burst_increment_linear(15, 64, [3530244260, 831160163, 820762977, 4253064955, 605161800]);
    write_burst_increment_linear(15, 84, [3539733669, 3395532436, 3615008942, 1409808808, 2847839315]);
    write_burst_increment_linear(15, 116, [2409838111, 2203707910, 2832642641, 3414051990, 2836580946, 551278401]);
    write_burst_increment_linear(15, 140, [1339385759, 698484563, 2515136043, 3663241396, 4172063473, 2259917325]);
    write_burst_increment_linear(15, 164, [2517958188, 1019344249, 1923031013, 4205811445, 1038882683, 2819766864]);
    write_burst_increment_linear(15, 232, [4055409379, 2451934244, 2066133494]);
    write_burst_increment_linear(15, 244, [1149341065, 4223997687, 3031938665]);
    write_burst_increment_linear(15, 256, [3222055040, 365356331, 1825850841]);
    write_burst_increment_linear(15, 268, [815371105, 1200273295, 180237077]);
    write_burst_increment_linear(15, 280, [1958451177, 2519636524, 982985077]);
    write_burst_increment_linear(15, 292, [3195950716, 1240808339, 3850899147]);
    write_burst_increment_linear(15, 304, [3272280198, 3312576650, 3419150487]);
    write_burst_increment_linear(15, 316, [2812339791, 1286480793, 1609779135]);
    write_burst_increment_linear(15, 328, [1967645674, 1901715938, 889390442]);
    write_burst_increment_linear(15, 340, [2628291641, 2363031065, 3426056344]);
    write_burst_increment_linear(15, 308, [1087630209, 2524580396, 3140091510]);
    write_burst_increment_linear(15, 320, [5286144, 4281283326, 4025682143]);
    write_burst_increment_linear(15, 332, [2205754374, 2444216867, 1620512193]);
    write_burst_increment_linear(15, 344, [262372639, 1308238235, 1152217993]);
    write_burst_increment_linear(15, 356, [1064105342, 1156035465, 2742145606]);
    write_burst_increment_linear(15, 368, [2048511476, 3768591553, 626964810]);
    write_burst_increment_linear(15, 380, [1943589863, 2549465647, 3941178581]);
    write_burst_increment_linear(15, 392, [2482395687, 1459060653, 2992570468]);
    write_burst_increment_linear(15, 308, [3510366882, 2319190548, 3343932046]);
    write_burst_increment_linear(15, 84, [3932427476, 3647824050, 169765140, 202842392, 4187166451]);
    write_burst_increment_linear(15, 104, [1758287313, 2892529752, 3726898876, 2890461784, 2597256757]);
    write_burst_increment_linear(15, 124, [2017952240, 1892269537, 1263005590, 3706011321, 3286339207]);
    write_burst_increment_linear(15, 144, [3704990905, 1526012853, 1637264835, 1995283437, 3854483659]);
    write_burst_increment_linear(15, 164, [1751400912, 4011435742, 1772048339, 4171347697, 86241034]);
    write_burst_increment_linear(15, 184, [3719317691, 3226671232, 1358760865, 3184094843, 2714005059]);
    write_burst_increment_linear(15, 40, [4257460987, 3611711662, 1286045081, 1589958589, 3082515567]);
    write_burst_increment_linear(15, 60, [412510513, 3120058995, 3637712561, 1857342941, 2694954049]);
    write_burst_increment_linear(15, 80, [2457663012, 2593118773, 3956316887, 98861323, 3521159843]);
    write_burst_increment_linear(15, 296, [3612890286, 1104140675, 408010544, 1554042297, 580832069, 2443275299]);
    write_burst_increment_linear(15, 320, [988516213, 2973133922, 380665133, 2618700344, 1317585821, 2505288746]);
    write_burst_increment_linear(15, 344, [2118625788, 1767651282, 1118107013, 2984278115, 1310215068, 224413466]);
    write_burst_increment_linear(15, 144, [2090462713, 2200144390, 1523853749, 2831064657]);
    write_burst_increment_linear(15, 160, [1805088727, 1294722970, 3938099925, 326699302]);
    write_burst_increment_linear(15, 176, [3309956234, 2834772049, 161995539, 451828533]);
    write_burst_increment_linear(15, 192, [68231432, 1050134397, 2566617649, 3229043840]);
    write_burst_increment_linear(15, 208, [2038929907, 3421226135, 117305613, 1838046683]);
    write_burst_increment_linear(15, 224, [1359914402, 1253639573, 1061971838, 4132161260]);
    write_burst_increment_linear(15, 240, [3642380466, 2122917885, 1879362016, 3114370675]);
    write_burst_increment_linear(15, 256, [1597859774, 3326444684, 3484533919, 458709302]);
    write_burst_increment_linear(15, 380, [1405532071, 3812016326, 2045714931]);
    write_burst_increment_linear(15, 392, [3908826833, 1364648354, 1790468053]);
    write_burst_increment_linear(15, 404, [797563743, 3919200979, 666423119]);
    write_burst_increment_linear(15, 416, [4278195966, 1239662483, 2017942512]);
    write_burst_increment_linear(15, 384, [817997153, 2211360263, 3079325807, 3444390042, 2323402772, 2230408713, 181344533]);
    write_burst_increment_linear(15, 412, [1139296647, 1942703079, 1417360808, 439629108, 3587273899, 1305426843, 240255772]);
    write_burst_increment_linear(15, 440, [2738726470, 2138822654, 891392362, 3486335135, 306560292, 3876736206, 1128298886]);
    write_burst_increment_linear(15, 384, [884661609, 2431628321]);
    write_burst_increment_linear(15, 392, [4000628444, 2653791804]);
    write_burst_increment_linear(15, 400, [2686216256, 245015325]);
    write_burst_increment_linear(15, 408, [753796441, 320536870]);
    write_burst_increment_linear(15, 416, [2845411411, 598306631]);
    write_burst_increment_linear(15, 164, [2750436423, 3469906589]);
    write_burst_increment_linear(15, 172, [3778697922, 2873883222]);
    write_burst_increment_linear(15, 180, [4292694271, 1880929760]);
    write_burst_increment_linear(15, 188, [4007089373, 2210521095]);
    write_burst_increment_linear(15, 196, [980688756, 3502935201]);
    write_burst_increment_linear(15, 204, [106259724, 3412889238]);
    write_burst_increment_linear(15, 212, [4111087850, 4120668395]);
    write_burst_increment_linear(15, 220, [93153547, 136325904]);
    write_burst_increment_linear(15, 228, [1287839641, 970281331]);
    write_burst_increment_linear(15, 236, [4198962932, 460160822, 34776836, 1079342464, 1327382942, 607782216, 4171079409, 3008798822]);
    write_burst_increment_linear(15, 268, [2691571264, 763457883, 1927395301, 687916370, 2709306434, 1626824129, 2426329633, 3103775857]);
    write_burst_increment_linear(15, 308, [4235569400, 3404997269, 194503447, 3757030079, 934650735]);
    write_burst_increment_linear(15, 328, [1980941292, 1113093508, 305335588, 901842283, 3694383800]);
    write_burst_increment_linear(15, 348, [3362485904, 1759944145, 1367527331, 3058637932, 496715067]);
    write_burst_increment_linear(15, 368, [3686929591, 3905665233, 2048339956, 519961405, 2967855713]);
    write_burst_increment_linear(15, 388, [890126698, 1954894825, 1695643082, 1162293642, 1171956619]);
    write_burst_increment_linear(15, 408, [2871366742, 2308394515, 702278483, 2568673842, 3491938976]);
    write_burst_increment_linear(15, 20, [1427269546, 1958433257, 1271076759, 2819062352, 1753272273, 107704588]);
    write_burst_increment_linear(15, 44, [135339792, 1910808035, 1782384084, 782885213, 3726755004, 1531904950]);
    write_burst_increment_linear(15, 84, [4004866781, 3341864078, 3336495245, 1904891875, 1191727502, 2642425403]);
    write_burst_increment_linear(15, 108, [3605358765, 591649606, 2285236240, 3223658112, 3717345467, 152775442]);
    write_burst_increment_linear(15, 132, [3580249770, 1508922291, 2322895380, 1552479673, 16191233, 1585274300]);
    write_burst_increment_linear(15, 156, [1664593862, 4093551335, 4063741156, 2378074651, 3065928813, 1548903352]);
    write_burst_increment_linear(15, 180, [2095424505, 1313400732, 1207909263, 3605732525, 644327244, 2858433620]);
    write_burst_increment_linear(15, 228, [2076383735, 458536758]);
    write_burst_increment_linear(15, 236, [3852663499, 595383110]);
    write_burst_increment_linear(15, 244, [2453063716, 2784316491]);
    write_burst_increment_linear(15, 252, [2775561290, 3653939379]);
    write_burst_increment_linear(15, 260, [1624463809, 2606760502]);
    write_burst_increment_linear(15, 268, [1282710424, 3206161534]);
    write_burst_increment_linear(15, 276, [2114950140, 1293038490]);
    write_burst_increment_linear(15, 284, [3586153131, 1223092625]);
    write_burst_increment_linear(15, 292, [42795781, 881130857]);
    write_burst_increment_linear(15, 300, [3384434323, 1585348028]);
    write_burst_increment_linear(15, 308, [2460218405, 3024697448]);
    write_burst_increment_linear(15, 316, [1301206427, 779885404]);
    write_burst_increment_linear(15, 324, [2662299197, 1893959137]);
    write_burst_increment_linear(15, 332, [2002429934, 3523525796]);
    write_burst_increment_linear(15, 340, [639193932, 493370682]);
    write_burst_increment_linear(15, 236, [1473740207, 3293040264, 2695086657, 3045133419, 4047053026, 811777888]);
    write_burst_increment_linear(15, 260, [2152783360, 3112714867, 3178808442, 2650815548, 3278794886, 2321055764]);
    write_burst_increment_linear(15, 284, [3338781326, 885322089, 831927651, 2291750417, 2182822404, 3389934228]);
    write_burst_increment_linear(15, 372, [3864950476, 3126853748, 499693883, 3251551875]);
    write_burst_increment_linear(15, 388, [1871208415, 2573090866, 3647478450, 2063451637]);
    write_burst_increment_linear(15, 404, [597405511, 408364336, 212976921, 4091491047]);
    write_burst_increment_linear(15, 420, [3499152545, 817177953, 1446445484, 3551061159]);
    write_burst_increment_linear(15, 436, [4105500905, 494960443, 2728122949, 4199839476]);
    write_burst_increment_linear(15, 284, [3258663556, 3442391194, 1673326535, 1677352391, 561146178, 4262619388]);
    write_burst_increment_linear(15, 308, [3392093844, 2328222741, 115785997, 4250487034, 2957596256, 971811699]);
    write_burst_increment_linear(15, 332, [255387934, 4220274423, 3551278759, 1948554216, 1834565082, 1406209447]);
    write_burst_increment_linear(15, 356, [3342767758, 1337861023, 2732841029, 3650488499, 3790140611, 2939200606]);
    write_burst_increment_linear(15, 380, [1681693128, 4009649373, 2937162846, 2691048512, 3295352968, 3490581664]);
    write_burst_increment_linear(15, 8, [1049997181, 1678973896, 872944488, 604145480, 2061415925, 1711884236, 1941067751, 166292755]);
    write_burst_increment_linear(15, 244, [3919184595, 3816709830, 4096170728, 304528164, 947037552, 2840566354]);
    write_burst_increment_linear(15, 268, [959543666, 3349360271, 1415409576, 3127864436, 1584871356, 3880122062]);
    write_burst_increment_linear(15, 292, [3052158059, 3889626831, 2394688541, 3812564678, 1244965780, 3233823873]);
    write_burst_increment_linear(15, 124, [1955714537, 2471539750, 3290069128, 3611530414, 1636512195, 1557774777, 665224015]);
    write_burst_increment_linear(15, 152, [3053717612, 4231036152, 3842790602, 1588895165, 2640972858, 2071373814, 2315612180]);
    write_burst_increment_linear(15, 180, [994480502, 2621570104, 1974426603, 2095566329, 2511924267, 868480359, 1513423284]);
    write_burst_increment_linear(15, 208, [3969378009, 290388770, 3618623663, 1943456231, 1916271588, 1199490958, 1982409708]);
    write_burst_increment_linear(15, 60, [3813892806, 2797283917, 774750556, 193563927]);
    write_burst_increment_linear(15, 76, [3299709065, 3744455870, 47753477, 4017774302]);
    write_burst_increment_linear(15, 92, [1479447984, 2369576986, 257293598, 2684919360]);
    write_burst_increment_linear(15, 108, [857802598, 2743934535, 1082176897, 3814463686]);
    write_burst_increment_linear(15, 124, [3569304745, 1451772333, 2098827258, 123165454]);
    write_burst_increment_linear(15, 140, [2827971153, 2885600343, 1854080989, 740536152]);
    write_burst_increment_linear(15, 412, [1434263978, 4005600477, 2482187815, 4280451326]);
    write_burst_increment_linear(15, 428, [2394848797, 2003084270, 1487516081, 1298283418]);
    write_burst_increment_linear(15, 444, [766333787, 2981658211, 753187161, 1212023696]);
    write_burst_increment_linear(15, 460, [387328, 962662770, 4006900445, 2055541749]);
    write_burst_increment_linear(15, 108, [3738200765, 1782534612, 2581756979, 896690026, 8307456]);
    write_burst_increment_linear(15, 128, [2513860139, 1446498732, 2934224989, 1651546564, 580653381]);
    write_burst_increment_linear(15, 148, [3008546918, 2477517863, 3884198095, 1100098435, 376635180]);
    write_burst_increment_linear(15, 168, [3466849949, 3100733041, 247041309, 3264729733, 1509255091]);
    write_burst_increment_linear(15, 188, [3852870859, 2044578291, 2682018879, 2411841055, 3108096626]);
    write_burst_increment_linear(15, 208, [2048992756, 2660465725, 4086248679, 2186385924, 407417136]);
    write_burst_increment_linear(15, 352, [2613589559, 530818367, 1208333712, 2848941139]);
    write_burst_increment_linear(15, 368, [3868083405, 473245496, 1845419995, 3801651397]);
    write_burst_increment_linear(15, 384, [3415221399, 1998728686, 1286687129, 2965661281]);
    write_burst_increment_linear(15, 400, [3960857304, 196628759, 237952796, 2577975859]);
    write_burst_increment_linear(15, 104, [3350298767, 1802694102, 3432065689, 1491010481, 2115765756, 1789137365, 3367884945, 973416308]);
    write_burst_increment_linear(15, 136, [3732115644, 2414133791, 2556400688, 1903536610, 2077041655, 2949566047, 368753963, 265958175]);
    write_burst_increment_linear(15, 168, [4156782831, 3403072149, 369061163, 6632192, 2771585610, 3923241171, 518357309, 3812479686]);
    write_burst_increment_linear(15, 200, [3971356377, 3781184706, 2835911250, 1554775993, 4007696605, 1203551631, 3259236996, 84174090]);
    write_burst_increment_linear(15, 92, [3847515850, 1527033270]);
    write_burst_increment_linear(15, 100, [3395726484, 4107805929]);
    write_burst_increment_linear(15, 108, [751716697, 2728588869]);
    write_burst_increment_linear(15, 20, [2498373673, 1244338068, 2833237073, 1518854581, 1158871946, 1074261888, 2601427510, 2301605394]);
    write_burst_increment_linear(15, 60, [3890842831, 487667002, 1506371507, 2228995081, 1345540000]);
    write_burst_increment_linear(15, 80, [565237059, 3363101840, 1319961501, 3388451475, 4160653039]);
    write_burst_increment_linear(15, 100, [137054480, 59610887, 2654603836, 2956182624, 2118187004]);
    write_burst_increment_linear(15, 120, [1541038007, 42114309, 1050136445, 2714563651, 3970169049]);
    write_burst_increment_linear(15, 140, [3372894354, 3401292949, 2058685941, 2152381440, 1101447555]);
    write_burst_increment_linear(15, 292, [930507630, 3600759981, 767721307]);
    write_burst_increment_linear(15, 304, [36173572, 3075241582, 529384767]);
    write_burst_increment_linear(15, 316, [967389043, 4054443747, 182243605]);
    write_burst_increment_linear(15, 328, [3075572334, 1875291103, 1108865924]);
    write_burst_increment_linear(15, 340, [346562857, 867184999, 2248047627]);
    write_burst_increment_linear(15, 352, [3032822889, 4171749105, 2044809203]);
    write_burst_increment_linear(15, 364, [1460335534, 851217253, 3183091323]);
    write_burst_increment_linear(15, 376, [2114590204, 2227770889, 2677838399]);
    write_burst_increment_linear(15, 388, [1406002087, 1887011808, 3175396474]);
    write_burst_increment_linear(15, 400, [3224609920, 718196565, 2493796393]);
    write_burst_increment_linear(15, 360, [3185638523, 1964332010, 664214351]);
    write_burst_increment_linear(15, 372, [2046726643, 769901403, 290957602]);
    write_burst_increment_linear(15, 384, [4260034811, 985694581, 1358602145]);
    write_burst_increment_linear(15, 396, [797584223, 1048367996, 816695137]);
    write_burst_increment_linear(15, 184, [1974851051, 1346717600]);
    write_burst_increment_linear(15, 192, [295477027, 2859902548]);
    write_burst_increment_linear(15, 200, [755814746, 2293353489]);
    write_burst_increment_linear(15, 208, [1212147600, 4291042047]);
    write_burst_increment_linear(15, 216, [3747064510, 4116436714]);
    write_burst_increment_linear(15, 224, [4189195507, 143818001]);
    write_burst_increment_linear(15, 232, [3348630671, 2555781680]);
    write_burst_increment_linear(15, 240, [2122291196, 1552540601]);
    write_burst_increment_linear(15, 248, [4242040057, 3631558320]);
    write_burst_increment_linear(15, 256, [1964758506, 81407753]);
    write_burst_increment_linear(15, 264, [613932361, 3721081531]);
    write_burst_increment_linear(15, 272, [489476922, 1947663336]);
    write_burst_increment_linear(15, 280, [435577139, 2883856983]);
    write_burst_increment_linear(15, 80, [901896043, 3108698226, 637485387, 2726035524, 1737994703, 1456339373, 4026577632, 3943871190]);
    write_burst_increment_linear(15, 112, [3796300484, 3196676221, 4120024299, 2881462871, 3835337929, 2211779079, 1969177578, 362445611]);
    write_burst_increment_linear(15, 144, [2655217212, 2361623577, 693950802, 2921572444, 3902000849, 2360215577, 2229875209, 2008045551]);
    write_burst_increment_linear(15, 176, [553390401, 1166060427, 3668307125, 1855353309, 2705729602, 3687200951, 1175740812, 2266539022]);
    write_burst_increment_linear(15, 188, [403856688, 2417002528, 3145139318, 743616344, 1583596988]);
    write_burst_increment_linear(15, 208, [1786874837, 1711119307, 629145418, 2233321994, 3849179338]);
    write_burst_increment_linear(15, 228, [461753143, 2660366909, 1584273852, 1294211482, 2997363301]);
    write_burst_increment_linear(15, 248, [3133980277, 3108707442, 1282727832, 111406349, 2394695197]);
    write_burst_increment_linear(15, 268, [4292870399, 1160667018, 514536765, 1947193320, 2327359509]);
    write_burst_increment_linear(15, 236, [3568163497, 4231085304, 2926195292, 1086131585, 2073094647, 904385387]);
    write_burst_increment_linear(15, 260, [3228549248, 2221185544, 3113748595, 1561956794, 1760853457, 4026816736]);
    write_burst_increment_linear(15, 200, [2552406576, 933947759, 665861455]);
    write_burst_increment_linear(15, 212, [4119162603, 3495007392, 2305212434]);
    write_burst_increment_linear(15, 224, [4266680572, 433422131, 88804106]);
    write_burst_increment_linear(15, 180, [1053598077, 1282744728, 1280537496, 3421046935, 624144714, 435700019]);
    write_burst_increment_linear(15, 204, [2790790732, 3280263303, 651778893, 2114954748, 1632996290, 3532663461]);
    write_burst_increment_linear(15, 228, [422475570, 4215765750, 1371998627, 2647002171, 1905763299, 1260170646]);
    write_burst_increment_linear(15, 216, [2196301317, 2359283225, 2259905549, 1701010378, 2509149227, 2489208872, 3910845138]);
    write_burst_increment_linear(15, 328, [2430883873, 4115948266, 501465915]);
    write_burst_increment_linear(15, 340, [1080999808, 4119656171, 3221373056]);
    write_burst_increment_linear(15, 352, [512743229, 2629722681, 2417765408]);
    write_burst_increment_linear(15, 364, [12491009, 3701903545, 3063001709]);
    write_burst_increment_linear(15, 184, [1010954104, 2261405197, 2192694277, 2347590679, 2106724347, 106565900, 3091055216]);
    write_burst_increment_linear(15, 212, [1841305051, 3064648301, 3280607879, 2977566818, 1624939457, 1087812481, 2202777094]);
    write_burst_increment_linear(15, 240, [2960958048, 1223303057, 1694363081, 2929913949, 236918044, 4112290538, 1273134487]);
    write_burst_increment_linear(15, 188, [1209802128, 1200108431, 1675937735]);
    write_burst_increment_linear(15, 200, [1617801152, 1976847851, 1839731675]);
    write_burst_increment_linear(15, 212, [1758068689, 678948688, 1816282584]);
    write_burst_increment_linear(15, 224, [1381581220, 3083535983, 2182368260]);
    write_burst_increment_linear(15, 236, [2095515129, 3266414725, 1924676581]);
    write_burst_increment_linear(15, 248, [1908962275, 3163112569, 895580522]);
    write_burst_increment_linear(15, 260, [671987536, 2053296116, 3522265763]);
    write_burst_increment_linear(15, 272, [3812645574, 2534364718, 325487398]);
    write_burst_increment_linear(15, 284, [1181088652, 2258123277, 3148134007]);
    write_burst_increment_linear(15, 252, [4260704507, 431360, 3978905818, 1226893714, 566486339, 3732732604, 2069190134]);
    write_burst_increment_linear(15, 280, [1817152984, 1368107939, 220786970, 2373979163, 3670728885, 1633362370, 3047777387]);
    write_burst_increment_linear(15, 312, [1419379113, 2431854113, 2442232867, 2023116273, 2101294074, 2984690787, 4023430367, 1312684956]);
    write_burst_increment_linear(15, 244, [3965536472, 1229767570, 1504921011]);
    write_burst_increment_linear(15, 256, [853730661, 688492882, 3893738192]);
    write_burst_increment_linear(15, 268, [2896028249, 540954432, 1205072783]);
    write_burst_increment_linear(15, 280, [938243951, 1061998462, 1669249478]);
    write_burst_increment_linear(15, 292, [3538241189, 3400868501, 2813542991]);
    write_burst_increment_linear(15, 364, [3083746927, 3850995403, 1348402080]);
    write_burst_increment_linear(15, 96, [2391527965, 277333793, 3874387149, 2077536759, 2768277066, 3039096426]);
    write_burst_increment_linear(15, 120, [3686426807, 3532053669, 1254148501, 1853105116, 2055230453, 3986527451]);
    write_burst_increment_linear(15, 144, [3671056565, 2782007371, 2201087494, 2218287624, 529329983, 1507074995]);
    write_burst_increment_linear(15, 192, [1538557879, 513010493, 3887477967, 4290782463]);
    write_burst_increment_linear(15, 208, [2977834082, 2916123227, 1203376015, 4017832670]);
    write_burst_increment_linear(15, 224, [1224257425, 3158916216, 3126571124, 2439399458]);
    write_burst_increment_linear(15, 240, [3881077454, 322999590, 1176790412, 1716458444]);
    write_burst_increment_linear(15, 256, [26667267, 3608594094, 724580182, 1028078458]);
    write_burst_increment_linear(15, 272, [3922048211, 4018523871, 1731851726, 2369789978]);
    write_burst_increment_linear(15, 288, [2094241785, 1235052947, 1483155888, 778493276]);
    write_burst_increment_linear(15, 364, [3477098142, 2260670477, 2983854179, 2095048185, 1099239299, 1173213067, 3743889598]);
    write_burst_increment_linear(15, 392, [3862447820, 2059238389, 1639304643, 1151693193, 3450195099, 3835539145, 3233644161]);
    write_burst_increment_linear(15, 380, [2548044335, 288659234, 124797198, 3865615564, 1834579418, 2382085147, 898630507, 911364460]);
    write_burst_increment_linear(15, 412, [4239543545, 3029881449, 2887949912, 903461739, 3882618062, 3626621104, 279599905, 1479654320]);
    write_burst_increment_linear(15, 168, [2443241507, 2955650656, 4010433758, 1289498009]);
    write_burst_increment_linear(15, 184, [3860701900, 1738283983, 4268561148, 1487444913]);
    write_burst_increment_linear(15, 200, [665453903, 1742382543, 3869517517, 755424090]);
    write_burst_increment_linear(15, 216, [1081076608, 815296353, 332125479, 127858959]);
    write_burst_increment_linear(15, 232, [614264649, 927425902, 1192892814, 1517798324]);
    write_burst_increment_linear(15, 248, [1207857551, 17184002, 1423617961, 3133325941]);
    write_burst_increment_linear(15, 264, [861768038, 1766607314, 2016089072, 2053654516]);
    write_burst_increment_linear(15, 280, [2509968939, 3243625602, 4168515312, 2018728432]);
    write_burst_increment_linear(15, 44, [1937622502, 2710813251, 2621675576, 676865872]);
    write_burst_increment_linear(15, 60, [3971750105, 906185580, 3015964775, 3727005884]);
    write_burst_increment_linear(15, 76, [1665769414, 3677503158, 1347942816, 3298067593]);
    write_burst_increment_linear(15, 92, [2014602224, 2455515172, 296191267, 672720720]);
    write_burst_increment_linear(15, 108, [1137259399, 2956755040, 2976336482, 2535225390]);
    write_burst_increment_linear(15, 124, [3953105111, 1617577920, 3758404800, 1404746663]);
    write_burst_increment_linear(15, 412, [4147963118, 4149025006, 180186389, 2725373508, 3277190790, 3186953339, 2568471090]);
    write_burst_increment_linear(15, 364, [656507214, 2274458639]);
    write_burst_increment_linear(15, 372, [1842444763, 188223766]);
    write_burst_increment_linear(15, 380, [3831529672, 1203155855]);
    write_burst_increment_linear(15, 388, [1699128266, 1361608098]);
    write_burst_increment_linear(15, 396, [2250138124, 1385289125]);
    write_burst_increment_linear(15, 404, [1513104308, 3411825302]);
    write_burst_increment_linear(15, 132, [3524337316, 846722404, 1957515753, 2333135382]);
    write_burst_increment_linear(15, 52, [2840116306, 4220619511, 1622022081, 1454002093, 1512991668]);
    write_burst_increment_linear(15, 72, [4229563128, 883014505, 339093288, 326671654, 1366631330]);
    write_burst_increment_linear(15, 92, [1316792220, 3529191588, 1138740103, 2141861375, 317895973]);
    write_burst_increment_linear(15, 112, [860659046, 2476356135, 926106990, 307987748, 3692975800]);
    write_burst_increment_linear(15, 64, [816908129, 8281856, 762270554, 1526633397, 1549671864, 3664075956]);
    write_burst_increment_linear(15, 88, [1669343687, 1448528300, 1399047590, 2589065780, 3212356734, 517321021]);
    write_burst_increment_linear(15, 112, [957409650, 1953714664, 1774496723, 1479123888, 1454454189, 2652765756]);
    write_burst_increment_linear(15, 136, [550154561, 999079287, 2402882590, 2861075029, 125307150, 434166067]);
    write_burst_increment_linear(15, 404, [93034251, 476383032, 3800558789, 950509937, 2148683776]);
    write_burst_increment_linear(15, 424, [3402214549, 1292794778, 3910285522, 3346407566, 3626965680]);
    write_burst_increment_linear(15, 444, [2582664243, 3444364442, 525329726, 86603530, 2987440740]);
    write_burst_increment_linear(15, 464, [693796178, 833370467, 3183325307, 1096590722, 2932671069]);
    write_burst_increment_linear(15, 484, [1671920583, 3326964364, 734450007, 4136692973, 3117006963]);
    write_burst_increment_linear(15, 168, [2820861008, 1434321834, 3691356344]);
    write_burst_increment_linear(15, 244, [389577006, 3994013916, 1044914556, 2807006286, 2256405516, 475123512]);
    write_burst_increment_linear(15, 268, [2706808386, 892880746, 3186212475, 2939760222, 1704522187, 253909278]);
    write_burst_increment_linear(15, 292, [876405096, 3415146135, 1101640579, 3838355657, 203582232, 3742042302]);
    write_burst_increment_linear(15, 324, [1075829632, 3500914337, 2274455055, 1586060733, 143048465, 1756426705]);
    write_burst_increment_linear(15, 348, [3242818690, 4253908731, 3062612077, 111446797, 897644395, 1507948467]);
    write_burst_increment_linear(15, 372, [3776556738, 1021828985, 1775930323, 1703215563, 176558869, 1310199196]);
    write_burst_increment_linear(15, 396, [3432096409, 3599341229, 1578974140, 304737572, 2548460079, 3230562433]);
    write_burst_increment_linear(15, 352, [1006411639, 2052506100, 509933884, 1867087838]);
    write_burst_increment_linear(15, 368, [1459799982, 2530179117, 3282738311, 4114342634]);
    write_burst_increment_linear(15, 248, [2343314967, 3147222135, 2883668567, 1568501178, 2793813581, 1606083519, 127745807]);
    write_burst_increment_linear(15, 428, [587663686, 1865575390, 55783174, 268951840, 449902389, 167434515, 2450370084]);
    write_burst_increment_linear(15, 456, [1388150693, 1582306236, 2801366605, 3596167340, 1411597224, 1820862937, 4187267315]);
    write_burst_increment_linear(15, 484, [131682063, 2651187772, 3220685951, 306082596, 962234226, 194244375, 3039048810]);
    write_burst_increment_linear(15, 464, [4159014127, 2905161306, 4272269053, 4194091251, 3279060614, 3477417630]);
    write_burst_increment_linear(15, 488, [2875205206, 1127826822, 19705602, 3793598660, 1251273621, 849123685]);
    write_burst_increment_linear(15, 96, [1115813765, 3482100383, 4181442802, 1561244602, 4090386663]);
    write_burst_increment_linear(15, 116, [225918746, 345651497, 2347387927, 988577141, 2901459545]);
    write_burst_increment_linear(15, 136, [2011118063, 2332383766, 4069056229, 140802320, 1238539667]);
    write_burst_increment_linear(15, 156, [1788283861, 269335328, 1190162317, 1881145824, 1744259535]);
    write_burst_increment_linear(15, 176, [366939435, 3799084228, 2196946437, 3985292507, 4283863294]);
    write_burst_increment_linear(15, 280, [2726281284, 1560772026, 1530692022, 2699412033, 1133763975, 2054940148, 1116011397, 4269959933]);
    write_burst_increment_linear(15, 312, [3593854124, 553387841, 997048694, 3910433490, 678330704, 2064806390, 3959746264, 760504666]);
    write_burst_increment_linear(15, 272, [340739368, 2381011483, 4049209058, 3705254585, 2559776817]);
    write_burst_increment_linear(15, 292, [3164195449, 2658274364, 3068804717, 2618983480, 3689630391]);
    write_burst_increment_linear(15, 312, [1472596399, 1598498238, 184087829, 1609128895, 3819776]);
    write_burst_increment_linear(15, 332, [1788689877, 2529596461, 1705718731, 1299568538, 3612157102]);
    write_burst_increment_linear(15, 352, [1993102317, 3532772005, 3605954221, 3053926508, 1492113841]);
    write_burst_increment_linear(15, 372, [1027863418, 1941229543, 2720502852, 1868535262, 2624196664]);
    write_burst_increment_linear(15, 316, [1999268334, 4219097334, 3855504587]);
    write_burst_increment_linear(15, 328, [3532724389, 325383974, 2639027258]);
    write_burst_increment_linear(15, 340, [824422242, 3601300141, 3719263931]);
    write_burst_increment_linear(15, 352, [3806969541, 1349862304, 2722840644]);
    write_burst_increment_linear(15, 364, [118579982, 3969696473, 824043874]);
    write_burst_increment_linear(15, 376, [3228210816, 343931688, 3805443781]);
    write_burst_increment_linear(15, 388, [3356245648, 235170588, 3692705464]);
    write_burst_increment_linear(15, 400, [3408307862, 1214161296, 1628727234]);
    write_burst_increment_linear(15, 412, [740611416, 204462872, 163523347]);
    write_burst_increment_linear(15, 408, [2055191028, 1262308246, 2776819787]);
    write_burst_increment_linear(15, 420, [363416363, 964028274, 3825813704]);
    write_burst_increment_linear(15, 432, [1534628790, 4040710881, 865537895]);
    write_burst_increment_linear(15, 444, [147431697, 3847950538, 1494361522]);
    write_burst_increment_linear(15, 456, [1632915906, 2256387084, 3492797600]);
    write_burst_increment_linear(15, 468, [4278644478, 2142668287, 208259352]);
    write_burst_increment_linear(15, 184, [2554507824, 34016516, 92044554, 845936996, 3541706406, 2210998279]);
    write_burst_increment_linear(15, 368, [733283159, 839542628, 4265692412, 899880299]);
    write_burst_increment_linear(15, 384, [1319950237, 2621370936, 1112041348, 655599950]);
    write_burst_increment_linear(15, 400, [4060913892, 384699181, 2084331512, 3927504596]);
    write_burst_increment_linear(15, 44, [1688758729, 2407318558, 5294848]);
    write_burst_increment_linear(15, 56, [593432902, 895233386, 2470565926]);
    write_burst_increment_linear(15, 68, [437504820, 2874098262, 1973365739]);
    write_burst_increment_linear(15, 80, [1871729119, 4190635251, 807879008]);
    write_burst_increment_linear(15, 92, [3432584345, 2934499933, 3457156764]);
    write_burst_increment_linear(15, 104, [3610060462, 3201978493, 980296564]);
    write_burst_increment_linear(15, 116, [2211781127, 2081346040, 3871870669]);
    write_burst_increment_linear(15, 320, [2177382915, 1348017568, 4184173298, 1158389642, 2116910588]);
    write_burst_increment_linear(15, 332, [4125312235, 3039829610, 2773636170, 3843001546]);
    write_burst_increment_linear(15, 348, [3252272771, 111079181, 1286110105, 1791176149]);
    write_burst_increment_linear(15, 364, [2452739108, 1810761687, 2279685135, 2038987251]);
    write_burst_increment_linear(15, 380, [3072930414, 4097580776, 3190104700, 1207143823]);
    write_burst_increment_linear(15, 396, [2261140493, 1110029700, 3426974872, 2061518325]);
    write_burst_increment_linear(15, 108, [3377347218, 1715403724, 194382615, 3994450140, 1140641671]);
    write_burst_increment_linear(15, 128, [345977641, 3405414549, 3273094278, 3704035513, 4282798846]);
    write_burst_increment_linear(15, 16, [75137288, 1301903259, 1660935621, 537790272, 1712500172, 1515727796, 4221575927]);
    write_burst_increment_linear(15, 404, [3681743030, 2148459008, 770075483]);
    write_burst_increment_linear(15, 416, [3709842618, 1647153604, 2108533243]);
    write_burst_increment_linear(15, 428, [464491831, 2822980176, 1775767507]);
    write_burst_increment_linear(15, 440, [3362884752, 3532647077, 3573245609]);
    write_burst_increment_linear(15, 452, [3067689069, 2869423702, 1225137042]);
    write_burst_increment_linear(15, 464, [3782466754, 1187158413, 588900166]);
    write_burst_increment_linear(15, 476, [1374261155, 11149569, 1239186835]);
    write_burst_increment_linear(15, 488, [3530052772, 467039031, 2682874943]);
    write_burst_increment_linear(15, 220, [3121004148, 215792409, 991738230, 2178743811, 878499176, 2001825774, 452405557]);
    write_burst_increment_linear(15, 12, [57605382, 1554128825, 2246242827, 2910353498, 2124402685, 1356008353, 2042705395]);
    write_burst_increment_linear(15, 40, [2173020163, 673513296, 49950981, 1164748682, 3257560708, 276145440, 3404003989]);
    write_burst_increment_linear(15, 68, [316721445, 1326782878, 2080416248, 4068840677, 2437337634, 3226906240, 436767540]);
    write_burst_increment_linear(15, 96, [3491687584, 640795980, 3748594366, 2403319838, 2972757090, 144332561, 253270814]);
    write_burst_increment_linear(15, 372, [1842661339, 2266775054, 3736328381, 1324093853, 1060606846]);
    write_burst_increment_linear(15, 176, [3891513551, 3846962890, 1980987372, 4288471807, 2292642833]);
    write_burst_increment_linear(15, 196, [3662828212, 1397790630, 1683874248, 56976134, 1065409407]);
    write_burst_increment_linear(15, 216, [1059055998, 292137762, 4161151216, 195573015, 310007076]);
    write_burst_increment_linear(15, 172, [1878363615, 2850769491, 1277196696, 319718694, 2171598338, 1267751319, 759294810]);
    write_burst_increment_linear(15, 200, [2142073855, 2122105852, 1628873154, 2204981766, 637346635, 1737481679, 374218540]);
    write_burst_increment_linear(15, 228, [4026242783, 2289364496, 568978755, 4105997545, 428878131, 4062703844, 3762578112]);
    write_burst_increment_linear(15, 152, [2218617352, 1812591064, 4107813609, 1291767705, 1686368201, 484253497, 1945412071, 3859783884]);
    write_burst_increment_linear(15, 252, [3542981286, 72407816]);
    write_burst_increment_linear(15, 260, [1772100051, 3448422043]);
    write_burst_increment_linear(15, 268, [1612355520, 3834961097]);
    write_burst_increment_linear(15, 468, [3493432480, 881146729, 192222998, 865587047, 3524629156, 3850610891, 540938048, 91127562]);
    write_burst_increment_linear(15, 60, [3826852552, 276176160, 1222617489, 1562710970, 2323928597, 4199790324, 1775072211, 2576873523]);
    write_burst_increment_linear(15, 92, [2896984153, 2117261820, 2057797621, 928138094, 3153698423, 3520983203, 1107446660, 1099383171]);
    write_burst_increment_linear(15, 124, [2539366958, 2241079307, 2746224199, 278724385, 1126578054, 3946147030, 2063386613, 406341424]);
    write_burst_increment_linear(15, 156, [2225905161, 2653841980, 1856648157, 1946723816, 4254989563, 405048624, 3131821173, 4283720958]);
    write_burst_increment_linear(15, 72, [2202309638, 749785433, 2483138088, 1209678224, 1206976399, 3602333357]);
    write_burst_increment_linear(15, 96, [2094745593, 1669514183, 338440488, 2498401321, 3173987450, 384756525]);
    write_burst_increment_linear(15, 120, [1745843664, 2422779424, 2719130180, 1536093623, 2118572028, 2375231515]);
    write_burst_increment_linear(15, 364, [2511035435, 3922489555, 149434129, 407365936, 3042048]);
    write_burst_increment_linear(15, 384, [3913345234, 4218594550, 3497226400, 938552175, 882446697]);
    write_burst_increment_linear(15, 404, [4094387944, 1703856075, 1476148143, 2108020731, 3741019325]);
    write_burst_increment_linear(15, 424, [3201807997, 2082994168, 1767171538, 2354148376, 4087795431]);
    write_burst_increment_linear(15, 444, [1635285954, 2774313034, 3332242061, 201021719, 2990121572]);
    write_burst_increment_linear(15, 160, [433785651, 3699621049, 26030339, 2566632497, 4237036793, 1686611913, 150313233]);
    write_burst_increment_linear(15, 188, [1012129656, 1855441373, 189101334, 9957121, 484584761, 3347125903, 1706251723]);
    write_burst_increment_linear(15, 216, [3721489595, 2925242460, 3974010073, 2404920862, 1906905571, 2854493780, 821469025]);
    write_burst_increment_linear(15, 244, [1496823218, 4157315311, 1528437686, 1629180354, 1971211754, 3410459798, 3827493576]);
    write_burst_increment_linear(15, 188, [225876762, 1719000524, 3808832710, 1209405328, 3836474569, 3410406550, 167251219, 2676650559]);
    write_burst_increment_linear(15, 220, [998540663, 3864139468, 2940874846, 1381214116, 3514341026, 1925772261, 273205024, 2158814209]);
    write_burst_increment_linear(15, 252, [3020109928, 2278546959, 758167898, 1599809470, 565065027, 85669642, 2921050716, 2225678857]);
    write_burst_increment_linear(15, 284, [4225636599, 256579358, 615260489, 992177526, 2472422950, 4161231600, 1450783148, 2517903404]);
    write_burst_increment_linear(15, 232, [3284097671, 3506823842, 2412985375, 565551939, 3646865074, 2637289530, 1087722881, 308747556]);
    write_burst_increment_linear(15, 156, [2129750525, 1347799968, 2027781105, 2168985602, 1195864462, 592030534]);
    write_burst_increment_linear(15, 180, [2840460370, 2223881737, 362340651, 3986829019, 3008022118, 595578182]);
    write_burst_increment_linear(15, 72, [3589545643, 3605293741, 407423280]);
    write_burst_increment_linear(15, 84, [3938524373, 3867431117, 2654576188]);
    write_burst_increment_linear(15, 96, [1036065147, 1474397103, 1412021672]);
    write_burst_increment_linear(15, 280, [2476311079, 2108963835, 141453584, 3262938756, 2355132952, 3359980176, 478421305]);
    write_burst_increment_linear(15, 384, [1420599721, 819688801, 3074831982]);
    write_burst_increment_linear(15, 396, [2303147538, 3379470482, 2327323669]);
    write_burst_increment_linear(15, 408, [2435936802, 948722545, 3243417218]);
    write_burst_increment_linear(15, 420, [2658125372, 1350882209, 164026131]);
    write_burst_increment_linear(15, 432, [3244217986, 2131519486, 3269980805]);
    write_burst_increment_linear(15, 184, [2655136828, 1115185540, 3047531627, 2170721282]);
    write_burst_increment_linear(15, 12, [1956248041, 681584465, 3470539933, 284158241, 2777287755, 2645384251]);
    write_burst_increment_linear(15, 36, [1821340121, 2797339725, 338599208, 557621058, 1321127325, 2328265237]);
    write_burst_increment_linear(15, 60, [3078500462, 2279081999, 3345923726, 269869344, 3690338487, 3132192373]);
    write_burst_increment_linear(15, 84, [4156059887, 722360150, 2296799249, 2977858658, 284544801, 3719159995]);
    write_burst_increment_linear(15, 336, [3179822715, 4002806493, 2747575879, 3443458714, 2407721503, 2050958836, 1014481784]);
    write_burst_increment_linear(15, 364, [1095659394, 3041992298, 1846304732, 495609659, 334543143, 3903838929, 455045942]);
    write_burst_increment_linear(15, 392, [3261658756, 4153904367, 2153895424, 2599743029, 1928040421, 2310885907, 988516725]);
    write_burst_increment_linear(15, 420, [3018857575, 1668418502, 1968258026, 1259292054, 614926665, 3703571641, 2313367059]);
    write_burst_increment_linear(15, 380, [4086291687, 864701287, 2477133351, 3088820848, 2142023679, 2943799902]);
    write_burst_increment_linear(15, 36, [3982477018, 3072417902, 3050201195, 1878012383, 96476939, 2038823923, 381894445, 1634302914]);
    write_burst_increment_linear(15, 68, [3573061801, 3262405764, 4192470259, 2995787365, 1678488008, 1698025930, 2512293419, 589903174]);
    write_burst_increment_linear(15, 100, [1931060198, 447111989, 723810134, 3690643639, 2711382595, 3309363338, 516365629, 3703005881]);
    write_burst_increment_linear(15, 132, [1885586912, 3555382439, 1922275813, 3601500845, 424750386, 2407565855, 4207856373, 539256128]);
    write_burst_increment_linear(15, 416, [749067097, 86299914, 3476697758, 373520172, 3050084459]);
    write_burst_increment_linear(15, 436, [2403519518, 3881072846, 3762944, 2164197889, 1236157331]);
    write_burst_increment_linear(15, 456, [446640949, 2559509041, 1842896859, 1357214625, 3745279166]);
    write_burst_increment_linear(15, 80, [3092049520, 1805077975, 565975363, 2831986257, 1052527485, 346322729, 1464900014]);
    write_burst_increment_linear(15, 108, [2571760690, 1959577577, 3007198822, 3854051019, 1936025062, 4033049312, 4251657466]);
    write_burst_increment_linear(15, 136, [2183770628, 169212180, 672405840, 887201641, 1784211412, 2448977443, 4008527581]);
    write_burst_increment_linear(15, 324, [3942926038, 2933614173, 2381756955]);
    write_burst_increment_linear(15, 336, [3995775196, 2462131237, 2000038894]);
    write_burst_increment_linear(15, 348, [1611166144, 3276584070, 4243238649]);
    write_burst_increment_linear(15, 360, [536964416, 506855740, 3984394970]);
    write_burst_increment_linear(15, 372, [2406641182, 465978679, 2461455397]);
    write_burst_increment_linear(15, 384, [2543398447, 1493218226, 4280652542]);
    write_burst_increment_linear(15, 396, [3381074067, 1422678953, 2705359938]);
    write_burst_increment_linear(15, 408, [3920883411, 882097001, 1405848999]);
    write_burst_increment_linear(15, 296, [2614198839, 3935749333, 1155205001, 1192330638, 1331344798]);
    write_burst_increment_linear(15, 316, [3644656306, 396081967, 2283553808, 2963365985, 25988867]);
    write_burst_increment_linear(15, 336, [3990056155, 2586742836, 1675199431, 2163351041, 2851961939]);
    write_burst_increment_linear(15, 356, [2042435571, 724358486, 2909095002, 1097925506, 636830027]);
    write_burst_increment_linear(15, 376, [410441520, 1962168297, 1534910390, 1982413804, 4039164129]);
    write_burst_increment_linear(15, 396, [1410352552, 1749264848, 2482762279, 1031639930, 781777245]);
    write_burst_increment_linear(15, 324, [396947759, 1981234668, 4175759601, 4157904111, 3558964392]);
    write_burst_increment_linear(15, 344, [231210267, 752942937, 1510047668, 2750851143, 2037620722]);
    write_burst_increment_linear(15, 364, [3185500283, 1014939512, 2654682684, 4085480679, 669605199]);
    write_burst_increment_linear(15, 384, [714346837, 2884422231, 2065478134, 3122912372, 3155881592]);
    write_burst_increment_linear(15, 404, [3984562394, 1094457730, 1647742916, 4143618285, 388675374]);
    write_burst_increment_linear(15, 288, [267644703, 387954478, 3571774121, 198048023, 3749433022, 210789145, 3300179081, 1840310235]);
    write_burst_increment_linear(15, 320, [3062472813, 3361222800, 417130801, 134418192, 2656530492, 2895036505, 758211418, 309620004]);
    write_burst_increment_linear(15, 352, [446565685, 1653304773, 1750258640, 2422913568, 3395354260, 4198584052, 73050376, 3200088189]);
    write_burst_increment_linear(15, 384, [3548026022, 626738506, 3494318240, 1932648422, 2766657609, 2853694548, 1445393836, 3921079507]);
    write_burst_increment_linear(15, 28, [996236150, 3613875374, 398358831, 630759755, 2066196470, 1196258702, 2051298804, 3030909545]);
    write_burst_increment_linear(15, 60, [878579048, 3238455938, 3583824555, 3594392236, 3337783437, 670207311, 3641527474, 3331422349]);
    write_burst_increment_linear(15, 260, [3316754059, 4170608881, 599605575, 2027053553]);
    write_burst_increment_linear(15, 276, [3472016029, 3441333914, 1671408071, 2320266260]);
    write_burst_increment_linear(15, 292, [354008362, 4004397277, 974319476, 1671526343]);
    write_burst_increment_linear(15, 308, [1867005918, 83373321, 3234044033, 3810098374]);
    write_burst_increment_linear(15, 324, [2728965701, 2255542284, 960821106, 1384409509]);
    write_burst_increment_linear(15, 340, [886722409, 3033169001, 2287801360, 4279620862]);
    write_burst_increment_linear(15, 356, [857535334, 1462834606, 1678818760, 3036748906]);
    write_burst_increment_linear(15, 372, [440226100, 1850106332, 1081047936, 3134544501]);
    write_burst_increment_linear(15, 128, [2828627025, 953263473, 3363355792, 1705651147]);
    write_burst_increment_linear(15, 144, [916975469, 963294578, 411174705, 1049032061]);
    write_burst_increment_linear(15, 160, [3763027136, 2856561748, 1934258662, 2296940049]);
    write_burst_increment_linear(15, 32, [726149974, 2081451512, 2584463412, 3137362550, 481422649]);
    write_burst_increment_linear(15, 52, [4017211102, 1239810963, 3697808056, 3637549745, 3495877280]);
    write_burst_increment_linear(15, 172, [2335492118, 3995086556]);
    write_burst_increment_linear(15, 180, [2127279101, 2457445924]);
    write_burst_increment_linear(15, 188, [497576251, 3028006504]);
    write_burst_increment_linear(15, 196, [2230866953, 1767857618]);
    write_burst_increment_linear(15, 204, [2476890151, 3476151454]);
    write_burst_increment_linear(15, 212, [1315584924, 1762176466]);
    write_burst_increment_linear(15, 220, [937096559, 3432008345]);
    write_burst_increment_linear(15, 228, [1829774298, 1227761042]);
    write_burst_increment_linear(15, 236, [339106088, 1236103059]);
    write_burst_increment_linear(15, 244, [995789174, 2821656144]);
    write_burst_increment_linear(15, 252, [501244219, 2966712929]);
    write_burst_increment_linear(15, 260, [3568806057, 1381857188]);
    write_burst_increment_linear(15, 268, [690530642, 2897298009]);
    write_burst_increment_linear(15, 276, [2345631255, 4228524792]);
    write_burst_increment_linear(15, 284, [2166262274, 2084343288]);
    write_burst_increment_linear(15, 292, [444581684, 2052109812]);
    write_burst_increment_linear(15, 12, [1185112973, 1022842233, 3028875881]);
    write_burst_increment_linear(15, 24, [2119523324, 3642179250, 1102295939]);
    write_burst_increment_linear(15, 36, [1854354909, 2476662311, 628102474]);
    write_burst_increment_linear(15, 48, [3192429692, 2881886807, 3036759658]);
    write_burst_increment_linear(15, 60, [1189900685, 1021849465, 3184661115]);
    write_burst_increment_linear(15, 72, [3177908858, 651272525, 1525433781]);
    write_burst_increment_linear(15, 72, [3937565397, 2039919603, 3063897197, 2945804895, 2570594866]);
    write_burst_increment_linear(15, 92, [3049255531, 994812278, 4069284581, 3010884710, 741308248]);
    write_burst_increment_linear(15, 112, [1081783680, 2423573536, 1736323534, 2006019567, 2353517080]);
    write_burst_increment_linear(15, 364, [123204878, 1268067223, 1133262215, 1769806290]);
    write_burst_increment_linear(15, 76, [3800229573, 3995990748, 168289556, 1378621860]);
    write_burst_increment_linear(15, 92, [562779971, 1166710667, 1327012766, 780615005]);
    write_burst_increment_linear(15, 108, [1521374645, 3390023828, 1095391618, 1722006477]);
    write_burst_increment_linear(15, 124, [990939510, 2866211925, 2730798661, 38318852]);
    write_burst_increment_linear(15, 260, [4197776628, 137170704, 3800545477, 32444675, 3204134525, 3862722252]);
    write_burst_increment_linear(15, 248, [1934444518, 2252725260, 3962772696, 3622480559]);
    write_burst_increment_linear(15, 264, [2060971509, 1071340927, 2695485505, 513269053]);
    write_burst_increment_linear(15, 280, [279548193, 2216048136, 450376501, 2870931030]);
    write_burst_increment_linear(15, 296, [2249204748, 1331193758, 1795226070, 3008969318]);
    write_burst_increment_linear(15, 312, [1606832575, 299476771, 4266767612, 2161893377]);
    write_burst_increment_linear(15, 324, [1309915548, 1022615929, 281874209, 3955163863, 2065785334, 2865520213, 2201447942]);
    write_burst_increment_linear(15, 352, [1350069152, 4134876396, 2194580485, 3775483586, 4201347828, 1965773290, 1441341867]);
    write_burst_increment_linear(15, 144, [3686726839, 2768454730, 2437839906]);
    write_burst_increment_linear(15, 156, [3539046565, 3184796795, 3954283223]);
    write_burst_increment_linear(15, 168, [1385253285, 3310398090, 3279505030]);
    write_burst_increment_linear(15, 180, [4111192810, 2760600137, 1084751745]);
    write_burst_increment_linear(15, 192, [1249365396, 2178514435, 2219257352]);
    write_burst_increment_linear(15, 204, [3088213104, 3095257712, 47175429]);
    write_burst_increment_linear(15, 216, [2733744709, 1648262084, 1363834786]);
    write_burst_increment_linear(15, 316, [2644062779, 752365913, 326928166, 1927342053, 1322157469, 450195253, 3213938303]);
    write_burst_increment_linear(15, 344, [2396206109, 1264818070, 34194692, 3805509317, 3564577448, 1343378848, 1616064448]);
    write_burst_increment_linear(15, 328, [3039128682, 1623839169]);
    write_burst_increment_linear(15, 336, [2401569822, 2351974424]);
    write_burst_increment_linear(15, 344, [4249221370, 1428642730]);
    write_burst_increment_linear(15, 352, [2301165586, 3915584722]);
    write_burst_increment_linear(15, 360, [4721920, 3990811867]);
    write_burst_increment_linear(15, 368, [3234497665, 768524123]);
    write_burst_increment_linear(15, 376, [3955796183, 2792515660]);
    write_burst_increment_linear(15, 384, [2153116672, 356840234]);
    write_burst_increment_linear(15, 392, [2020247024, 1488864689]);
    write_burst_increment_linear(15, 400, [4236471545, 1285560729]);
    write_burst_increment_linear(15, 408, [2492603945, 2173030915]);
    write_burst_increment_linear(15, 416, [1418906025, 4096745704]);
    write_burst_increment_linear(15, 424, [1356968865, 3955171031]);
    write_burst_increment_linear(15, 432, [2586288692, 383956269]);
    write_burst_increment_linear(15, 104, [1110885252, 2396944413]);
    write_burst_increment_linear(15, 112, [711255380, 4123724011]);
    write_burst_increment_linear(15, 120, [719385941, 3051413611]);
    write_burst_increment_linear(15, 128, [4024907487, 240094492]);
    write_burst_increment_linear(15, 136, [171669780, 2901259353]);
    write_burst_increment_linear(15, 144, [1054799741, 2671607358]);
    write_burst_increment_linear(15, 152, [544290624, 4032818400]);
    write_burst_increment_linear(15, 160, [1190392205, 592395590]);
    write_burst_increment_linear(15, 168, [2271862798, 2927117916]);
    write_burst_increment_linear(15, 300, [270090016, 1783007188, 861818214, 918182765, 2739081286, 879327592]);
    write_burst_increment_linear(15, 324, [3397063828, 2019379184, 1666169286, 1254905749, 2591201844, 410077488]);
    write_burst_increment_linear(15, 348, [2599350837, 615820105, 974255988, 1604440511, 2615294519, 2304688146]);
    write_burst_increment_linear(15, 372, [2424178720, 564071235, 142134032, 3024725608, 3255789700, 2504646698]);
    write_burst_increment_linear(15, 396, [717988693, 1011034488, 3505288353, 3718250171, 2511960619, 3375615634]);
    write_burst_increment_linear(15, 232, [1688922569, 841859428]);
    write_burst_increment_linear(15, 240, [1067222399, 1726341581]);
    write_burst_increment_linear(15, 248, [4046095074, 3353966223]);
    write_burst_increment_linear(15, 256, [1721370573, 1746688]);
    write_burst_increment_linear(15, 264, [338912552, 757189466]);
    write_burst_increment_linear(15, 272, [2752052808, 3457080476]);
    write_burst_increment_linear(15, 280, [2668699710, 1567741370]);
    write_burst_increment_linear(15, 288, [1871372255, 998376311]);
    write_burst_increment_linear(15, 296, [1113980292, 1420588457]);
    write_burst_increment_linear(15, 304, [36031748, 1856066525]);
    write_burst_increment_linear(15, 312, [410454320, 2847425107]);
    write_burst_increment_linear(15, 316, [3173751930, 1300188570]);
    write_burst_increment_linear(15, 324, [3504741537, 320314662]);
    write_burst_increment_linear(15, 332, [396926767, 512620349]);
    write_burst_increment_linear(15, 340, [2707869762, 1200291215]);
    write_burst_increment_linear(15, 348, [1408837031, 124641550]);
    write_burst_increment_linear(15, 356, [1703026635, 39467780]);
    write_burst_increment_linear(15, 364, [2968176737, 1605433279]);
    write_burst_increment_linear(15, 372, [2450391588, 2896962649]);
    write_burst_increment_linear(15, 380, [652929869, 9824001]);
    write_burst_increment_linear(15, 388, [4176886001, 349324585]);
    write_burst_increment_linear(15, 396, [2640486970, 2880707159]);
    write_burst_increment_linear(15, 404, [3170385017, 668264783]);
    write_burst_increment_linear(15, 412, [2614284343, 1248313236]);
    write_burst_increment_linear(15, 420, [2535409710, 3787397827]);
    write_burst_increment_linear(15, 428, [2461010981, 1912455651]);
    write_burst_increment_linear(15, 436, [3925891796, 3232409217]);
    write_burst_increment_linear(15, 148, [3331070605, 867100007]);
    write_burst_increment_linear(15, 156, [654330702, 2275230223]);
    write_burst_increment_linear(15, 164, [3586048171, 2545449007]);
    write_burst_increment_linear(15, 172, [1388735397, 3301953161]);
    write_burst_increment_linear(15, 180, [4098925800, 1610025919]);
    write_burst_increment_linear(15, 188, [1840912347, 1717686732]);
    write_burst_increment_linear(15, 196, [3255735428, 3049650795]);
    write_burst_increment_linear(15, 204, [2511338539, 3361538704]);
    write_burst_increment_linear(15, 212, [760224602, 1935434214]);
    write_burst_increment_linear(15, 220, [1899333602, 3833390280]);
    write_burst_increment_linear(15, 228, [847480165, 2733186117]);
    write_burst_increment_linear(15, 236, [1694294473, 2510990891]);
    write_burst_increment_linear(15, 244, [846846820, 1970194410]);
    write_burst_increment_linear(15, 252, [1846082012, 2302238738]);
    write_burst_increment_linear(15, 144, [434221875, 3773384385, 955915121, 1809240023, 276701984, 3189650044]);
    write_burst_increment_linear(15, 248, [4284858110, 1803959767, 650995533, 3863874764, 1848817116]);
    write_burst_increment_linear(15, 268, [2209020423, 384779053, 3304799881, 3152191607, 2497121833]);
    write_burst_increment_linear(15, 344, [2733069893, 2289906704, 3657139891, 3640609969, 107770124, 346710313]);
    write_burst_increment_linear(15, 368, [2468795430, 2724783172, 1162261898, 3271841926, 3105924722, 2340889623]);
    write_burst_increment_linear(15, 392, [3137486966, 472482616, 708932948, 2608944695, 1827860441, 2188185092]);
    write_burst_increment_linear(15, 280, [2902648922, 2534062638, 921731949, 3063016045, 2213263367]);
    write_burst_increment_linear(15, 300, [1401481639, 3219248255, 4081757414, 1218506641, 1116833669]);
    write_burst_increment_linear(15, 320, [922733421, 3502604961, 3078665839, 801754463, 1336373151]);
    write_burst_increment_linear(15, 340, [3055618668, 2381969947, 1526774710, 2707721282, 3819674823]);
    write_burst_increment_linear(15, 288, [2302629394, 1930455014]);
    write_burst_increment_linear(15, 296, [1595880894, 4106234601]);
    write_burst_increment_linear(15, 304, [3898479312, 3958057175]);
    write_burst_increment_linear(15, 312, [68254472, 2655780924]);
    write_burst_increment_linear(15, 320, [2651680828, 2926745692]);
    write_burst_increment_linear(15, 192, [675110736, 3032351849, 1688583113, 3157211768, 1354427809, 227639067]);
    write_burst_increment_linear(15, 216, [3195893372, 1568382906, 3231672449, 3201139837, 3167370873, 2969866850]);
    write_burst_increment_linear(15, 240, [2383397404, 1342115743, 272491808, 143029521, 428713267, 1253628821]);
    write_burst_increment_linear(15, 104, [3578750634, 1018342777, 1503471539, 3813700806, 2404706846, 4274858749]);
    write_burst_increment_linear(15, 264, [1368994723, 1329961886]);
    write_burst_increment_linear(15, 272, [2608608822, 89296650]);
    write_burst_increment_linear(15, 280, [25579779, 1492957617]);
    write_burst_increment_linear(15, 288, [3465353373, 2810177614]);
    write_burst_increment_linear(15, 296, [2258292749, 1979821036]);
    write_burst_increment_linear(15, 304, [1047612284, 180267797]);
    write_burst_increment_linear(15, 312, [4072653029, 3750694079]);
    write_burst_increment_linear(15, 320, [1426308010, 4250522874]);
    write_burst_increment_linear(15, 328, [1120725893, 3486464671]);
    write_burst_increment_linear(15, 336, [685511505, 4135722733]);
    write_burst_increment_linear(15, 344, [508878140, 1949848040]);
    write_burst_increment_linear(15, 352, [1023066489, 1326057374]);
    write_burst_increment_linear(15, 360, [3526418596, 2879924823]);
    write_burst_increment_linear(15, 368, [691334994, 2615265335]);
    write_burst_increment_linear(15, 376, [298648355, 2889901144]);
    write_burst_increment_linear(15, 144, [1828870618, 3242212482]);
    write_burst_increment_linear(15, 152, [1040092027, 433820979]);
    write_burst_increment_linear(15, 160, [1865099230, 1529836982]);
    write_burst_increment_linear(15, 320, [2542689327, 4082451174, 1876947935, 3862460108]);
    write_burst_increment_linear(15, 336, [2934825565, 172558612, 4176061169, 3514692258]);
    write_burst_increment_linear(15, 352, [419148081, 2034160114, 392526638, 1541683127]);
    write_burst_increment_linear(15, 368, [1647195588, 713496405, 1230080, 3312918154]);
    write_burst_increment_linear(15, 384, [1244699028, 2003834862, 1805880791, 191252246]);
    write_burst_increment_linear(15, 400, [2534328366, 2122436093, 2965938273, 1604389311]);
    write_burst_increment_linear(15, 360, [3761407168, 2612658231, 621284170]);
    write_burst_increment_linear(15, 372, [404003120, 3932000980, 4270760189]);
    write_burst_increment_linear(15, 384, [3024701544, 1585632701, 628674890]);
    write_burst_increment_linear(15, 396, [4091951847, 973385076, 1584139196]);
    write_burst_increment_linear(15, 408, [562731843, 2139390463, 1437005227]);
    write_burst_increment_linear(15, 420, [57591558, 631573835, 2455099428]);
    write_burst_increment_linear(15, 432, [1644075459, 4247803642, 2315387412]);
    write_burst_increment_linear(15, 444, [2665181757, 3417822871, 1286129561]);
    write_burst_increment_linear(15, 112, [2754535496, 3105466482, 783800669]);
    write_burst_increment_linear(15, 124, [2524761644, 2789486668, 3381318291]);
    write_burst_increment_linear(15, 136, [1095024002, 2098316282, 3475047070]);
    write_burst_increment_linear(15, 148, [2351132184, 1913263076, 3847405770]);
    write_burst_increment_linear(15, 160, [2499830826, 3116898931, 134530320]);
    write_burst_increment_linear(15, 172, [1808057303, 187441430, 1340945311]);
    write_burst_increment_linear(15, 184, [1041137532, 3933374164, 331924775]);
    write_burst_increment_linear(15, 196, [3438465689, 1149873545, 2343077911]);
    write_burst_increment_linear(15, 372, [2658206780, 2704584770, 1914887140, 55696134]);
    write_burst_increment_linear(15, 388, [2832201297, 3007237734, 2271492110, 3113971315]);
    write_burst_increment_linear(15, 404, [4089387751, 4245128442, 2225868809, 149399825]);
    write_burst_increment_linear(15, 376, [3164124281, 2049550324]);
    write_burst_increment_linear(15, 384, [2511382059, 2073974263]);
    write_burst_increment_linear(15, 392, [1533115830, 2596357685]);
    write_burst_increment_linear(15, 0, [1918471140, 2781573707, 2303035410, 4225872631, 3653036723]);
    write_burst_increment_linear(15, 20, [3699281592, 2334890518, 1100920707, 1364436386, 27216131]);
    write_burst_increment_linear(15, 40, [2863238229, 3491146400, 1902097890, 1473277871, 1417197992]);
    write_burst_increment_linear(15, 60, [2103719930, 3019428967, 2493483561, 2802728526, 3149579895]);
    write_burst_increment_linear(15, 80, [2496169001, 3591432876, 800520031, 1959954409, 3263560837]);
    write_burst_increment_linear(15, 100, [2397804573, 4285759230, 3927205076, 3727834300, 3049611371]);
    write_burst_increment_linear(15, 244, [1120850309, 3457494684, 1198909326, 443792180, 3361682064]);
    write_burst_increment_linear(15, 264, [2042253299, 1021780857, 2719461956, 2990576228, 2515217963]);
    write_burst_increment_linear(15, 476, [642722124, 3651808435, 467796279, 3429122200, 36265220, 785781597]);
    write_burst_increment_linear(15, 420, [4249848058, 1780467156, 1527331254, 2512361515, 1010138488, 1766826450, 4283336958, 4106787561]);
    write_burst_increment_linear(15, 60, [1255785877, 3260959364, 3087334512, 2530968621]);
    write_burst_increment_linear(15, 72, [2742062150, 576700740, 559864642, 1667792326, 1691925961, 2128579069, 2047169524, 1278385048]);
    write_burst_increment_linear(15, 104, [799909727, 2742381126, 1129418630, 2574845490, 264212767, 3855236811, 2225584649, 2024733681]);
    write_burst_increment_linear(15, 368, [2337371670, 662003534]);
    write_burst_increment_linear(15, 376, [3962761944, 2887931992]);
    write_burst_increment_linear(15, 384, [3957535447, 2671221310]);
    write_burst_increment_linear(15, 392, [3943385814, 330489639]);
    write_burst_increment_linear(15, 400, [3098061937, 449546549]);
    write_burst_increment_linear(15, 408, [1369671587, 842893156]);
    write_burst_increment_linear(15, 416, [3760464064, 1904686563]);
    write_burst_increment_linear(15, 424, [4202643700, 1309817756]);
    write_burst_increment_linear(15, 432, [2874247766, 3707727033]);
    write_burst_increment_linear(15, 440, [1545722296, 1443735980]);
    write_burst_increment_linear(15, 448, [1101178755, 1976810475]);
    write_burst_increment_linear(15, 456, [3563742888, 3863296716]);
    write_burst_increment_linear(15, 464, [582676293, 993684854]);
    write_burst_increment_linear(15, 356, [827100514, 3885800655, 119684366, 2943335006]);
    write_burst_increment_linear(15, 372, [3792824004, 3586865835, 3197781629, 3144152182]);
    write_burst_increment_linear(15, 388, [1296894362, 3592536236, 4002128605, 3197553789]);
    write_burst_increment_linear(15, 404, [319241510, 3572370089, 2709225538, 349994793]);
    write_burst_increment_linear(15, 420, [1692176329, 2227286537, 3606039725, 359860010]);
    write_burst_increment_linear(15, 80, [3572113577, 2184085508, 444618037, 281614113, 3169011833]);
    write_burst_increment_linear(15, 100, [317519653, 639453004, 1179234700, 3045963883, 1277312408]);
    write_burst_increment_linear(15, 120, [4028466912, 1277028248, 1558344121, 1325146013, 696873811]);
    write_burst_increment_linear(15, 140, [2929943645, 2275420175, 3821216967, 1872046047, 302028580]);
    write_burst_increment_linear(15, 160, [134700816, 711368532, 3351019151, 9480961, 1985368044]);
    write_burst_increment_linear(15, 420, [1996813806, 2177489411, 144460049, 461759799, 3133213301, 1679161288, 925840238, 3354731663]);
    write_burst_increment_linear(15, 452, [3022655592, 2007970799, 3993678556, 3653464755, 3209511038, 1530568630, 2767544393, 3974610649]);
    write_burst_increment_linear(15, 164, [1909830627, 3007564390, 3354522255, 1457356205, 1227472274, 1865572318, 4156666607]);
    write_burst_increment_linear(15, 192, [3976651482, 135595792, 2387184668, 950227313, 4119815915, 1367965091, 3242152066]);
    write_burst_increment_linear(15, 404, [2212455943, 1457658797, 669974863, 484532537, 4039592673, 911810412, 678432592]);
    write_burst_increment_linear(15, 432, [511206716, 3873584845, 2498605097, 43789061, 764921691, 4238682361, 3675888822]);
    write_burst_increment_linear(15, 460, [1532474294, 1237922195, 2097864698, 2335272982, 1735574478, 1797198294, 1783615956]);
    write_burst_increment_linear(15, 320, [1114520964, 96779019, 1426762154, 1265999254, 22683394]);
    write_burst_increment_linear(15, 340, [3302689417, 3414063254, 3604144813, 2633838649, 3253399683]);
    write_burst_increment_linear(15, 360, [641187660, 749063513, 4143117037, 130202383, 3527760548]);
    write_burst_increment_linear(15, 380, [1056999294, 302336, 3683872951, 3247039619, 3729129148]);
    write_burst_increment_linear(15, 32, [3289767560, 4289552639]);
    write_burst_increment_linear(15, 40, [3940130005, 3100440689]);
    write_burst_increment_linear(15, 48, [1526240693, 194490647]);
    write_burst_increment_linear(15, 56, [2882201687, 3337582733]);
    write_burst_increment_linear(15, 64, [4006300381, 3564919464]);
    write_burst_increment_linear(15, 72, [3515143331, 1485364145]);
    write_burst_increment_linear(15, 80, [2985028707, 1619876801]);
    write_burst_increment_linear(15, 88, [3621399215, 365066539]);
    write_burst_increment_linear(15, 96, [3273992326, 1322413469]);
    write_burst_increment_linear(15, 104, [948467569, 2810276943]);
    write_burst_increment_linear(15, 112, [542796096, 3873770189]);
    write_burst_increment_linear(15, 120, [2428765217, 3833763017]);
    write_burst_increment_linear(15, 128, [838064995, 980186484]);
    write_burst_increment_linear(15, 136, [3179537019, 1446416300]);
    write_burst_increment_linear(15, 332, [4049449698, 3126050420, 836982115, 3494017696, 2657361468, 130959631, 21103362]);
    write_burst_increment_linear(15, 360, [1546194360, 3984436442, 992818550, 3794528964, 1077648768, 310508837, 1728344014]);
    write_burst_increment_linear(15, 240, [4105477865, 3189184124, 2048044020, 1564740538, 756495706, 2094372345]);
    write_burst_increment_linear(15, 264, [1647641028, 1411367336, 3119144051, 567393091, 1964443114, 4045023458]);
    write_burst_increment_linear(15, 120, [1398905766, 1377488292]);
    write_burst_increment_linear(15, 128, [3865360076, 1355024801]);
    write_burst_increment_linear(15, 136, [2813342799, 1824009689]);
    write_burst_increment_linear(15, 144, [2508636715, 1440932267]);
    write_burst_increment_linear(15, 152, [711446868, 173952788]);
    write_burst_increment_linear(15, 160, [1697966538, 2722174532]);
    write_burst_increment_linear(15, 168, [1366167458, 3637976753]);
    write_burst_increment_linear(15, 176, [2904368218, 1040021883]);
    write_burst_increment_linear(15, 164, [1910608355, 888641897, 2482254375, 284986657, 4176325873]);
    write_burst_increment_linear(15, 184, [303357220, 1702629322, 2649518651, 3903116497, 2125246973]);
    write_burst_increment_linear(15, 204, [3845507274, 230677787, 2618874424, 458978102, 4244835066]);
    write_burst_increment_linear(15, 224, [3421079703, 2914403419, 2687055936, 2429436449, 2929587293]);
    write_burst_increment_linear(15, 244, [3419431575, 749069657, 284597025, 3008321638, 4092412135]);
    write_burst_increment_linear(15, 264, [2680492095, 24903426, 2028581361, 1624353217, 3547994278]);
    write_burst_increment_linear(15, 344, [1477711792, 2718522948]);
    write_burst_increment_linear(15, 352, [2542925359, 3183871611]);
    write_burst_increment_linear(15, 360, [190441750, 2403397662]);
    write_burst_increment_linear(15, 368, [4067727588, 2860865109]);
    write_burst_increment_linear(15, 380, [3569541289, 625162570, 2024045041]);
    write_burst_increment_linear(15, 392, [1831456218, 1416704936, 2403806750]);
    write_burst_increment_linear(15, 404, [2267579918, 3468661917, 3704198841]);
    write_burst_increment_linear(15, 416, [2670716990, 3482195103, 2117285884]);
    write_burst_increment_linear(15, 428, [3717732539, 1140786055, 1728778190]);
    write_burst_increment_linear(15, 440, [548319041, 3074917998, 3952465623]);
    write_burst_increment_linear(15, 452, [415376177, 3484530847, 229468955]);
    write_burst_increment_linear(15, 464, [739345752, 2960046688, 2697842241]);
    write_burst_increment_linear(15, 476, [93721355, 686220625, 1573979067]);
    write_burst_increment_linear(15, 488, [3206688894, 4178610418, 3485373599]);
    write_burst_increment_linear(15, 212, [3373330578, 3466008221]);
    write_burst_increment_linear(15, 220, [819822433, 3729576124]);
    write_burst_increment_linear(15, 228, [2477160999, 687725905, 2461842981]);
    write_burst_increment_linear(15, 240, [3549988007, 3013190247, 1083434369]);
    write_burst_increment_linear(15, 252, [463228727, 1503927219, 926357358]);
    write_burst_increment_linear(15, 264, [403932976, 3409336470, 3554943655]);
    write_burst_increment_linear(15, 276, [1683644872, 1382540196, 607930184]);
    write_burst_increment_linear(15, 288, [1491605937, 288739106, 1337184671]);
    write_burst_increment_linear(15, 300, [3284420231, 4289541887, 3198052989]);
    write_burst_increment_linear(15, 312, [405663536, 2675261502, 3839523529]);
    write_burst_increment_linear(15, 324, [3575120042, 3669792949, 1416816552]);
    write_burst_increment_linear(15, 336, [1505534899, 278994209, 2605836854]);
    write_burst_increment_linear(15, 168, [1829224922, 1931123174, 490161466, 1984552428, 1409005479, 3175595642, 4110547178, 1115182980]);
    write_burst_increment_linear(15, 200, [2867537493, 4108304105, 824048994, 3601598125, 2827956305, 1854538717, 2283327504, 226310426]);
    write_burst_increment_linear(15, 232, [1622715841, 2142419455, 198029079, 2441542179, 1563179450, 313969445, 211915033, 3765638848]);
    write_burst_increment_linear(15, 256, [3703970489, 4079923430, 3401609877]);
    write_burst_increment_linear(15, 268, [2475890215, 3127595124, 172332308]);
    write_burst_increment_linear(15, 136, [4172183793, 1982161388, 3758113984, 2799912013, 1913960420, 492197178, 873941352]);
    write_burst_increment_linear(15, 164, [737827671, 1207922575, 208662296, 2459432997, 323245350, 955087217, 473193272]);
    write_burst_increment_linear(15, 192, [2537264174, 3022142568, 925987694, 649495373, 3307541642, 3563314856, 59619591]);
    write_burst_increment_linear(15, 376, [3079693935, 3105585266, 370047276]);
    write_burst_increment_linear(15, 388, [3691201720, 2611959863, 3921927379]);
    write_burst_increment_linear(15, 400, [70400, 521559870, 1696869322]);
    write_burst_increment_linear(15, 412, [4232917240, 601293639, 2656035900]);
    write_burst_increment_linear(15, 424, [3079157359, 405937456, 92799755]);
    write_burst_increment_linear(15, 436, [1469931951, 2251332620, 2265320462]);
    write_burst_increment_linear(15, 448, [2023592945, 660808014, 2974430306]);
    write_burst_increment_linear(15, 276, [4206206197, 2542561839, 3852274379, 3770832577, 782446941]);
    write_burst_increment_linear(15, 296, [3513610402, 2995694181, 3823249095, 468651319, 2368908314]);
    write_burst_increment_linear(15, 92, [2906605658, 949756273, 1642244547, 2345978903, 2446798883, 3854446283, 3465950365]);
    write_burst_increment_linear(15, 120, [1094559618, 84611850, 2854760020, 2028804081, 4103781097, 1935956454, 3596720812]);
    write_burst_increment_linear(15, 148, [984718197, 2663833661, 491859770, 3336549005, 1305530267, 3090200176, 2907734618]);
    write_burst_increment_linear(15, 208, [1591607229, 994807158, 3716756155, 2411897375, 2719879236, 1738836943, 3788913347, 4075204837]);
    write_burst_increment_linear(15, 380, [456679222, 81486089, 1726860237, 1234056083]);
    write_burst_increment_linear(15, 396, [1361905570, 1333344670, 45074693, 3678502070]);
    write_burst_increment_linear(15, 148, [705152852, 3529211044, 2468110374, 2659575869, 2777948235, 1008386424, 1008388984, 1196049806]);
    write_burst_increment_linear(15, 180, [505959740, 2248142859, 1009762168, 1523311029, 3999330524, 3196266621, 1593157053, 657406798]);
    write_burst_increment_linear(15, 212, [4290854655, 3668198581, 2944117854, 2027327473, 905923435, 2110185467, 2943467614, 77453577]);
    write_burst_increment_linear(15, 244, [2366628378, 2773374538, 2937359966, 3419853975, 4126314731, 3556361383, 836338019, 1980038636]);
    write_burst_increment_linear(15, 240, [1549373880, 241836828, 250329885]);
    write_burst_increment_linear(15, 252, [2751677000, 3270477957, 3403668629]);
    write_burst_increment_linear(15, 264, [2922854492, 2264574989, 2076681207]);
    write_burst_increment_linear(15, 276, [3821100743, 2410192415, 919693677]);
    write_burst_increment_linear(15, 288, [4018428639, 3749180094, 4201498868]);
    write_burst_increment_linear(15, 300, [3815548614, 1206250895, 738174295]);
    write_burst_increment_linear(15, 276, [2196980229, 2006554607, 661984590, 2656390716]);
    write_burst_increment_linear(15, 292, [1817728984, 2480845351, 1780506068, 4233385720]);
    write_burst_increment_linear(15, 308, [2888510552, 1001162103, 237262620, 2148705792]);
    write_burst_increment_linear(15, 324, [648729421, 1964746218, 3508661410, 459882294]);
    write_burst_increment_linear(15, 340, [2271548430, 2685694016, 2832648785, 3841382089]);
    write_burst_increment_linear(15, 356, [3070392942, 648742221, 2831768657, 3202083965]);
    write_burst_increment_linear(15, 372, [3956430039, 3644538034, 817156449, 4281777406]);
    write_burst_increment_linear(15, 388, [3776360130, 306492196, 3484750495, 2522825260]);
    write_burst_increment_linear(15, 204, [4007868637, 231394587]);
    write_burst_increment_linear(15, 212, [568103235, 3767495361]);
    write_burst_increment_linear(15, 220, [2202148358, 2494064681]);
    write_burst_increment_linear(15, 228, [4284018942, 3968932057]);
    write_burst_increment_linear(15, 236, [3848875722, 950941041]);
    write_burst_increment_linear(15, 244, [1864531934, 999212407]);
    write_burst_increment_linear(15, 252, [3018809959, 2677013055]);
    write_burst_increment_linear(15, 260, [261069087, 1465653678]);
    write_burst_increment_linear(15, 268, [3104929906, 2373732378]);
    write_burst_increment_linear(15, 276, [3808582342, 1073054591]);
    write_burst_increment_linear(15, 284, [795733342, 2074634743]);
    write_burst_increment_linear(15, 292, [4194607348, 267136287]);
    write_burst_increment_linear(15, 300, [3900766929, 3046925931]);
    write_burst_increment_linear(15, 308, [3307472010, 3046244971]);
    write_burst_increment_linear(15, 316, [3504381601, 1228870034]);
    write_burst_increment_linear(15, 324, [3935168213, 3974476505]);
    write_burst_increment_linear(15, 332, [1715382220, 3003537510, 76371209, 620580169, 3317238411]);
    write_burst_increment_linear(15, 352, [3289719944, 986466165, 3111667826, 3881946318, 196736791]);
    write_burst_increment_linear(15, 372, [3409482390, 748728665, 2485294632, 4140797165, 3095840369]);
    write_burst_increment_linear(15, 464, [3520212131, 3686921399, 3316299403, 2843519570, 3051933803, 1292781466, 3009487462, 3032640617]);
    write_burst_increment_linear(15, 92, [688742226, 3946170070, 3657637044, 3628470960, 3487105183]);
    write_burst_increment_linear(15, 112, [1957818857, 1771149779, 2218011656, 2949548639, 3478980254]);
    write_burst_increment_linear(15, 132, [3432317593, 1689454025, 3187735676, 775347036, 2738862150]);
    write_burst_increment_linear(15, 152, [2898412633, 2028539889, 3044668010, 1972361195, 1179278220]);
    write_burst_increment_linear(15, 172, [1763786706, 489135930, 4184553202, 1653109189, 1138870663]);
    write_burst_increment_linear(15, 192, [2589190708, 3229317248, 3745149630, 725395798, 1529979318]);
    write_burst_increment_linear(15, 384, [2715700291, 857459558, 532524863, 3119650931, 1240349587, 2249052684]);
    write_burst_increment_linear(15, 384, [3706760377, 3483004063, 2180804611, 1482871216]);
    write_burst_increment_linear(15, 192, [766366043, 917896557]);
    write_burst_increment_linear(15, 200, [128126735, 1924305381]);
    write_burst_increment_linear(15, 208, [2021704689, 3388500627]);
    write_burst_increment_linear(15, 216, [3273480838, 359160106]);
    write_burst_increment_linear(15, 224, [3342185102, 4058225379]);
    write_burst_increment_linear(15, 232, [3677746358, 965171059]);
    write_burst_increment_linear(15, 240, [1151692681, 3429820056]);
    write_burst_increment_linear(15, 248, [984450421, 1343571360]);
    write_burst_increment_linear(15, 256, [2029224433, 3089983600]);
    write_burst_increment_linear(15, 264, [834501475, 3985220315]);
    write_burst_increment_linear(15, 272, [3575264938, 795475806]);
    write_burst_increment_linear(15, 280, [1468269487, 3377047698]);
    write_burst_increment_linear(15, 144, [719607637, 1167358347]);
    write_burst_increment_linear(15, 152, [3104282738, 602747719]);
    write_burst_increment_linear(15, 160, [17720578, 4135214828]);
    write_burst_increment_linear(15, 168, [4077982438, 2458907173]);
    write_burst_increment_linear(15, 176, [2656981052, 3937769173]);
    write_burst_increment_linear(15, 184, [3227618944, 2416014368]);
    write_burst_increment_linear(15, 376, [3580601514, 14316289, 931852143, 1963837418]);
    write_burst_increment_linear(15, 392, [858073958, 28860675, 466446135, 380630829]);
    write_burst_increment_linear(15, 408, [257784094, 2195167749, 1393419174, 379460397]);
    write_burst_increment_linear(15, 424, [1032369531, 3933954260, 1731161038, 1933889510]);
    write_burst_increment_linear(15, 440, [2592853557, 2817567311, 1571017147, 471888184]);
    write_burst_increment_linear(15, 456, [2577952819, 143275793, 288856866, 907614060]);
    write_burst_increment_linear(15, 472, [2921924700, 2455536164, 1721637325, 1268687767]);
    write_burst_increment_linear(15, 196, [2223287817, 2280883215, 3194879612, 297410339, 3248395907, 2911502939, 4189776627]);
    write_burst_increment_linear(15, 112, [773064028, 3969989849, 3902940881, 2873136726, 4288317183, 217771289, 237848860, 4005938909]);
    write_burst_increment_linear(15, 144, [72970504, 1953028072, 1621571521, 429711155, 1463909294, 2872936534, 3343256718, 763776347]);
    write_burst_increment_linear(15, 176, [2430935585, 3406974102, 3601311405, 219626266, 3790906563, 1257216, 917348717, 954570097]);
    write_burst_increment_linear(15, 128, [225708314, 2966742625, 1311719836, 1105716099]);
    write_burst_increment_linear(15, 144, [1843266011, 1064754558, 3064744045, 1315840924]);
    write_burst_increment_linear(15, 160, [2269358094, 1751064528, 2230394377, 3493114528]);
    write_burst_increment_linear(15, 176, [418770737, 1733731790, 3384512147, 2660494909]);
    write_burst_increment_linear(15, 192, [1835171290, 334245159, 501491515, 2853171796]);
    write_burst_increment_linear(15, 152, [3363084944, 175695124, 1764815826, 2856302676, 1219593105]);
    write_burst_increment_linear(15, 172, [3126449268, 2637588538, 257264926, 712377684, 41631492]);
    write_burst_increment_linear(15, 192, [2076070391, 275199776, 2509062187, 753831257, 2738366022]);
    write_burst_increment_linear(15, 212, [2986804324, 3975810777, 2217339912, 3766559937, 2036990450]);
    write_burst_increment_linear(15, 232, [2580745267, 4046735074, 337660200, 158594834, 1776195539]);
    write_burst_increment_linear(15, 252, [2861648981, 1094865282, 4001592029, 502188347, 3756876991]);
    write_burst_increment_linear(15, 4, [243908381, 1613149120, 2795172429]);
    write_burst_increment_linear(15, 16, [956847474, 1785218516, 3302704777]);
    write_burst_increment_linear(15, 28, [175230228, 4004291805, 2285347856]);
    write_burst_increment_linear(15, 40, [2335123990, 63167751, 3498282657]);
    write_burst_increment_linear(15, 52, [872368487, 3784302275, 3414781591]);
    write_burst_increment_linear(15, 64, [1698556874, 546004801, 2142805503]);
    write_burst_increment_linear(15, 76, [1086165377, 125851407, 3684225207]);
    write_burst_increment_linear(15, 88, [1777229779, 1265241494, 3531550372]);
    write_burst_increment_linear(15, 100, [851528549, 3187401339, 3463671964]);
    write_burst_increment_linear(15, 8, [4096067304, 1748653008]);
    write_burst_increment_linear(15, 16, [3185690747, 1284366745]);
    write_burst_increment_linear(15, 24, [1635573186, 1110054788]);
    write_burst_increment_linear(15, 32, [858318694, 4020277983]);
    write_burst_increment_linear(15, 40, [2620897848, 2796893261]);
    write_burst_increment_linear(15, 48, [3863034572, 3957290711]);
    write_burst_increment_linear(15, 56, [2946314335, 3426929816]);
    write_burst_increment_linear(15, 64, [3223860352, 515245885]);
    write_burst_increment_linear(15, 60, [3116204659, 3712209594, 1907659235, 3359344784]);
    write_burst_increment_linear(15, 76, [3824739015, 326489382, 1684912072, 3012196455]);
    write_burst_increment_linear(15, 92, [1154541449, 2601262646, 3804972229, 847593317]);
    write_burst_increment_linear(15, 108, [1959790569, 523762494, 3491960480, 2300117522]);
    write_burst_increment_linear(15, 124, [270434592, 4080891110, 1519307189, 2327033365]);
    write_burst_increment_linear(15, 140, [3871232205, 3196017276, 1552397753, 2955936352]);
    write_burst_increment_linear(15, 156, [2257006605, 3343595150, 2655189564, 444683061]);
    write_burst_increment_linear(15, 404, [773837660, 1581767100, 4250191098, 3974609625, 859074918, 427284786]);
    write_burst_increment_linear(15, 280, [1819892184, 1571126715, 3736660669, 2803855950, 3713324730, 1628348354, 313510693]);
    write_burst_increment_linear(15, 308, [2898751065, 3901787857, 540327744, 883845993, 1931524070, 2406251550, 3609242286]);
    write_burst_increment_linear(15, 336, [2518426668, 3315333259, 534666559, 707128660, 2549880879, 2552405552, 843950436]);
    write_burst_increment_linear(15, 40, [2567938098, 4215825654, 1234294163, 614173001]);
    write_burst_increment_linear(15, 56, [3181591675, 1630434754, 2685703744, 3511182498]);
    write_burst_increment_linear(15, 72, [2813147727, 1268222359, 3248193667, 1846400988]);
    write_burst_increment_linear(15, 88, [2847152211, 545321281, 2195222021, 830802275]);
    write_burst_increment_linear(15, 288, [2055727093, 3940751573, 3086198895, 1433044394, 1377640356, 1486682033, 3817165511, 1189488525]);
    write_burst_increment_linear(15, 320, [2586057268, 1563370426, 603979079, 3470572189, 2495677993, 4056733411, 3715544762, 338353960]);
    write_burst_increment_linear(15, 352, [814272865, 2679312959, 176900885, 3451711131, 1164780938, 1160023946, 3325707916, 4142597869]);
    write_burst_increment_linear(15, 384, [2926078556, 1613089216, 2959537248, 1872036831, 3957969623, 2600008757, 3106365554, 2751364167]);
    write_burst_increment_linear(15, 52, [409654576, 3444274330, 2910519898]);
    write_burst_increment_linear(15, 64, [717317973, 1954096104, 2375927323]);
    write_burst_increment_linear(15, 76, [801049439, 4176533745, 1782597588]);
    write_burst_increment_linear(15, 88, [2641521210, 1278705560, 1446492588]);
    write_burst_increment_linear(15, 100, [2502613034, 1997818350, 2866763349]);
    write_burst_increment_linear(15, 112, [2170409474, 747845465, 1619727297]);
    write_burst_increment_linear(15, 248, [2605133366, 585230661, 1335404959, 601720647, 2089668089, 3160365688, 164805395, 1243541396]);
    write_burst_increment_linear(15, 280, [3668236469, 1258922902, 898546027, 3642037426, 4206820085, 1999666670, 1664232902, 640487756]);
    write_burst_increment_linear(15, 312, [3953631959, 3660932276, 3575210666, 1361822626, 4180606194, 3892810960, 3286460551, 3507077794]);
    write_burst_increment_linear(15, 344, [2757096008, 3865054412, 1702759370, 3029298793, 1278882200, 767395163, 3270627461, 850453349]);
    write_burst_increment_linear(15, 316, [3869899469, 1342764960, 2173118979, 3205809278, 3554300071, 193632535, 3727265980, 2449917476]);
    write_burst_increment_linear(15, 188, [472884024, 2642013754, 962179442, 684338513, 424779570]);
    write_burst_increment_linear(15, 208, [144125713, 3129917045, 1626676673, 819055457, 2285870096]);
    write_burst_increment_linear(15, 228, [4033202912, 1970090474, 3267620997, 3651770035, 2115141628]);
    write_burst_increment_linear(15, 332, [2196850693, 1645837252, 1396645798, 4210188021, 2666746429, 4096289000, 4182080754, 2678628927]);
    write_burst_increment_linear(15, 364, [197822743, 1089596801, 907052908, 2806473806, 4141193453, 402768688, 286377762, 1473756591]);
    write_burst_increment_linear(15, 280, [293243682, 3223957632, 2931298909, 1398463910, 927229806]);
    write_burst_increment_linear(15, 276, [2346298903, 3081501807, 3422829208, 3465288861, 2647293499, 535600447]);
    write_burst_increment_linear(15, 56, [1843715547, 2046499315, 2226972169, 3355567248, 628926794, 10140417]);
    write_burst_increment_linear(15, 80, [260306719, 348091689, 3366497937, 3968699609, 691051858, 247364381]);
    write_burst_increment_linear(15, 216, [3905803985, 3029848681, 621312330, 2379652123, 378544429]);
    write_burst_increment_linear(15, 236, [2169506306, 2802633294, 874565992, 924301166, 111061773]);
    write_burst_increment_linear(15, 256, [93633803, 3234482305, 4014126302, 2915835995, 2837105746]);
    write_burst_increment_linear(15, 20, [3568776873, 3654484147]);
    write_burst_increment_linear(15, 28, [593368902, 783874397]);
    write_burst_increment_linear(15, 36, [3327915660, 2017007600]);
    write_burst_increment_linear(15, 44, [1069643135, 1394668966]);
    write_burst_increment_linear(15, 52, [818989409, 2011440111]);
    write_burst_increment_linear(15, 60, [3081119855, 2807100494]);
    write_burst_increment_linear(15, 68, [191833878, 4073222373]);
    write_burst_increment_linear(15, 76, [126423311, 242296604]);
    write_burst_increment_linear(15, 84, [1939755495, 4003270365]);
    write_burst_increment_linear(15, 268, [2078787575, 3277565574, 3296889481, 2243473419, 600385351, 66575111]);
    write_burst_increment_linear(15, 292, [2611467319, 4271054589, 1887992289, 2187536388, 2587721780, 571787076]);
    write_burst_increment_linear(15, 316, [484428089, 1144338824, 2308405779, 1466803630, 906487148, 2386912284]);
    write_burst_increment_linear(15, 368, [2215036424, 3600007341, 346927401, 263154975]);
    write_burst_increment_linear(15, 64, [805712224, 4091307239, 3667070133, 2306745362]);
    write_burst_increment_linear(15, 80, [2754899528, 2493355561, 2532284461, 2670203454]);
    write_burst_increment_linear(15, 96, [2363536409, 3949064406, 1687665097, 4188397299]);
    write_burst_increment_linear(15, 112, [859327846, 709578068, 4241791737, 3687564471]);
    write_burst_increment_linear(15, 128, [507200316, 2029997041, 607136584, 2500313130]);
    write_burst_increment_linear(15, 160, [2002620398, 3798547652, 3780662466, 1123467141, 3810699462, 1289623961, 3944175830, 3368376977]);
    write_burst_increment_linear(15, 192, [611995464, 3093954672, 248311069, 772920668, 2660333629, 3571369641, 2329243157, 1870518238]);
    write_burst_increment_linear(15, 212, [2410925599, 9113857]);
    write_burst_increment_linear(15, 220, [2367409690, 914841965]);
    write_burst_increment_linear(15, 228, [3922912979, 3616814255]);
    write_burst_increment_linear(15, 236, [1513975220, 3425979544]);
    write_burst_increment_linear(15, 152, [2578650163, 1046014332, 1461131694, 15389441, 2031277042, 3113347699, 3943043798, 2469163558]);
    write_burst_increment_linear(15, 184, [2379899931, 309345572, 2989519972, 2585821748, 2481219111, 1827589593, 646004557, 2713635907]);
    write_burst_increment_linear(15, 216, [33240323, 2344961047, 885598569, 2730090053, 2620713528, 2954105440, 360362282, 487260986]);
    write_burst_increment_linear(15, 248, [3524224164, 1641046467, 1193677710, 4181607666, 72105736, 2364545561, 649415501, 2088662008]);
    write_burst_increment_linear(15, 380, [1533089718, 816726369]);
    write_burst_increment_linear(15, 388, [326977318, 1016064889]);
    write_burst_increment_linear(15, 396, [3077733998, 870670695]);
    write_burst_increment_linear(15, 404, [2481344039, 1863060958]);
    write_burst_increment_linear(15, 412, [2474751015, 1738199503]);
    write_burst_increment_linear(15, 420, [2739008582, 142963473]);
    write_burst_increment_linear(15, 428, [179078421, 3523669156]);
    write_burst_increment_linear(15, 436, [1969087466, 2724911684]);
    write_burst_increment_linear(15, 444, [1445690796, 2962083937]);
    write_burst_increment_linear(15, 452, [1691387849, 3601645741]);
    write_burst_increment_linear(15, 288, [3090767984, 3482701471, 2747211847, 4081539814, 3375937170, 3106144882, 382239533, 4008715485]);
    write_burst_increment_linear(15, 320, [2869460566, 3777236162, 698523475, 902878059, 2214081543, 2055748597, 1110461828, 3217003135]);
    write_burst_increment_linear(15, 352, [3603239597, 249927453, 711469908, 1763921362, 1205213071, 2071981558, 1324389789, 31437571]);
    write_burst_increment_linear(15, 292, [1493248946, 2119779324]);
    write_burst_increment_linear(15, 300, [4134303980, 1323515293]);
    write_burst_increment_linear(15, 308, [4045989090, 344334633]);
    write_burst_increment_linear(15, 316, [1570507195, 3909415634]);
    write_burst_increment_linear(15, 324, [3384330899, 3039073386]);
    write_burst_increment_linear(15, 332, [2082161656, 73278216]);
    write_burst_increment_linear(15, 340, [1757383633, 615536969]);
    write_burst_increment_linear(15, 348, [2911613531, 3244813442]);
    write_burst_increment_linear(15, 356, [295997219, 158788882]);
    write_burst_increment_linear(15, 364, [2303042578, 431171891]);
    write_burst_increment_linear(15, 296, [952399217, 3802846917, 61549831, 3423666840]);
    write_burst_increment_linear(15, 312, [1219505553, 1390588325, 2431160353, 1758513105]);
    write_burst_increment_linear(15, 328, [1316384156, 1136525191, 3803722437, 428784947]);
    write_burst_increment_linear(15, 52, [3483955871, 3465917597, 3126619252, 1471209903, 322711846, 2772808266, 2489065512, 2602017846]);
    write_burst_increment_linear(15, 84, [133170959, 2440440354, 2752543304, 2974028898, 2088944121, 392557870, 3707479737, 1638887875]);
    write_burst_increment_linear(15, 116, [2434099234, 2871504470, 3220213375, 2000466414, 1077398400, 188593430, 3590250155, 724866390]);
    write_burst_increment_linear(15, 200, [1979815404, 639414604, 2827408465, 2677942335]);
    write_burst_increment_linear(15, 244, [4215946486, 974495604, 945738096, 3279368838, 3311265930]);
    write_burst_increment_linear(15, 264, [3069599341, 1672023495, 1866815966, 4130117868, 4221021943]);
    write_burst_increment_linear(15, 284, [3642199218, 2487267368, 2945349727, 1213253520, 3364969105]);
    write_burst_increment_linear(15, 204, [2278310415, 1586572733, 1154235785, 2983462499, 806933344, 2524104748, 356268330]);
    write_burst_increment_linear(15, 232, [1181574540, 1458460077, 152209682, 3145700470, 838139235, 1832310234, 276302112]);
    write_burst_increment_linear(15, 260, [1318731165, 25873155, 291184930, 2766840393, 2606554678, 4244933370, 1611580352]);
    write_burst_increment_linear(15, 216, [266077983, 3845872842, 4007951069, 1622118337, 3815766726, 3387093651, 571903812, 4269083388]);
    write_burst_increment_linear(15, 248, [3198577277, 2258801677, 2766326345, 1467935150, 1784012756, 1617190848, 2788006988, 4264797948]);
    write_burst_increment_linear(15, 280, [3537610405, 2797218893, 569388867, 2354543640, 1298648986, 230267675, 40135940, 1867016158]);
    write_burst_increment_linear(15, 224, [3455722651, 3363383440, 3590751404, 970285427, 2226270217, 2108175355]);
    write_burst_increment_linear(15, 248, [1531836854, 160804115, 4068721893, 2819181648, 1395326374, 3274102406]);
    write_burst_increment_linear(15, 272, [344711465, 1822310873, 1131015558, 1205504911, 720190805, 2797837389]);
    write_burst_increment_linear(15, 188, [2898045529, 2423636000, 1736964559, 3331025549, 2063562741, 3978697434]);
    write_burst_increment_linear(15, 28, [897012586, 816995169, 1720660429, 2487237672, 904429931]);
    write_burst_increment_linear(15, 48, [2039614963, 3488159903, 1800671190, 1131447686, 976884084]);
    write_burst_increment_linear(15, 68, [2709875779, 2293583377, 4200199924, 5590784, 3879675086]);
    write_burst_increment_linear(15, 88, [2240530443, 3504288929, 3410720918, 383188781, 851053413]);
    write_burst_increment_linear(15, 108, [428235571, 2615997495, 3635377841, 3815333574, 3510453410]);
    write_burst_increment_linear(15, 128, [3974034137, 4064856292, 2119553532, 1429573034, 2143772671]);
    write_burst_increment_linear(15, 172, [2872631382, 3749423806, 3871081165, 1365995426]);
    write_burst_increment_linear(15, 188, [358541610, 3599135405, 230136091, 3868917965]);
    write_burst_increment_linear(15, 52, [2213011463, 1169815947]);
    write_burst_increment_linear(15, 60, [1036442491, 1766261202]);
    write_burst_increment_linear(15, 68, [3875171533, 416126769]);
    write_burst_increment_linear(15, 76, [3790877379, 2274436623]);
    write_burst_increment_linear(15, 84, [329695527, 4075481317]);
    write_burst_increment_linear(15, 92, [1540688311, 1639563715]);
    write_burst_increment_linear(15, 100, [1879620064, 3733789885]);
    write_burst_increment_linear(15, 108, [2101844474, 2344802839]);
    write_burst_increment_linear(15, 116, [2824859216, 2710576707]);
    write_burst_increment_linear(15, 124, [3462651548, 883768681]);
    write_burst_increment_linear(15, 132, [917226349, 1092392834]);
    write_burst_increment_linear(15, 140, [762811738, 256145694]);
    write_burst_increment_linear(15, 148, [705121620, 1381234596]);
    write_burst_increment_linear(15, 156, [616708937, 2242565131]);
    write_burst_increment_linear(15, 164, [2311416851, 3283903623]);
    write_burst_increment_linear(15, 448, [2339164182, 4217044726, 3819431623]);
    write_burst_increment_linear(15, 460, [3115553907, 1710810571, 788321629]);
    write_burst_increment_linear(15, 472, [1252062613, 3793491652, 2451377700]);
    write_burst_increment_linear(15, 420, [891976042, 826267490]);
    write_burst_increment_linear(15, 428, [2208207367, 85803274]);
    write_burst_increment_linear(15, 436, [3560115880, 2440247842]);
    write_burst_increment_linear(15, 444, [2358377497, 4126204651]);
    write_burst_increment_linear(15, 452, [234192667, 557510978]);
    write_burst_increment_linear(15, 460, [2301729810, 4248050426]);
    write_burst_increment_linear(15, 468, [2173252099, 3805574341]);
    write_burst_increment_linear(15, 476, [3758473408, 1843907035]);
}
