// trace 0
trace {
    reset();
    reset();
    reset();
    reset();
    reset();
    reset();
    read_burst_increment_linear(15, 8, [2223298057, 2985317987, 112818957, 1189058957, 2999092325]);
    read_burst_increment_linear(15, 28, [2302104082, 15983361, 114806029, 992211318, 512609597]);
    read_burst_increment_linear(15, 344, [1260466070, 102596364, 3777810114]);
    read_burst_increment_linear(15, 356, [1683484104, 3145882231, 519236925]);
    read_burst_increment_linear(15, 368, [151837458, 3204776062, 921010541]);
    read_burst_increment_linear(15, 380, [484042553, 265457439, 3924555475]);
    read_burst_increment_linear(15, 392, [1121529733, 3155462264, 769284443]);
    read_burst_increment_linear(15, 404, [613108553, 2683481663, 353152810]);
    read_burst_increment_linear(15, 252, [3096952433, 1123172741, 670192975]);
    read_burst_increment_linear(15, 256, [1123172741, 670192975, 2647416891, 486945594, 3206754942]);
    read_burst_increment_linear(15, 276, [178932501, 2027527153, 1822182361, 824379234, 641071948]);
    read_burst_increment_linear(15, 296, [1335973279, 1203347855, 2087561720, 3687669943, 3485750943]);
    read_burst_increment_linear(15, 316, [2927465564, 2915811419, 1155413897, 2762879561, 3894623952]);
    read_burst_increment_linear(15, 336, [3959341271, 2831678545, 1260466070, 102596364, 3777810114]);
    read_burst_increment_linear(15, 380, [484042553, 265457439, 3924555475, 1121529733, 3155462264, 769284443, 613108553, 2683481663]);
    read_burst_increment_linear(15, 412, [353152810, 739599192, 3275700358, 3340373134, 3459248796, 2100664826, 2474490918, 966137715]);
    read_burst_increment_linear(15, 444, [3515593891, 2543429679, 3654455987, 2950190687, 573115716, 2079915511, 3852154571, 4077460198]);
    read_burst_increment_linear(15, 476, [757652314, 349159721, 4135772909, 3981667546, 2996811365, 3666535093, 4022244575, 1022433657]);
    read_burst_increment_linear(15, 148, [2307110931, 2260482061, 2846348883, 899669355]);
    read_burst_increment_linear(15, 164, [3936758485, 2165787138, 3612753582, 251652381]);
    read_burst_increment_linear(15, 180, [3888476879, 293882147, 84501770, 3849521866]);
    read_burst_increment_linear(15, 196, [2654030908, 2036907506, 1160667530, 549761857]);
    read_burst_increment_linear(15, 16, [112818957, 1189058957, 2999092325, 2302104082, 15983361, 114806029, 992211318, 512609597]);
    read_burst_increment_linear(15, 160, [899669355, 3936758485, 2165787138, 3612753582, 251652381, 3888476879, 293882147]);
    read_burst_increment_linear(15, 188, [84501770, 3849521866, 2654030908, 2036907506, 1160667530, 549761857, 3964351704]);
    read_burst_increment_linear(15, 216, [1008792440, 3297383049, 1975848427, 1526883766, 1665923526, 1460999086, 3732210364]);
    read_burst_increment_linear(15, 244, [353361194, 2245499403, 3096952433, 1123172741, 670192975, 2647416891, 486945594]);
    read_burst_increment_linear(15, 308, [3687669943, 3485750943, 2927465564, 2915811419, 1155413897]);
    read_burst_increment_linear(15, 328, [2762879561, 3894623952, 3959341271, 2831678545, 1260466070]);
    read_burst_increment_linear(15, 348, [102596364, 3777810114, 1683484104, 3145882231, 519236925]);
    read_burst_increment_linear(15, 96, [4093672168, 3804909253, 777537884, 3733858493]);
    read_burst_increment_linear(15, 108, [3733858493, 2527811629, 2997298789]);
    read_burst_increment_linear(15, 120, [2985255523, 91457290, 3225100928]);
    read_burst_increment_linear(15, 132, [274997536, 1433945514, 3469528221]);
    read_burst_increment_linear(15, 144, [3407888022, 2307110931, 2260482061]);
    read_burst_increment_linear(15, 156, [2846348883, 899669355, 3936758485]);
    read_burst_increment_linear(15, 168, [2165787138, 3612753582, 251652381]);
    read_burst_increment_linear(15, 120, [2985255523, 91457290, 3225100928, 274997536, 1433945514]);
    read_burst_increment_linear(15, 140, [3469528221, 3407888022, 2307110931, 2260482061, 2846348883]);
    read_burst_increment_linear(15, 160, [899669355, 3936758485, 2165787138, 3612753582, 251652381]);
    read_burst_increment_linear(15, 180, [3888476879, 293882147, 84501770, 3849521866, 2654030908]);
    read_burst_increment_linear(15, 200, [2036907506, 1160667530, 549761857, 3964351704, 1008792440]);
    read_burst_increment_linear(15, 220, [3297383049, 1975848427, 1526883766, 1665923526, 1460999086]);
    read_burst_increment_linear(15, 12, [2985317987, 112818957, 1189058957, 2999092325]);
    read_burst_increment_linear(15, 172, [3612753582, 251652381, 3888476879]);
    read_burst_increment_linear(15, 184, [293882147, 84501770, 3849521866]);
    read_burst_increment_linear(15, 196, [2654030908, 2036907506, 1160667530]);
    read_burst_increment_linear(15, 208, [549761857, 3964351704, 1008792440]);
    read_burst_increment_linear(15, 220, [3297383049, 1975848427, 1526883766]);
    read_burst_increment_linear(15, 232, [1665923526, 1460999086, 3732210364]);
    read_burst_increment_linear(15, 244, [353361194, 2245499403, 3096952433]);
    read_burst_increment_linear(15, 256, [1123172741, 670192975, 2647416891]);
    read_burst_increment_linear(15, 260, [670192975, 2647416891]);
    read_burst_increment_linear(15, 268, [486945594, 3206754942]);
    read_burst_increment_linear(15, 276, [178932501, 2027527153]);
    read_burst_increment_linear(15, 284, [1822182361, 824379234]);
    read_burst_increment_linear(15, 292, [641071948, 1335973279]);
    read_burst_increment_linear(15, 300, [1203347855, 2087561720]);
    read_burst_increment_linear(15, 224, [1975848427, 1526883766, 1665923526, 1460999086]);
    read_burst_increment_linear(15, 240, [3732210364, 353361194, 2245499403, 3096952433]);
    read_burst_increment_linear(15, 256, [1123172741, 670192975, 2647416891, 486945594]);
    read_burst_increment_linear(15, 272, [3206754942, 178932501, 2027527153, 1822182361]);
    read_burst_increment_linear(15, 288, [824379234, 641071948, 1335973279, 1203347855]);
    read_burst_increment_linear(15, 484, [4135772909, 3981667546, 2996811365, 3666535093]);
    read_burst_increment_linear(15, 180, [3888476879, 293882147, 84501770, 3849521866, 2654030908, 2036907506, 1160667530]);
    read_burst_increment_linear(15, 208, [549761857, 3964351704, 1008792440, 3297383049, 1975848427, 1526883766, 1665923526]);
    read_burst_increment_linear(15, 236, [1460999086, 3732210364, 353361194, 2245499403, 3096952433, 1123172741, 670192975]);
    read_burst_increment_linear(15, 440, [966137715, 3515593891, 2543429679, 3654455987, 2950190687, 573115716, 2079915511]);
    read_burst_increment_linear(15, 468, [3852154571, 4077460198, 757652314, 349159721, 4135772909, 3981667546, 2996811365]);
    read_burst_increment_linear(15, 336, [3959341271, 2831678545, 1260466070, 102596364, 3777810114, 1683484104, 3145882231]);
    read_burst_increment_linear(15, 364, [519236925, 151837458, 3204776062, 921010541, 484042553, 265457439, 3924555475]);
    read_burst_increment_linear(15, 392, [1121529733, 3155462264, 769284443, 613108553, 2683481663, 353152810, 739599192]);
    read_burst_increment_linear(15, 420, [3275700358, 3340373134, 3459248796, 2100664826, 2474490918, 966137715, 3515593891]);
    read_burst_increment_linear(15, 8, [2223298057, 2985317987, 112818957, 1189058957]);
    read_burst_increment_linear(15, 24, [2999092325, 2302104082, 15983361, 114806029]);
    read_burst_increment_linear(15, 40, [992211318, 512609597, 1993627629, 1177417612]);
    read_burst_increment_linear(15, 56, [2097015289, 3812041926, 3807872197, 3574846122]);
    read_burst_increment_linear(15, 72, [1924134885, 3151131255, 2301810194, 1206705039]);
    read_burst_increment_linear(15, 272, [3206754942, 178932501, 2027527153]);
    read_burst_increment_linear(15, 284, [1822182361, 824379234, 641071948]);
    read_burst_increment_linear(15, 296, [1335973279, 1203347855, 2087561720]);
    read_burst_increment_linear(15, 308, [3687669943, 3485750943, 2927465564]);
    read_burst_increment_linear(15, 320, [2915811419, 1155413897, 2762879561]);
    read_burst_increment_linear(15, 332, [3894623952, 3959341271, 2831678545]);
    read_burst_increment_linear(15, 344, [1260466070, 102596364, 3777810114]);
    read_burst_increment_linear(15, 356, [1683484104, 3145882231, 519236925]);
    read_burst_increment_linear(15, 104, [777537884, 3733858493]);
    read_burst_increment_linear(15, 112, [2527811629, 2997298789]);
    read_burst_increment_linear(15, 120, [2985255523, 91457290]);
    read_burst_increment_linear(15, 128, [3225100928, 274997536]);
    read_burst_increment_linear(15, 136, [1433945514, 3469528221]);
    read_burst_increment_linear(15, 144, [3407888022, 2307110931]);
    read_burst_increment_linear(15, 152, [2260482061, 2846348883]);
    read_burst_increment_linear(15, 160, [899669355, 3936758485]);
    read_burst_increment_linear(15, 168, [2165787138, 3612753582]);
    read_burst_increment_linear(15, 176, [251652381, 3888476879]);
    read_burst_increment_linear(15, 364, [519236925, 151837458, 3204776062, 921010541, 484042553]);
    read_burst_increment_linear(15, 384, [265457439, 3924555475, 1121529733, 3155462264, 769284443]);
    read_burst_increment_linear(15, 404, [613108553, 2683481663, 353152810, 739599192, 3275700358]);
    read_burst_increment_linear(15, 424, [3340373134, 3459248796, 2100664826, 2474490918, 966137715]);
    read_burst_increment_linear(15, 444, [3515593891, 2543429679, 3654455987, 2950190687, 573115716]);
    read_burst_increment_linear(15, 464, [2079915511, 3852154571, 4077460198, 757652314, 349159721]);
    read_burst_increment_linear(15, 340, [2831678545, 1260466070, 102596364, 3777810114, 1683484104, 3145882231]);
    read_burst_increment_linear(15, 364, [519236925, 151837458, 3204776062, 921010541, 484042553, 265457439]);
    read_burst_increment_linear(15, 388, [3924555475, 1121529733, 3155462264, 769284443, 613108553, 2683481663]);
    read_burst_increment_linear(15, 412, [353152810, 739599192, 3275700358, 3340373134, 3459248796, 2100664826]);
    read_burst_increment_linear(15, 144, [3407888022, 2307110931, 2260482061, 2846348883, 899669355, 3936758485, 2165787138]);
    read_burst_increment_linear(15, 172, [3612753582, 251652381, 3888476879, 293882147, 84501770, 3849521866, 2654030908]);
    read_burst_increment_linear(15, 200, [2036907506, 1160667530, 549761857, 3964351704, 1008792440, 3297383049, 1975848427]);
    read_burst_increment_linear(15, 228, [1526883766, 1665923526, 1460999086, 3732210364, 353361194, 2245499403, 3096952433]);
    read_burst_increment_linear(15, 84, [1206705039, 2033215986, 3883308750, 4093672168]);
    read_burst_increment_linear(15, 100, [3804909253, 777537884, 3733858493, 2527811629]);
    read_burst_increment_linear(15, 196, [2654030908, 2036907506, 1160667530, 549761857, 3964351704, 1008792440, 3297383049]);
    read_burst_increment_linear(15, 384, [265457439, 3924555475, 1121529733, 3155462264]);
    read_burst_increment_linear(15, 400, [769284443, 613108553, 2683481663, 353152810]);
    read_burst_increment_linear(15, 404, [613108553, 2683481663, 353152810, 739599192, 3275700358]);
    read_burst_increment_linear(15, 424, [3340373134, 3459248796, 2100664826, 2474490918, 966137715]);
    read_burst_increment_linear(15, 444, [3515593891, 2543429679, 3654455987, 2950190687, 573115716]);
    read_burst_increment_linear(15, 228, [1526883766, 1665923526, 1460999086]);
    read_burst_increment_linear(15, 240, [3732210364, 353361194, 2245499403]);
    read_burst_increment_linear(15, 252, [3096952433, 1123172741, 670192975]);
    read_burst_increment_linear(15, 264, [2647416891, 486945594, 3206754942]);
    read_burst_increment_linear(15, 276, [178932501, 2027527153, 1822182361]);
    read_burst_increment_linear(15, 288, [824379234, 641071948, 1335973279]);
    read_burst_increment_linear(15, 300, [1203347855, 2087561720, 3687669943]);
    read_burst_increment_linear(15, 256, [1123172741, 670192975, 2647416891]);
    read_burst_increment_linear(15, 268, [486945594, 3206754942, 178932501]);
    read_burst_increment_linear(15, 280, [2027527153, 1822182361, 824379234]);
    read_burst_increment_linear(15, 292, [641071948, 1335973279, 1203347855]);
    read_burst_increment_linear(15, 304, [2087561720, 3687669943, 3485750943]);
    read_burst_increment_linear(15, 316, [2927465564, 2915811419, 1155413897]);
    read_burst_increment_linear(15, 328, [2762879561, 3894623952, 3959341271]);
    read_burst_increment_linear(15, 340, [2831678545, 1260466070, 102596364]);
    read_burst_increment_linear(15, 344, [1260466070, 102596364, 3777810114, 1683484104, 3145882231]);
    read_burst_increment_linear(15, 364, [519236925, 151837458, 3204776062, 921010541, 484042553]);
    read_burst_increment_linear(15, 384, [265457439, 3924555475, 1121529733, 3155462264, 769284443]);
    read_burst_increment_linear(15, 276, [178932501, 2027527153, 1822182361]);
    read_burst_increment_linear(15, 288, [824379234, 641071948, 1335973279]);
    read_burst_increment_linear(15, 300, [1203347855, 2087561720, 3687669943]);
    read_burst_increment_linear(15, 312, [3485750943, 2927465564, 2915811419]);
    read_burst_increment_linear(15, 324, [1155413897, 2762879561, 3894623952]);
    read_burst_increment_linear(15, 336, [3959341271, 2831678545, 1260466070]);
    read_burst_increment_linear(15, 348, [102596364, 3777810114, 1683484104]);
    read_burst_increment_linear(15, 292, [641071948, 1335973279]);
    read_burst_increment_linear(15, 300, [1203347855, 2087561720]);
    read_burst_increment_linear(15, 308, [3687669943, 3485750943]);
    read_burst_increment_linear(15, 316, [2927465564, 2915811419]);
    read_burst_increment_linear(15, 324, [1155413897, 2762879561]);
    read_burst_increment_linear(15, 332, [3894623952, 3959341271]);
    read_burst_increment_linear(15, 340, [2831678545, 1260466070]);
    read_burst_increment_linear(15, 348, [102596364, 3777810114]);
    read_burst_increment_linear(15, 356, [1683484104, 3145882231]);
    read_burst_increment_linear(15, 364, [519236925, 151837458]);
    read_burst_increment_linear(15, 144, [3407888022, 2307110931, 2260482061]);
    read_burst_increment_linear(15, 156, [2846348883, 899669355, 3936758485]);
    read_burst_increment_linear(15, 168, [2165787138, 3612753582, 251652381]);
    read_burst_increment_linear(15, 348, [102596364, 3777810114, 1683484104, 3145882231, 519236925, 151837458, 3204776062, 921010541]);
    read_burst_increment_linear(15, 172, [3612753582, 251652381, 3888476879, 293882147]);
    read_burst_increment_linear(15, 424, [3340373134, 3459248796, 2100664826]);
    read_burst_increment_linear(15, 436, [2474490918, 966137715, 3515593891]);
    read_burst_increment_linear(15, 448, [2543429679, 3654455987, 2950190687]);
    read_burst_increment_linear(15, 460, [573115716, 2079915511, 3852154571]);
    read_burst_increment_linear(15, 472, [4077460198, 757652314, 349159721]);
    read_burst_increment_linear(15, 484, [4135772909, 3981667546, 2996811365]);
    read_burst_increment_linear(15, 496, [3666535093, 4022244575, 1022433657]);
    read_burst_increment_linear(15, 304, [2087561720, 3687669943, 3485750943, 2927465564]);
    read_burst_increment_linear(15, 320, [2915811419, 1155413897, 2762879561, 3894623952]);
    read_burst_increment_linear(15, 336, [3959341271, 2831678545, 1260466070, 102596364]);
    read_burst_increment_linear(15, 352, [3777810114, 1683484104, 3145882231, 519236925]);
    read_burst_increment_linear(15, 188, [84501770, 3849521866, 2654030908, 2036907506, 1160667530, 549761857]);
    read_burst_increment_linear(15, 212, [3964351704, 1008792440, 3297383049, 1975848427, 1526883766, 1665923526]);
    read_burst_increment_linear(15, 236, [1460999086, 3732210364, 353361194, 2245499403, 3096952433, 1123172741]);
    read_burst_increment_linear(15, 204, [1160667530, 549761857, 3964351704]);
    read_burst_increment_linear(15, 216, [1008792440, 3297383049, 1975848427]);
    read_burst_increment_linear(15, 228, [1526883766, 1665923526, 1460999086]);
    read_burst_increment_linear(15, 240, [3732210364, 353361194, 2245499403]);
    read_burst_increment_linear(15, 176, [251652381, 3888476879, 293882147, 84501770, 3849521866, 2654030908, 2036907506]);
    read_burst_increment_linear(15, 204, [1160667530, 549761857, 3964351704, 1008792440, 3297383049, 1975848427, 1526883766]);
    read_burst_increment_linear(15, 232, [1665923526, 1460999086, 3732210364, 353361194, 2245499403, 3096952433, 1123172741]);
    read_burst_increment_linear(15, 208, [549761857, 3964351704, 1008792440, 3297383049, 1975848427, 1526883766]);
    read_burst_increment_linear(15, 232, [1665923526, 1460999086, 3732210364, 353361194, 2245499403, 3096952433]);
    read_burst_increment_linear(15, 256, [1123172741, 670192975, 2647416891, 486945594, 3206754942, 178932501]);
    read_burst_increment_linear(15, 280, [2027527153, 1822182361, 824379234, 641071948, 1335973279, 1203347855]);
    read_burst_increment_linear(15, 304, [2087561720, 3687669943, 3485750943, 2927465564, 2915811419, 1155413897]);
    read_burst_increment_linear(15, 224, [1975848427, 1526883766, 1665923526, 1460999086, 3732210364, 353361194, 2245499403, 3096952433]);
    read_burst_increment_linear(15, 256, [1123172741, 670192975, 2647416891, 486945594, 3206754942, 178932501, 2027527153, 1822182361]);
    read_burst_increment_linear(15, 272, [3206754942, 178932501, 2027527153, 1822182361]);
    read_burst_increment_linear(15, 288, [824379234, 641071948, 1335973279, 1203347855]);
    read_burst_increment_linear(15, 304, [2087561720, 3687669943, 3485750943, 2927465564]);
    read_burst_increment_linear(15, 320, [2915811419, 1155413897, 2762879561, 3894623952]);
    read_burst_increment_linear(15, 336, [3959341271, 2831678545, 1260466070, 102596364]);
    read_burst_increment_linear(15, 352, [3777810114, 1683484104, 3145882231, 519236925]);
    read_burst_increment_linear(15, 432, [2100664826, 2474490918, 966137715]);
    read_burst_increment_linear(15, 148, [2307110931, 2260482061]);
    read_burst_increment_linear(15, 156, [2846348883, 899669355]);
    read_burst_increment_linear(15, 164, [3936758485, 2165787138]);
    read_burst_increment_linear(15, 172, [3612753582, 251652381]);
    read_burst_increment_linear(15, 180, [3888476879, 293882147]);
    read_burst_increment_linear(15, 188, [84501770, 3849521866]);
    read_burst_increment_linear(15, 196, [2654030908, 2036907506]);
    read_burst_increment_linear(15, 204, [1160667530, 549761857]);
    read_burst_increment_linear(15, 212, [3964351704, 1008792440]);
    read_burst_increment_linear(15, 220, [3297383049, 1975848427]);
    read_burst_increment_linear(15, 228, [1526883766, 1665923526]);
    read_burst_increment_linear(15, 236, [1460999086, 3732210364]);
    read_burst_increment_linear(15, 0, [303379748, 3230228097, 2223298057, 2985317987, 112818957, 1189058957, 2999092325]);
    read_burst_increment_linear(15, 28, [2302104082, 15983361, 114806029, 992211318, 512609597, 1993627629, 1177417612]);
    read_burst_increment_linear(15, 56, [2097015289, 3812041926, 3807872197, 3574846122, 1924134885, 3151131255, 2301810194]);
    read_burst_increment_linear(15, 84, [1206705039, 2033215986, 3883308750, 4093672168, 3804909253, 777537884, 3733858493]);
    read_burst_increment_linear(15, 60, [3812041926, 3807872197, 3574846122]);
    read_burst_increment_linear(15, 72, [1924134885, 3151131255, 2301810194]);
    read_burst_increment_linear(15, 84, [1206705039, 2033215986, 3883308750]);
    read_burst_increment_linear(15, 96, [4093672168, 3804909253, 777537884]);
    read_burst_increment_linear(15, 108, [3733858493, 2527811629, 2997298789]);
    read_burst_increment_linear(15, 120, [2985255523, 91457290, 3225100928]);
    read_burst_increment_linear(15, 132, [274997536, 1433945514, 3469528221]);
    read_burst_increment_linear(15, 144, [3407888022, 2307110931, 2260482061]);
    read_burst_increment_linear(15, 156, [2846348883, 899669355, 3936758485]);
    read_burst_increment_linear(15, 168, [2165787138, 3612753582, 251652381]);
    read_burst_increment_linear(15, 112, [2527811629, 2997298789, 2985255523, 91457290, 3225100928, 274997536, 1433945514, 3469528221]);
    read_burst_increment_linear(15, 304, [2087561720, 3687669943, 3485750943, 2927465564, 2915811419, 1155413897, 2762879561, 3894623952]);
    read_burst_increment_linear(15, 336, [3959341271, 2831678545, 1260466070, 102596364, 3777810114, 1683484104, 3145882231, 519236925]);
    read_burst_increment_linear(15, 368, [151837458, 3204776062, 921010541, 484042553, 265457439, 3924555475, 1121529733, 3155462264]);
    read_burst_increment_linear(15, 400, [769284443, 613108553, 2683481663, 353152810, 739599192, 3275700358, 3340373134, 3459248796]);
    read_burst_increment_linear(15, 436, [2474490918, 966137715]);
    read_burst_increment_linear(15, 444, [3515593891, 2543429679]);
    read_burst_increment_linear(15, 452, [3654455987, 2950190687]);
    read_burst_increment_linear(15, 460, [573115716, 2079915511]);
    read_burst_increment_linear(15, 468, [3852154571, 4077460198]);
    read_burst_increment_linear(15, 476, [757652314, 349159721]);
    read_burst_increment_linear(15, 484, [4135772909, 3981667546]);
    read_burst_increment_linear(15, 492, [2996811365, 3666535093]);
    read_burst_increment_linear(15, 500, [4022244575, 1022433657]);
    read_burst_increment_linear(15, 356, [1683484104, 3145882231, 519236925, 151837458, 3204776062, 921010541]);
    read_burst_increment_linear(15, 380, [484042553, 265457439, 3924555475, 1121529733, 3155462264, 769284443]);
    read_burst_increment_linear(15, 188, [84501770, 3849521866, 2654030908, 2036907506, 1160667530, 549761857]);
    read_burst_increment_linear(15, 280, [2027527153, 1822182361]);
    read_burst_increment_linear(15, 24, [2999092325, 2302104082, 15983361, 114806029, 992211318]);
    read_burst_increment_linear(15, 44, [512609597, 1993627629, 1177417612, 2097015289, 3812041926]);
    read_burst_increment_linear(15, 64, [3807872197, 3574846122, 1924134885, 3151131255, 2301810194]);
    read_burst_increment_linear(15, 84, [1206705039, 2033215986, 3883308750, 4093672168, 3804909253]);
    read_burst_increment_linear(15, 52, [1177417612, 2097015289, 3812041926, 3807872197, 3574846122, 1924134885, 3151131255]);
    read_burst_increment_linear(15, 80, [2301810194, 1206705039, 2033215986, 3883308750, 4093672168, 3804909253, 777537884]);
    read_burst_increment_linear(15, 104, [777537884, 3733858493, 2527811629, 2997298789, 2985255523, 91457290]);
    read_burst_increment_linear(15, 128, [3225100928, 274997536, 1433945514, 3469528221, 3407888022, 2307110931]);
    read_burst_increment_linear(15, 412, [353152810, 739599192, 3275700358, 3340373134, 3459248796, 2100664826, 2474490918, 966137715]);
    read_burst_increment_linear(15, 444, [3515593891, 2543429679, 3654455987, 2950190687, 573115716, 2079915511, 3852154571, 4077460198]);
    read_burst_increment_linear(15, 476, [757652314, 349159721, 4135772909, 3981667546, 2996811365, 3666535093, 4022244575, 1022433657]);
    read_burst_increment_linear(15, 172, [3612753582, 251652381, 3888476879, 293882147, 84501770, 3849521866, 2654030908, 2036907506]);
    read_burst_increment_linear(15, 364, [519236925, 151837458, 3204776062, 921010541, 484042553, 265457439]);
    read_burst_increment_linear(15, 388, [3924555475, 1121529733, 3155462264, 769284443, 613108553, 2683481663]);
    read_burst_increment_linear(15, 412, [353152810, 739599192, 3275700358, 3340373134, 3459248796, 2100664826]);
    read_burst_increment_linear(15, 436, [2474490918, 966137715, 3515593891, 2543429679, 3654455987, 2950190687]);
    read_burst_increment_linear(15, 348, [102596364, 3777810114, 1683484104, 3145882231, 519236925, 151837458]);
    read_burst_increment_linear(15, 372, [3204776062, 921010541, 484042553, 265457439, 3924555475, 1121529733]);
    read_burst_increment_linear(15, 284, [1822182361, 824379234, 641071948, 1335973279, 1203347855, 2087561720, 3687669943, 3485750943]);
    read_burst_increment_linear(15, 316, [2927465564, 2915811419, 1155413897, 2762879561, 3894623952, 3959341271, 2831678545, 1260466070]);
    read_burst_increment_linear(15, 348, [102596364, 3777810114, 1683484104, 3145882231, 519236925, 151837458, 3204776062, 921010541]);
    read_burst_increment_linear(15, 380, [484042553, 265457439, 3924555475, 1121529733, 3155462264, 769284443, 613108553, 2683481663]);
    read_burst_increment_linear(15, 184, [293882147, 84501770, 3849521866, 2654030908, 2036907506, 1160667530, 549761857]);
    read_burst_increment_linear(15, 212, [3964351704, 1008792440, 3297383049, 1975848427, 1526883766, 1665923526, 1460999086]);
    read_burst_increment_linear(15, 84, [1206705039, 2033215986, 3883308750, 4093672168, 3804909253, 777537884, 3733858493]);
    read_burst_increment_linear(15, 112, [2527811629, 2997298789, 2985255523, 91457290, 3225100928, 274997536, 1433945514]);
    read_burst_increment_linear(15, 360, [3145882231, 519236925, 151837458, 3204776062, 921010541]);
    read_burst_increment_linear(15, 380, [484042553, 265457439, 3924555475, 1121529733, 3155462264]);
    read_burst_increment_linear(15, 40, [992211318, 512609597, 1993627629]);
    read_burst_increment_linear(15, 52, [1177417612, 2097015289, 3812041926]);
    read_burst_increment_linear(15, 64, [3807872197, 3574846122, 1924134885]);
    read_burst_increment_linear(15, 76, [3151131255, 2301810194, 1206705039]);
    read_burst_increment_linear(15, 88, [2033215986, 3883308750, 4093672168]);
    read_burst_increment_linear(15, 100, [3804909253, 777537884, 3733858493]);
    read_burst_increment_linear(15, 112, [2527811629, 2997298789, 2985255523]);
    read_burst_increment_linear(15, 124, [91457290, 3225100928, 274997536]);
    read_burst_increment_linear(15, 136, [1433945514, 3469528221, 3407888022]);
    read_burst_increment_linear(15, 148, [2307110931, 2260482061, 2846348883]);
    read_burst_increment_linear(15, 152, [2260482061, 2846348883]);
    read_burst_increment_linear(15, 160, [899669355, 3936758485]);
    read_burst_increment_linear(15, 168, [2165787138, 3612753582]);
    read_burst_increment_linear(15, 176, [251652381, 3888476879]);
    read_burst_increment_linear(15, 184, [293882147, 84501770]);
    read_burst_increment_linear(15, 192, [3849521866, 2654030908]);
    read_burst_increment_linear(15, 200, [2036907506, 1160667530]);
    read_burst_increment_linear(15, 208, [549761857, 3964351704]);
    read_burst_increment_linear(15, 216, [1008792440, 3297383049]);
    read_burst_increment_linear(15, 224, [1975848427, 1526883766]);
    read_burst_increment_linear(15, 232, [1665923526, 1460999086]);
    read_burst_increment_linear(15, 240, [3732210364, 353361194]);
    read_burst_increment_linear(15, 248, [2245499403, 3096952433]);
    read_burst_increment_linear(15, 256, [1123172741, 670192975]);
    read_burst_increment_linear(15, 264, [2647416891, 486945594]);
    read_burst_increment_linear(15, 92, [3883308750, 4093672168, 3804909253, 777537884]);
    read_burst_increment_linear(15, 108, [3733858493, 2527811629, 2997298789, 2985255523]);
    read_burst_increment_linear(15, 124, [91457290, 3225100928, 274997536, 1433945514]);
    read_burst_increment_linear(15, 140, [3469528221, 3407888022, 2307110931, 2260482061]);
    read_burst_increment_linear(15, 156, [2846348883, 899669355, 3936758485, 2165787138]);
    read_burst_increment_linear(15, 172, [3612753582, 251652381, 3888476879, 293882147]);
    read_burst_increment_linear(15, 308, [3687669943, 3485750943, 2927465564, 2915811419, 1155413897]);
    read_burst_increment_linear(15, 328, [2762879561, 3894623952, 3959341271, 2831678545, 1260466070]);
    read_burst_increment_linear(15, 124, [91457290, 3225100928, 274997536, 1433945514]);
    read_burst_increment_linear(15, 140, [3469528221, 3407888022, 2307110931, 2260482061]);
    read_burst_increment_linear(15, 156, [2846348883, 899669355, 3936758485, 2165787138]);
    read_burst_increment_linear(15, 172, [3612753582, 251652381, 3888476879, 293882147]);
    read_burst_increment_linear(15, 188, [84501770, 3849521866, 2654030908, 2036907506]);
    read_burst_increment_linear(15, 204, [1160667530, 549761857, 3964351704, 1008792440]);
    read_burst_increment_linear(15, 220, [3297383049, 1975848427, 1526883766, 1665923526]);
    read_burst_increment_linear(15, 140, [3469528221, 3407888022, 2307110931, 2260482061, 2846348883]);
    read_burst_increment_linear(15, 160, [899669355, 3936758485, 2165787138, 3612753582, 251652381]);
    read_burst_increment_linear(15, 180, [3888476879, 293882147, 84501770, 3849521866, 2654030908]);
    read_burst_increment_linear(15, 120, [2985255523, 91457290, 3225100928, 274997536, 1433945514, 3469528221]);
    read_burst_increment_linear(15, 144, [3407888022, 2307110931, 2260482061, 2846348883, 899669355, 3936758485]);
    read_burst_increment_linear(15, 168, [2165787138, 3612753582, 251652381, 3888476879, 293882147, 84501770]);
    read_burst_increment_linear(15, 112, [2527811629, 2997298789, 2985255523, 91457290, 3225100928, 274997536, 1433945514]);
    read_burst_increment_linear(15, 208, [549761857, 3964351704, 1008792440, 3297383049, 1975848427, 1526883766, 1665923526, 1460999086]);
    read_burst_increment_linear(15, 240, [3732210364, 353361194, 2245499403, 3096952433, 1123172741, 670192975, 2647416891, 486945594]);
    read_burst_increment_linear(15, 272, [3206754942, 178932501, 2027527153, 1822182361, 824379234, 641071948, 1335973279, 1203347855]);
    read_burst_increment_linear(15, 304, [2087561720, 3687669943, 3485750943, 2927465564, 2915811419, 1155413897, 2762879561, 3894623952]);
    read_burst_increment_linear(15, 400, [769284443, 613108553, 2683481663, 353152810, 739599192, 3275700358]);
    read_burst_increment_linear(15, 424, [3340373134, 3459248796, 2100664826, 2474490918, 966137715, 3515593891]);
    read_burst_increment_linear(15, 332, [3894623952, 3959341271, 2831678545, 1260466070, 102596364, 3777810114, 1683484104, 3145882231]);
    read_burst_increment_linear(15, 364, [519236925, 151837458, 3204776062, 921010541, 484042553, 265457439, 3924555475, 1121529733]);
    read_burst_increment_linear(15, 396, [3155462264, 769284443, 613108553, 2683481663, 353152810, 739599192, 3275700358, 3340373134]);
    read_burst_increment_linear(15, 428, [3459248796, 2100664826, 2474490918, 966137715, 3515593891, 2543429679, 3654455987, 2950190687]);
    read_burst_increment_linear(15, 344, [1260466070, 102596364, 3777810114, 1683484104, 3145882231, 519236925, 151837458]);
    read_burst_increment_linear(15, 372, [3204776062, 921010541, 484042553, 265457439, 3924555475, 1121529733, 3155462264]);
    read_burst_increment_linear(15, 184, [293882147, 84501770, 3849521866]);
    read_burst_increment_linear(15, 196, [2654030908, 2036907506, 1160667530]);
    read_burst_increment_linear(15, 208, [549761857, 3964351704, 1008792440]);
    read_burst_increment_linear(15, 220, [3297383049, 1975848427, 1526883766]);
    read_burst_increment_linear(15, 232, [1665923526, 1460999086, 3732210364]);
    read_burst_increment_linear(15, 244, [353361194, 2245499403, 3096952433]);
    read_burst_increment_linear(15, 256, [1123172741, 670192975, 2647416891]);
    read_burst_increment_linear(15, 268, [486945594, 3206754942, 178932501]);
    read_burst_increment_linear(15, 280, [2027527153, 1822182361, 824379234]);
    read_burst_increment_linear(15, 292, [641071948, 1335973279, 1203347855]);
    read_burst_increment_linear(15, 352, [3777810114, 1683484104, 3145882231, 519236925, 151837458, 3204776062]);
    read_burst_increment_linear(15, 376, [921010541, 484042553, 265457439, 3924555475, 1121529733, 3155462264]);
    read_burst_increment_linear(15, 328, [2762879561, 3894623952, 3959341271, 2831678545, 1260466070]);
    read_burst_increment_linear(15, 348, [102596364, 3777810114, 1683484104, 3145882231, 519236925]);
    read_burst_increment_linear(15, 368, [151837458, 3204776062, 921010541, 484042553, 265457439]);
    read_burst_increment_linear(15, 388, [3924555475, 1121529733, 3155462264, 769284443, 613108553]);
    read_burst_increment_linear(15, 408, [2683481663, 353152810, 739599192, 3275700358, 3340373134]);
    read_burst_increment_linear(15, 428, [3459248796, 2100664826, 2474490918, 966137715, 3515593891]);
    read_burst_increment_linear(15, 196, [2654030908, 2036907506, 1160667530, 549761857]);
    read_burst_increment_linear(15, 212, [3964351704, 1008792440, 3297383049, 1975848427]);
    read_burst_increment_linear(15, 228, [1526883766, 1665923526, 1460999086, 3732210364]);
    read_burst_increment_linear(15, 244, [353361194, 2245499403, 3096952433, 1123172741]);
    read_burst_increment_linear(15, 260, [670192975, 2647416891, 486945594, 3206754942]);
    read_burst_increment_linear(15, 276, [178932501, 2027527153, 1822182361, 824379234]);
    read_burst_increment_linear(15, 292, [641071948, 1335973279, 1203347855, 2087561720]);
    read_burst_increment_linear(15, 400, [769284443, 613108553]);
    read_burst_increment_linear(15, 408, [2683481663, 353152810]);
    read_burst_increment_linear(15, 416, [739599192, 3275700358]);
    read_burst_increment_linear(15, 424, [3340373134, 3459248796]);
    read_burst_increment_linear(15, 432, [2100664826, 2474490918]);
    read_burst_increment_linear(15, 440, [966137715, 3515593891]);
    read_burst_increment_linear(15, 448, [2543429679, 3654455987]);
    read_burst_increment_linear(15, 456, [2950190687, 573115716]);
    read_burst_increment_linear(15, 128, [3225100928, 274997536, 1433945514, 3469528221, 3407888022, 2307110931]);
    read_burst_increment_linear(15, 152, [2260482061, 2846348883, 899669355, 3936758485, 2165787138, 3612753582]);
    read_burst_increment_linear(15, 140, [3469528221, 3407888022, 2307110931, 2260482061, 2846348883, 899669355]);
    read_burst_increment_linear(15, 164, [3936758485, 2165787138, 3612753582, 251652381, 3888476879, 293882147]);
    read_burst_increment_linear(15, 188, [84501770, 3849521866, 2654030908, 2036907506, 1160667530, 549761857]);
    read_burst_increment_linear(15, 212, [3964351704, 1008792440, 3297383049, 1975848427, 1526883766, 1665923526]);
    read_burst_increment_linear(15, 232, [1665923526, 1460999086, 3732210364, 353361194, 2245499403, 3096952433, 1123172741]);
    read_burst_increment_linear(15, 260, [670192975, 2647416891, 486945594, 3206754942, 178932501, 2027527153, 1822182361]);
    read_burst_increment_linear(15, 288, [824379234, 641071948, 1335973279, 1203347855, 2087561720, 3687669943, 3485750943]);
    read_burst_increment_linear(15, 316, [2927465564, 2915811419, 1155413897, 2762879561, 3894623952, 3959341271, 2831678545]);
    read_burst_increment_linear(15, 160, [899669355, 3936758485]);
    read_burst_increment_linear(15, 168, [2165787138, 3612753582]);
    read_burst_increment_linear(15, 176, [251652381, 3888476879]);
    read_burst_increment_linear(15, 184, [293882147, 84501770]);
    read_burst_increment_linear(15, 192, [3849521866, 2654030908]);
    read_burst_increment_linear(15, 200, [2036907506, 1160667530]);
    read_burst_increment_linear(15, 208, [549761857, 3964351704]);
    read_burst_increment_linear(15, 216, [1008792440, 3297383049]);
    read_burst_increment_linear(15, 224, [1975848427, 1526883766]);
    read_burst_increment_linear(15, 232, [1665923526, 1460999086]);
    read_burst_increment_linear(15, 240, [3732210364, 353361194]);
    read_burst_increment_linear(15, 424, [3340373134, 3459248796]);
    read_burst_increment_linear(15, 432, [2100664826, 2474490918]);
    read_burst_increment_linear(15, 440, [966137715, 3515593891]);
    read_burst_increment_linear(15, 448, [2543429679, 3654455987]);
    read_burst_increment_linear(15, 456, [2950190687, 573115716]);
    read_burst_increment_linear(15, 464, [2079915511, 3852154571]);
    read_burst_increment_linear(15, 472, [4077460198, 757652314]);
    read_burst_increment_linear(15, 480, [349159721, 4135772909]);
    read_burst_increment_linear(15, 488, [3981667546, 2996811365]);
    read_burst_increment_linear(15, 104, [777537884, 3733858493, 2527811629, 2997298789, 2985255523]);
    read_burst_increment_linear(15, 124, [91457290, 3225100928, 274997536, 1433945514, 3469528221]);
    read_burst_increment_linear(15, 144, [3407888022, 2307110931, 2260482061, 2846348883, 899669355]);
    read_burst_increment_linear(15, 164, [3936758485, 2165787138, 3612753582, 251652381, 3888476879]);
    read_burst_increment_linear(15, 184, [293882147, 84501770, 3849521866, 2654030908, 2036907506]);
    read_burst_increment_linear(15, 204, [1160667530, 549761857, 3964351704, 1008792440, 3297383049]);
    read_burst_increment_linear(15, 460, [573115716, 2079915511]);
    read_burst_increment_linear(15, 468, [3852154571, 4077460198]);
    read_burst_increment_linear(15, 84, [1206705039, 2033215986, 3883308750, 4093672168, 3804909253, 777537884]);
    read_burst_increment_linear(15, 356, [1683484104, 3145882231, 519236925, 151837458, 3204776062]);
    read_burst_increment_linear(15, 156, [2846348883, 899669355, 3936758485, 2165787138]);
    read_burst_increment_linear(15, 172, [3612753582, 251652381, 3888476879, 293882147]);
    read_burst_increment_linear(15, 188, [84501770, 3849521866, 2654030908, 2036907506]);
    read_burst_increment_linear(15, 204, [1160667530, 549761857, 3964351704, 1008792440]);
    read_burst_increment_linear(15, 220, [3297383049, 1975848427, 1526883766, 1665923526]);
    read_burst_increment_linear(15, 140, [3469528221, 3407888022]);
    read_burst_increment_linear(15, 148, [2307110931, 2260482061]);
    read_burst_increment_linear(15, 156, [2846348883, 899669355]);
    read_burst_increment_linear(15, 164, [3936758485, 2165787138]);
    read_burst_increment_linear(15, 172, [3612753582, 251652381]);
    read_burst_increment_linear(15, 180, [3888476879, 293882147]);
    read_burst_increment_linear(15, 188, [84501770, 3849521866]);
    read_burst_increment_linear(15, 196, [2654030908, 2036907506]);
    read_burst_increment_linear(15, 372, [3204776062, 921010541, 484042553, 265457439, 3924555475, 1121529733]);
    read_burst_increment_linear(15, 396, [3155462264, 769284443, 613108553, 2683481663, 353152810, 739599192]);
    read_burst_increment_linear(15, 420, [3275700358, 3340373134, 3459248796, 2100664826, 2474490918, 966137715]);
    read_burst_increment_linear(15, 444, [3515593891, 2543429679, 3654455987, 2950190687, 573115716, 2079915511]);
    read_burst_increment_linear(15, 24, [2999092325, 2302104082, 15983361, 114806029, 992211318, 512609597]);
    read_burst_increment_linear(15, 48, [1993627629, 1177417612, 2097015289, 3812041926, 3807872197, 3574846122]);
    read_burst_increment_linear(15, 72, [1924134885, 3151131255, 2301810194, 1206705039, 2033215986, 3883308750]);
    read_burst_increment_linear(15, 96, [4093672168, 3804909253, 777537884, 3733858493, 2527811629, 2997298789]);
    read_burst_increment_linear(15, 120, [2985255523, 91457290, 3225100928, 274997536, 1433945514, 3469528221]);
    read_burst_increment_linear(15, 124, [91457290, 3225100928]);
    read_burst_increment_linear(15, 132, [274997536, 1433945514]);
    read_burst_increment_linear(15, 140, [3469528221, 3407888022]);
    read_burst_increment_linear(15, 148, [2307110931, 2260482061]);
    read_burst_increment_linear(15, 156, [2846348883, 899669355]);
    read_burst_increment_linear(15, 164, [3936758485, 2165787138]);
    read_burst_increment_linear(15, 172, [3612753582, 251652381]);
    read_burst_increment_linear(15, 180, [3888476879, 293882147]);
    read_burst_increment_linear(15, 188, [84501770, 3849521866]);
    read_burst_increment_linear(15, 196, [2654030908, 2036907506]);
    read_burst_increment_linear(15, 204, [1160667530, 549761857]);
    read_burst_increment_linear(15, 144, [3407888022, 2307110931, 2260482061, 2846348883, 899669355]);
    read_burst_increment_linear(15, 192, [3849521866, 2654030908, 2036907506, 1160667530]);
    read_burst_increment_linear(15, 208, [549761857, 3964351704, 1008792440, 3297383049]);
    read_burst_increment_linear(15, 224, [1975848427, 1526883766, 1665923526, 1460999086]);
    read_burst_increment_linear(15, 240, [3732210364, 353361194, 2245499403, 3096952433]);
    read_burst_increment_linear(15, 256, [1123172741, 670192975, 2647416891, 486945594]);
    read_burst_increment_linear(15, 272, [3206754942, 178932501, 2027527153, 1822182361]);
    read_burst_increment_linear(15, 332, [3894623952, 3959341271, 2831678545, 1260466070, 102596364, 3777810114]);
    read_burst_increment_linear(15, 356, [1683484104, 3145882231, 519236925, 151837458, 3204776062, 921010541]);
    read_burst_increment_linear(15, 380, [484042553, 265457439, 3924555475, 1121529733, 3155462264, 769284443]);
    read_burst_increment_linear(15, 404, [613108553, 2683481663, 353152810, 739599192, 3275700358, 3340373134]);
    read_burst_increment_linear(15, 428, [3459248796, 2100664826, 2474490918, 966137715, 3515593891, 2543429679]);
    read_burst_increment_linear(15, 132, [274997536, 1433945514]);
    read_burst_increment_linear(15, 140, [3469528221, 3407888022]);
    read_burst_increment_linear(15, 148, [2307110931, 2260482061]);
    read_burst_increment_linear(15, 156, [2846348883, 899669355]);
    read_burst_increment_linear(15, 164, [3936758485, 2165787138]);
    read_burst_increment_linear(15, 172, [3612753582, 251652381]);
    read_burst_increment_linear(15, 180, [3888476879, 293882147]);
    read_burst_increment_linear(15, 188, [84501770, 3849521866]);
    read_burst_increment_linear(15, 196, [2654030908, 2036907506]);
    read_burst_increment_linear(15, 204, [1160667530, 549761857]);
    read_burst_increment_linear(15, 212, [3964351704, 1008792440]);
    read_burst_increment_linear(15, 220, [3297383049, 1975848427]);
    read_burst_increment_linear(15, 228, [1526883766, 1665923526]);
    read_burst_increment_linear(15, 64, [3807872197, 3574846122, 1924134885, 3151131255, 2301810194]);
    read_burst_increment_linear(15, 84, [1206705039, 2033215986, 3883308750, 4093672168, 3804909253]);
    read_burst_increment_linear(15, 104, [777537884, 3733858493, 2527811629, 2997298789, 2985255523]);
    read_burst_increment_linear(15, 252, [3096952433, 1123172741, 670192975, 2647416891, 486945594, 3206754942, 178932501, 2027527153]);
    read_burst_increment_linear(15, 284, [1822182361, 824379234, 641071948, 1335973279, 1203347855, 2087561720, 3687669943, 3485750943]);
    read_burst_increment_linear(15, 316, [2927465564, 2915811419, 1155413897, 2762879561, 3894623952, 3959341271, 2831678545, 1260466070]);
    read_burst_increment_linear(15, 348, [102596364, 3777810114, 1683484104, 3145882231, 519236925, 151837458, 3204776062, 921010541]);
    read_burst_increment_linear(15, 428, [3459248796, 2100664826, 2474490918, 966137715]);
    read_burst_increment_linear(15, 444, [3515593891, 2543429679, 3654455987, 2950190687]);
    read_burst_increment_linear(15, 460, [573115716, 2079915511, 3852154571, 4077460198]);
    read_burst_increment_linear(15, 476, [757652314, 349159721, 4135772909, 3981667546]);
    read_burst_increment_linear(15, 492, [2996811365, 3666535093, 4022244575, 1022433657]);
    read_burst_increment_linear(15, 100, [3804909253, 777537884]);
    read_burst_increment_linear(15, 108, [3733858493, 2527811629]);
    read_burst_increment_linear(15, 116, [2997298789, 2985255523]);
    read_burst_increment_linear(15, 124, [91457290, 3225100928]);
    read_burst_increment_linear(15, 132, [274997536, 1433945514]);
    read_burst_increment_linear(15, 140, [3469528221, 3407888022]);
    read_burst_increment_linear(15, 148, [2307110931, 2260482061]);
    read_burst_increment_linear(15, 156, [2846348883, 899669355]);
    read_burst_increment_linear(15, 164, [3936758485, 2165787138]);
    read_burst_increment_linear(15, 172, [3612753582, 251652381]);
    read_burst_increment_linear(15, 180, [3888476879, 293882147]);
    read_burst_increment_linear(15, 188, [84501770, 3849521866]);
    read_burst_increment_linear(15, 196, [2654030908, 2036907506]);
    read_burst_increment_linear(15, 92, [3883308750, 4093672168, 3804909253]);
    read_burst_increment_linear(15, 104, [777537884, 3733858493, 2527811629]);
    read_burst_increment_linear(15, 116, [2997298789, 2985255523, 91457290]);
    read_burst_increment_linear(15, 128, [3225100928, 274997536, 1433945514]);
    read_burst_increment_linear(15, 140, [3469528221, 3407888022, 2307110931]);
    read_burst_increment_linear(15, 404, [613108553, 2683481663, 353152810]);
    read_burst_increment_linear(15, 416, [739599192, 3275700358, 3340373134]);
    read_burst_increment_linear(15, 428, [3459248796, 2100664826, 2474490918]);
    read_burst_increment_linear(15, 440, [966137715, 3515593891, 2543429679]);
    read_burst_increment_linear(15, 452, [3654455987, 2950190687, 573115716]);
    read_burst_increment_linear(15, 464, [2079915511, 3852154571, 4077460198]);
    read_burst_increment_linear(15, 476, [757652314, 349159721, 4135772909]);
    read_burst_increment_linear(15, 488, [3981667546, 2996811365, 3666535093]);
    read_burst_increment_linear(15, 32, [15983361, 114806029, 992211318, 512609597, 1993627629, 1177417612]);
    read_burst_increment_linear(15, 56, [2097015289, 3812041926, 3807872197, 3574846122, 1924134885, 3151131255]);
    read_burst_increment_linear(15, 80, [2301810194, 1206705039, 2033215986, 3883308750, 4093672168, 3804909253]);
    read_burst_increment_linear(15, 104, [777537884, 3733858493, 2527811629, 2997298789, 2985255523, 91457290]);
    read_burst_increment_linear(15, 392, [1121529733, 3155462264, 769284443, 613108553, 2683481663, 353152810, 739599192, 3275700358]);
    read_burst_increment_linear(15, 424, [3340373134, 3459248796, 2100664826, 2474490918, 966137715, 3515593891, 2543429679, 3654455987]);
    read_burst_increment_linear(15, 148, [2307110931, 2260482061, 2846348883, 899669355, 3936758485, 2165787138, 3612753582]);
    read_burst_increment_linear(15, 176, [251652381, 3888476879, 293882147, 84501770, 3849521866, 2654030908, 2036907506]);
    read_burst_increment_linear(15, 204, [1160667530, 549761857, 3964351704, 1008792440, 3297383049, 1975848427, 1526883766]);
    read_burst_increment_linear(15, 304, [2087561720, 3687669943, 3485750943, 2927465564, 2915811419, 1155413897]);
    read_burst_increment_linear(15, 328, [2762879561, 3894623952, 3959341271, 2831678545, 1260466070, 102596364]);
    read_burst_increment_linear(15, 352, [3777810114, 1683484104, 3145882231, 519236925, 151837458, 3204776062]);
    read_burst_increment_linear(15, 248, [2245499403, 3096952433, 1123172741, 670192975, 2647416891]);
    read_burst_increment_linear(15, 268, [486945594, 3206754942, 178932501, 2027527153, 1822182361]);
    read_burst_increment_linear(15, 288, [824379234, 641071948, 1335973279, 1203347855, 2087561720]);
    read_burst_increment_linear(15, 100, [3804909253, 777537884]);
    read_burst_increment_linear(15, 108, [3733858493, 2527811629]);
    read_burst_increment_linear(15, 116, [2997298789, 2985255523]);
    read_burst_increment_linear(15, 124, [91457290, 3225100928]);
    read_burst_increment_linear(15, 132, [274997536, 1433945514]);
    read_burst_increment_linear(15, 140, [3469528221, 3407888022]);
    read_burst_increment_linear(15, 148, [2307110931, 2260482061]);
    read_burst_increment_linear(15, 156, [2846348883, 899669355]);
    read_burst_increment_linear(15, 164, [3936758485, 2165787138]);
    read_burst_increment_linear(15, 172, [3612753582, 251652381]);
    read_burst_increment_linear(15, 180, [3888476879, 293882147]);
    read_burst_increment_linear(15, 188, [84501770, 3849521866]);
    read_burst_increment_linear(15, 196, [2654030908, 2036907506]);
    read_burst_increment_linear(15, 204, [1160667530, 549761857]);
    read_burst_increment_linear(15, 212, [3964351704, 1008792440]);
    read_burst_increment_linear(15, 108, [3733858493, 2527811629, 2997298789, 2985255523, 91457290, 3225100928]);
    read_burst_increment_linear(15, 132, [274997536, 1433945514, 3469528221, 3407888022, 2307110931, 2260482061]);
    read_burst_increment_linear(15, 156, [2846348883, 899669355, 3936758485, 2165787138, 3612753582, 251652381]);
    read_burst_increment_linear(15, 180, [3888476879, 293882147, 84501770, 3849521866, 2654030908, 2036907506]);
    read_burst_increment_linear(15, 204, [1160667530, 549761857, 3964351704, 1008792440, 3297383049, 1975848427]);
    read_burst_increment_linear(15, 260, [670192975, 2647416891, 486945594]);
    read_burst_increment_linear(15, 272, [3206754942, 178932501, 2027527153]);
    read_burst_increment_linear(15, 284, [1822182361, 824379234, 641071948]);
    read_burst_increment_linear(15, 296, [1335973279, 1203347855, 2087561720]);
    read_burst_increment_linear(15, 308, [3687669943, 3485750943, 2927465564]);
    read_burst_increment_linear(15, 320, [2915811419, 1155413897, 2762879561]);
    read_burst_increment_linear(15, 52, [1177417612, 2097015289, 3812041926, 3807872197, 3574846122]);
    read_burst_increment_linear(15, 72, [1924134885, 3151131255, 2301810194, 1206705039, 2033215986]);
    read_burst_increment_linear(15, 140, [3469528221, 3407888022, 2307110931, 2260482061, 2846348883, 899669355, 3936758485]);
    read_burst_increment_linear(15, 168, [2165787138, 3612753582, 251652381, 3888476879, 293882147, 84501770, 3849521866]);
    read_burst_increment_linear(15, 24, [2999092325, 2302104082, 15983361]);
    read_burst_increment_linear(15, 36, [114806029, 992211318, 512609597]);
    read_burst_increment_linear(15, 48, [1993627629, 1177417612, 2097015289]);
    read_burst_increment_linear(15, 60, [3812041926, 3807872197, 3574846122]);
    read_burst_increment_linear(15, 72, [1924134885, 3151131255, 2301810194]);
    read_burst_increment_linear(15, 84, [1206705039, 2033215986, 3883308750]);
    read_burst_increment_linear(15, 96, [4093672168, 3804909253, 777537884]);
    read_burst_increment_linear(15, 148, [2307110931, 2260482061, 2846348883, 899669355]);
    read_burst_increment_linear(15, 164, [3936758485, 2165787138, 3612753582, 251652381]);
    read_burst_increment_linear(15, 180, [3888476879, 293882147, 84501770, 3849521866]);
    read_burst_increment_linear(15, 196, [2654030908, 2036907506, 1160667530, 549761857]);
    read_burst_increment_linear(15, 212, [3964351704, 1008792440, 3297383049, 1975848427]);
    read_burst_increment_linear(15, 228, [1526883766, 1665923526, 1460999086, 3732210364]);
    read_burst_increment_linear(15, 312, [3485750943, 2927465564, 2915811419, 1155413897, 2762879561, 3894623952, 3959341271, 2831678545]);
    read_burst_increment_linear(15, 232, [1665923526, 1460999086, 3732210364]);
    read_burst_increment_linear(15, 244, [353361194, 2245499403, 3096952433]);
    read_burst_increment_linear(15, 256, [1123172741, 670192975, 2647416891]);
    read_burst_increment_linear(15, 268, [486945594, 3206754942, 178932501]);
    read_burst_increment_linear(15, 0, [303379748, 3230228097, 2223298057]);
    read_burst_increment_linear(15, 12, [2985317987, 112818957, 1189058957]);
    read_burst_increment_linear(15, 24, [2999092325, 2302104082, 15983361]);
    read_burst_increment_linear(15, 36, [114806029, 992211318, 512609597]);
    read_burst_increment_linear(15, 48, [1993627629, 1177417612, 2097015289]);
    read_burst_increment_linear(15, 60, [3812041926, 3807872197, 3574846122]);
    read_burst_increment_linear(15, 72, [1924134885, 3151131255, 2301810194]);
    read_burst_increment_linear(15, 84, [1206705039, 2033215986, 3883308750]);
    read_burst_increment_linear(15, 352, [3777810114, 1683484104, 3145882231, 519236925, 151837458, 3204776062, 921010541, 484042553]);
    read_burst_increment_linear(15, 384, [265457439, 3924555475, 1121529733, 3155462264, 769284443, 613108553, 2683481663, 353152810]);
    read_burst_increment_linear(15, 416, [739599192, 3275700358, 3340373134, 3459248796, 2100664826, 2474490918, 966137715, 3515593891]);
    read_burst_increment_linear(15, 204, [1160667530, 549761857, 3964351704, 1008792440, 3297383049, 1975848427]);
    read_burst_increment_linear(15, 228, [1526883766, 1665923526, 1460999086, 3732210364, 353361194, 2245499403]);
    read_burst_increment_linear(15, 428, [3459248796, 2100664826, 2474490918, 966137715, 3515593891]);
    read_burst_increment_linear(15, 448, [2543429679, 3654455987, 2950190687, 573115716, 2079915511]);
    read_burst_increment_linear(15, 468, [3852154571, 4077460198, 757652314, 349159721, 4135772909]);
    read_burst_increment_linear(15, 488, [3981667546, 2996811365, 3666535093, 4022244575, 1022433657]);
    read_burst_increment_linear(15, 368, [151837458, 3204776062, 921010541, 484042553, 265457439, 3924555475, 1121529733]);
    read_burst_increment_linear(15, 364, [519236925, 151837458, 3204776062, 921010541, 484042553, 265457439]);
    read_burst_increment_linear(15, 388, [3924555475, 1121529733, 3155462264, 769284443, 613108553, 2683481663]);
    read_burst_increment_linear(15, 316, [2927465564, 2915811419, 1155413897, 2762879561, 3894623952]);
    read_burst_increment_linear(15, 336, [3959341271, 2831678545, 1260466070, 102596364, 3777810114]);
    read_burst_increment_linear(15, 356, [1683484104, 3145882231, 519236925, 151837458, 3204776062]);
    read_burst_increment_linear(15, 376, [921010541, 484042553, 265457439, 3924555475, 1121529733]);
    read_burst_increment_linear(15, 396, [3155462264, 769284443, 613108553, 2683481663, 353152810]);
    read_burst_increment_linear(15, 76, [3151131255, 2301810194, 1206705039, 2033215986]);
    read_burst_increment_linear(15, 92, [3883308750, 4093672168, 3804909253, 777537884]);
    read_burst_increment_linear(15, 108, [3733858493, 2527811629, 2997298789, 2985255523]);
    read_burst_increment_linear(15, 124, [91457290, 3225100928, 274997536, 1433945514]);
    read_burst_increment_linear(15, 140, [3469528221, 3407888022, 2307110931, 2260482061]);
    read_burst_increment_linear(15, 156, [2846348883, 899669355, 3936758485, 2165787138]);
    read_burst_increment_linear(15, 144, [3407888022, 2307110931, 2260482061, 2846348883, 899669355, 3936758485, 2165787138, 3612753582]);
    read_burst_increment_linear(15, 176, [251652381, 3888476879, 293882147, 84501770, 3849521866, 2654030908, 2036907506, 1160667530]);
    read_burst_increment_linear(15, 136, [1433945514, 3469528221]);
    read_burst_increment_linear(15, 144, [3407888022, 2307110931]);
    read_burst_increment_linear(15, 152, [2260482061, 2846348883]);
    read_burst_increment_linear(15, 160, [899669355, 3936758485]);
    read_burst_increment_linear(15, 168, [2165787138, 3612753582]);
    read_burst_increment_linear(15, 176, [251652381, 3888476879]);
    read_burst_increment_linear(15, 184, [293882147, 84501770]);
    read_burst_increment_linear(15, 192, [3849521866, 2654030908]);
    read_burst_increment_linear(15, 200, [2036907506, 1160667530]);
    read_burst_increment_linear(15, 208, [549761857, 3964351704]);
    read_burst_increment_linear(15, 60, [3812041926, 3807872197]);
    read_burst_increment_linear(15, 312, [3485750943, 2927465564, 2915811419, 1155413897, 2762879561, 3894623952]);
    read_burst_increment_linear(15, 168, [2165787138, 3612753582, 251652381, 3888476879, 293882147, 84501770, 3849521866]);
    read_burst_increment_linear(15, 372, [3204776062, 921010541, 484042553, 265457439, 3924555475, 1121529733, 3155462264, 769284443]);
    read_burst_increment_linear(15, 252, [3096952433, 1123172741, 670192975, 2647416891, 486945594]);
    read_burst_increment_linear(15, 272, [3206754942, 178932501, 2027527153, 1822182361, 824379234]);
    read_burst_increment_linear(15, 348, [102596364, 3777810114, 1683484104, 3145882231, 519236925, 151837458, 3204776062, 921010541]);
    read_burst_increment_linear(15, 344, [1260466070, 102596364, 3777810114, 1683484104, 3145882231, 519236925, 151837458, 3204776062]);
    read_burst_increment_linear(15, 376, [921010541, 484042553, 265457439, 3924555475, 1121529733, 3155462264, 769284443, 613108553]);
    read_burst_increment_linear(15, 408, [2683481663, 353152810, 739599192, 3275700358, 3340373134, 3459248796, 2100664826, 2474490918]);
    read_burst_increment_linear(15, 208, [549761857, 3964351704, 1008792440, 3297383049, 1975848427, 1526883766, 1665923526, 1460999086]);
    read_burst_increment_linear(15, 336, [3959341271, 2831678545, 1260466070, 102596364]);
    read_burst_increment_linear(15, 352, [3777810114, 1683484104, 3145882231, 519236925]);
    read_burst_increment_linear(15, 368, [151837458, 3204776062, 921010541, 484042553]);
    read_burst_increment_linear(15, 384, [265457439, 3924555475, 1121529733, 3155462264]);
    read_burst_increment_linear(15, 400, [769284443, 613108553, 2683481663, 353152810]);
    read_burst_increment_linear(15, 416, [739599192, 3275700358, 3340373134, 3459248796]);
    read_burst_increment_linear(15, 260, [670192975, 2647416891, 486945594, 3206754942, 178932501, 2027527153, 1822182361]);
    read_burst_increment_linear(15, 288, [824379234, 641071948, 1335973279, 1203347855, 2087561720, 3687669943, 3485750943]);
    read_burst_increment_linear(15, 316, [2927465564, 2915811419, 1155413897, 2762879561, 3894623952, 3959341271, 2831678545]);
    read_burst_increment_linear(15, 344, [1260466070, 102596364, 3777810114, 1683484104, 3145882231, 519236925, 151837458]);
    read_burst_increment_linear(15, 20, [1189058957, 2999092325, 2302104082, 15983361]);
    read_burst_increment_linear(15, 36, [114806029, 992211318, 512609597, 1993627629]);
    read_burst_increment_linear(15, 52, [1177417612, 2097015289, 3812041926, 3807872197]);
    read_burst_increment_linear(15, 68, [3574846122, 1924134885, 3151131255, 2301810194]);
    read_burst_increment_linear(15, 84, [1206705039, 2033215986, 3883308750, 4093672168]);
    read_burst_increment_linear(15, 32, [15983361, 114806029, 992211318, 512609597, 1993627629, 1177417612, 2097015289]);
    read_burst_increment_linear(15, 60, [3812041926, 3807872197, 3574846122, 1924134885, 3151131255, 2301810194, 1206705039]);
    read_burst_increment_linear(15, 88, [2033215986, 3883308750, 4093672168, 3804909253, 777537884, 3733858493, 2527811629]);
    read_burst_increment_linear(15, 116, [2997298789, 2985255523, 91457290, 3225100928, 274997536, 1433945514, 3469528221]);
    read_burst_increment_linear(15, 296, [1335973279, 1203347855, 2087561720, 3687669943]);
    read_burst_increment_linear(15, 312, [3485750943, 2927465564, 2915811419, 1155413897]);
    read_burst_increment_linear(15, 296, [1335973279, 1203347855, 2087561720, 3687669943, 3485750943, 2927465564, 2915811419]);
    read_burst_increment_linear(15, 328, [2762879561, 3894623952]);
    read_burst_increment_linear(15, 336, [3959341271, 2831678545]);
    read_burst_increment_linear(15, 344, [1260466070, 102596364]);
    read_burst_increment_linear(15, 384, [265457439, 3924555475, 1121529733, 3155462264]);
    read_burst_increment_linear(15, 400, [769284443, 613108553, 2683481663, 353152810]);
    read_burst_increment_linear(15, 332, [3894623952, 3959341271, 2831678545, 1260466070, 102596364, 3777810114, 1683484104, 3145882231]);
    read_burst_increment_linear(15, 364, [519236925, 151837458, 3204776062, 921010541, 484042553, 265457439, 3924555475, 1121529733]);
    read_burst_increment_linear(15, 396, [3155462264, 769284443, 613108553, 2683481663, 353152810, 739599192, 3275700358, 3340373134]);
    read_burst_increment_linear(15, 428, [3459248796, 2100664826, 2474490918, 966137715, 3515593891, 2543429679, 3654455987, 2950190687]);
    read_burst_increment_linear(15, 104, [777537884, 3733858493]);
    read_burst_increment_linear(15, 376, [921010541, 484042553]);
    read_burst_increment_linear(15, 384, [265457439, 3924555475]);
    read_burst_increment_linear(15, 392, [1121529733, 3155462264]);
    read_burst_increment_linear(15, 400, [769284443, 613108553]);
    read_burst_increment_linear(15, 408, [2683481663, 353152810]);
    read_burst_increment_linear(15, 416, [739599192, 3275700358]);
    read_burst_increment_linear(15, 424, [3340373134, 3459248796]);
    read_burst_increment_linear(15, 432, [2100664826, 2474490918]);
    read_burst_increment_linear(15, 440, [966137715, 3515593891]);
    read_burst_increment_linear(15, 448, [2543429679, 3654455987]);
    read_burst_increment_linear(15, 456, [2950190687, 573115716]);
    read_burst_increment_linear(15, 60, [3812041926, 3807872197, 3574846122, 1924134885, 3151131255, 2301810194, 1206705039, 2033215986]);
    read_burst_increment_linear(15, 92, [3883308750, 4093672168, 3804909253, 777537884, 3733858493, 2527811629, 2997298789, 2985255523]);
    read_burst_increment_linear(15, 124, [91457290, 3225100928, 274997536, 1433945514, 3469528221, 3407888022, 2307110931, 2260482061]);
    read_burst_increment_linear(15, 156, [2846348883, 899669355, 3936758485, 2165787138, 3612753582, 251652381, 3888476879, 293882147]);
    read_burst_increment_linear(15, 268, [486945594, 3206754942, 178932501]);
    read_burst_increment_linear(15, 280, [2027527153, 1822182361, 824379234]);
    read_burst_increment_linear(15, 292, [641071948, 1335973279, 1203347855]);
    read_burst_increment_linear(15, 304, [2087561720, 3687669943, 3485750943]);
    read_burst_increment_linear(15, 316, [2927465564, 2915811419, 1155413897]);
    read_burst_increment_linear(15, 328, [2762879561, 3894623952, 3959341271]);
    read_burst_increment_linear(15, 340, [2831678545, 1260466070, 102596364]);
    read_burst_increment_linear(15, 352, [3777810114, 1683484104, 3145882231]);
    read_burst_increment_linear(15, 152, [2260482061, 2846348883, 899669355, 3936758485]);
    read_burst_increment_linear(15, 168, [2165787138, 3612753582, 251652381, 3888476879]);
    read_burst_increment_linear(15, 184, [293882147, 84501770, 3849521866, 2654030908]);
    read_burst_increment_linear(15, 200, [2036907506, 1160667530, 549761857, 3964351704]);
    read_burst_increment_linear(15, 216, [1008792440, 3297383049, 1975848427, 1526883766]);
    read_burst_increment_linear(15, 232, [1665923526, 1460999086, 3732210364, 353361194]);
    read_burst_increment_linear(15, 248, [2245499403, 3096952433, 1123172741, 670192975]);
    read_burst_increment_linear(15, 116, [2997298789, 2985255523, 91457290, 3225100928, 274997536, 1433945514, 3469528221, 3407888022]);
    read_burst_increment_linear(15, 148, [2307110931, 2260482061, 2846348883, 899669355, 3936758485, 2165787138, 3612753582, 251652381]);
    read_burst_increment_linear(15, 356, [1683484104, 3145882231]);
    read_burst_increment_linear(15, 364, [519236925, 151837458]);
    read_burst_increment_linear(15, 372, [3204776062, 921010541]);
    read_burst_increment_linear(15, 380, [484042553, 265457439]);
    read_burst_increment_linear(15, 388, [3924555475, 1121529733]);
    read_burst_increment_linear(15, 396, [3155462264, 769284443]);
    read_burst_increment_linear(15, 404, [613108553, 2683481663]);
    read_burst_increment_linear(15, 412, [353152810, 739599192]);
    read_burst_increment_linear(15, 420, [3275700358, 3340373134]);
    read_burst_increment_linear(15, 428, [3459248796, 2100664826]);
    read_burst_increment_linear(15, 436, [2474490918, 966137715]);
    read_burst_increment_linear(15, 444, [3515593891, 2543429679]);
    read_burst_increment_linear(15, 304, [2087561720, 3687669943, 3485750943, 2927465564, 2915811419, 1155413897, 2762879561, 3894623952]);
    read_burst_increment_linear(15, 336, [3959341271, 2831678545, 1260466070, 102596364, 3777810114, 1683484104, 3145882231, 519236925]);
    read_burst_increment_linear(15, 368, [151837458, 3204776062, 921010541, 484042553, 265457439, 3924555475, 1121529733, 3155462264]);
    read_burst_increment_linear(15, 192, [3849521866, 2654030908, 2036907506, 1160667530, 549761857, 3964351704, 1008792440, 3297383049]);
    read_burst_increment_linear(15, 224, [1975848427, 1526883766, 1665923526, 1460999086, 3732210364, 353361194, 2245499403, 3096952433]);
    read_burst_increment_linear(15, 256, [1123172741, 670192975, 2647416891, 486945594, 3206754942, 178932501, 2027527153, 1822182361]);
    read_burst_increment_linear(15, 288, [824379234, 641071948, 1335973279, 1203347855, 2087561720, 3687669943, 3485750943, 2927465564]);
    read_burst_increment_linear(15, 396, [3155462264, 769284443, 613108553, 2683481663, 353152810, 739599192, 3275700358, 3340373134]);
    read_burst_increment_linear(15, 428, [3459248796, 2100664826, 2474490918, 966137715, 3515593891, 2543429679, 3654455987, 2950190687]);
    read_burst_increment_linear(15, 168, [2165787138, 3612753582, 251652381, 3888476879]);
    read_burst_increment_linear(15, 184, [293882147, 84501770, 3849521866]);
    read_burst_increment_linear(15, 196, [2654030908, 2036907506, 1160667530]);
    read_burst_increment_linear(15, 208, [549761857, 3964351704, 1008792440]);
    read_burst_increment_linear(15, 220, [3297383049, 1975848427, 1526883766]);
    read_burst_increment_linear(15, 232, [1665923526, 1460999086, 3732210364]);
    read_burst_increment_linear(15, 244, [353361194, 2245499403, 3096952433]);
    read_burst_increment_linear(15, 256, [1123172741, 670192975, 2647416891]);
    read_burst_increment_linear(15, 268, [486945594, 3206754942, 178932501]);
    read_burst_increment_linear(15, 280, [2027527153, 1822182361, 824379234]);
    read_burst_increment_linear(15, 224, [1975848427, 1526883766, 1665923526, 1460999086, 3732210364, 353361194, 2245499403, 3096952433]);
    read_burst_increment_linear(15, 208, [549761857, 3964351704, 1008792440, 3297383049, 1975848427, 1526883766, 1665923526, 1460999086]);
    read_burst_increment_linear(15, 240, [3732210364, 353361194, 2245499403, 3096952433, 1123172741, 670192975, 2647416891, 486945594]);
    read_burst_increment_linear(15, 32, [15983361, 114806029, 992211318, 512609597, 1993627629, 1177417612]);
    read_burst_increment_linear(15, 56, [2097015289, 3812041926, 3807872197, 3574846122, 1924134885, 3151131255]);
    read_burst_increment_linear(15, 80, [2301810194, 1206705039, 2033215986, 3883308750, 4093672168, 3804909253]);
    read_burst_increment_linear(15, 192, [3849521866, 2654030908, 2036907506, 1160667530, 549761857, 3964351704]);
    read_burst_increment_linear(15, 216, [1008792440, 3297383049, 1975848427, 1526883766, 1665923526, 1460999086]);
    read_burst_increment_linear(15, 240, [3732210364, 353361194, 2245499403, 3096952433, 1123172741, 670192975]);
    read_burst_increment_linear(15, 316, [2927465564, 2915811419, 1155413897]);
    read_burst_increment_linear(15, 328, [2762879561, 3894623952, 3959341271]);
    read_burst_increment_linear(15, 340, [2831678545, 1260466070, 102596364]);
    read_burst_increment_linear(15, 352, [3777810114, 1683484104, 3145882231]);
    read_burst_increment_linear(15, 364, [519236925, 151837458, 3204776062]);
    read_burst_increment_linear(15, 376, [921010541, 484042553, 265457439]);
    read_burst_increment_linear(15, 388, [3924555475, 1121529733, 3155462264]);
    read_burst_increment_linear(15, 400, [769284443, 613108553, 2683481663]);
    read_burst_increment_linear(15, 404, [613108553, 2683481663, 353152810, 739599192, 3275700358, 3340373134, 3459248796, 2100664826]);
    read_burst_increment_linear(15, 436, [2474490918, 966137715, 3515593891, 2543429679, 3654455987, 2950190687, 573115716, 2079915511]);
    read_burst_increment_linear(15, 468, [3852154571, 4077460198, 757652314, 349159721, 4135772909, 3981667546, 2996811365, 3666535093]);
    read_burst_increment_linear(15, 204, [1160667530, 549761857, 3964351704, 1008792440]);
    read_burst_increment_linear(15, 220, [3297383049, 1975848427, 1526883766, 1665923526]);
    read_burst_increment_linear(15, 236, [1460999086, 3732210364, 353361194, 2245499403]);
    read_burst_increment_linear(15, 252, [3096952433, 1123172741, 670192975, 2647416891]);
    read_burst_increment_linear(15, 268, [486945594, 3206754942, 178932501, 2027527153]);
    read_burst_increment_linear(15, 184, [293882147, 84501770, 3849521866]);
    read_burst_increment_linear(15, 196, [2654030908, 2036907506, 1160667530]);
    read_burst_increment_linear(15, 208, [549761857, 3964351704, 1008792440]);
    read_burst_increment_linear(15, 220, [3297383049, 1975848427, 1526883766]);
    read_burst_increment_linear(15, 232, [1665923526, 1460999086, 3732210364]);
    read_burst_increment_linear(15, 244, [353361194, 2245499403, 3096952433]);
    read_burst_increment_linear(15, 256, [1123172741, 670192975, 2647416891]);
    read_burst_increment_linear(15, 268, [486945594, 3206754942, 178932501]);
    read_burst_increment_linear(15, 452, [3654455987, 2950190687, 573115716, 2079915511, 3852154571, 4077460198]);
    read_burst_increment_linear(15, 476, [757652314, 349159721, 4135772909, 3981667546, 2996811365, 3666535093]);
    read_burst_increment_linear(15, 300, [1203347855, 2087561720, 3687669943]);
    read_burst_increment_linear(15, 312, [3485750943, 2927465564, 2915811419]);
    read_burst_increment_linear(15, 324, [1155413897, 2762879561, 3894623952]);
    read_burst_increment_linear(15, 336, [3959341271, 2831678545, 1260466070]);
    read_burst_increment_linear(15, 224, [1975848427, 1526883766, 1665923526, 1460999086, 3732210364, 353361194, 2245499403, 3096952433]);
    read_burst_increment_linear(15, 256, [1123172741, 670192975, 2647416891, 486945594, 3206754942, 178932501, 2027527153, 1822182361]);
    read_burst_increment_linear(15, 288, [824379234, 641071948, 1335973279, 1203347855, 2087561720, 3687669943, 3485750943, 2927465564]);
    read_burst_increment_linear(15, 148, [2307110931, 2260482061, 2846348883, 899669355, 3936758485, 2165787138]);
    read_burst_increment_linear(15, 172, [3612753582, 251652381, 3888476879, 293882147, 84501770, 3849521866]);
    read_burst_increment_linear(15, 196, [2654030908, 2036907506, 1160667530, 549761857, 3964351704, 1008792440]);
    read_burst_increment_linear(15, 220, [3297383049, 1975848427, 1526883766, 1665923526, 1460999086, 3732210364]);
    read_burst_increment_linear(15, 108, [3733858493, 2527811629, 2997298789, 2985255523]);
    read_burst_increment_linear(15, 256, [1123172741, 670192975, 2647416891, 486945594, 3206754942, 178932501]);
    read_burst_increment_linear(15, 280, [2027527153, 1822182361, 824379234, 641071948, 1335973279, 1203347855]);
    read_burst_increment_linear(15, 304, [2087561720, 3687669943, 3485750943, 2927465564, 2915811419, 1155413897]);
    read_burst_increment_linear(15, 408, [2683481663, 353152810, 739599192]);
    read_burst_increment_linear(15, 420, [3275700358, 3340373134, 3459248796]);
    read_burst_increment_linear(15, 432, [2100664826, 2474490918, 966137715]);
    read_burst_increment_linear(15, 444, [3515593891, 2543429679, 3654455987]);
    read_burst_increment_linear(15, 456, [2950190687, 573115716, 2079915511]);
    read_burst_increment_linear(15, 468, [3852154571, 4077460198, 757652314]);
    read_burst_increment_linear(15, 480, [349159721, 4135772909, 3981667546]);
    read_burst_increment_linear(15, 56, [2097015289, 3812041926, 3807872197, 3574846122, 1924134885, 3151131255, 2301810194, 1206705039]);
    read_burst_increment_linear(15, 88, [2033215986, 3883308750, 4093672168, 3804909253, 777537884, 3733858493, 2527811629, 2997298789]);
    read_burst_increment_linear(15, 184, [293882147, 84501770, 3849521866, 2654030908, 2036907506, 1160667530, 549761857]);
    read_burst_increment_linear(15, 212, [3964351704, 1008792440, 3297383049, 1975848427, 1526883766, 1665923526, 1460999086]);
    read_burst_increment_linear(15, 152, [2260482061, 2846348883, 899669355, 3936758485, 2165787138, 3612753582, 251652381]);
    read_burst_increment_linear(15, 448, [2543429679, 3654455987, 2950190687, 573115716, 2079915511, 3852154571, 4077460198, 757652314]);
    read_burst_increment_linear(15, 32, [15983361, 114806029, 992211318]);
    read_burst_increment_linear(15, 44, [512609597, 1993627629, 1177417612]);
    read_burst_increment_linear(15, 56, [2097015289, 3812041926, 3807872197]);
    read_burst_increment_linear(15, 68, [3574846122, 1924134885, 3151131255]);
    read_burst_increment_linear(15, 80, [2301810194, 1206705039, 2033215986]);
    read_burst_increment_linear(15, 92, [3883308750, 4093672168, 3804909253]);
    read_burst_increment_linear(15, 104, [777537884, 3733858493, 2527811629]);
    read_burst_increment_linear(15, 116, [2997298789, 2985255523, 91457290]);
    read_burst_increment_linear(15, 128, [3225100928, 274997536, 1433945514]);
    read_burst_increment_linear(15, 140, [3469528221, 3407888022, 2307110931]);
    read_burst_increment_linear(15, 152, [2260482061, 2846348883, 899669355]);
    read_burst_increment_linear(15, 164, [3936758485, 2165787138, 3612753582]);
    read_burst_increment_linear(15, 176, [251652381, 3888476879, 293882147]);
    read_burst_increment_linear(15, 368, [151837458, 3204776062, 921010541, 484042553, 265457439]);
    read_burst_increment_linear(15, 388, [3924555475, 1121529733, 3155462264, 769284443, 613108553]);
    read_burst_increment_linear(15, 408, [2683481663, 353152810, 739599192, 3275700358, 3340373134]);
    read_burst_increment_linear(15, 428, [3459248796, 2100664826, 2474490918, 966137715, 3515593891]);
    read_burst_increment_linear(15, 448, [2543429679, 3654455987, 2950190687, 573115716, 2079915511]);
    read_burst_increment_linear(15, 112, [2527811629, 2997298789, 2985255523, 91457290]);
    read_burst_increment_linear(15, 416, [739599192, 3275700358, 3340373134, 3459248796, 2100664826]);
    read_burst_increment_linear(15, 436, [2474490918, 966137715, 3515593891, 2543429679, 3654455987]);
    read_burst_increment_linear(15, 456, [2950190687, 573115716, 2079915511, 3852154571, 4077460198]);
    read_burst_increment_linear(15, 140, [3469528221, 3407888022, 2307110931]);
    read_burst_increment_linear(15, 152, [2260482061, 2846348883, 899669355]);
    read_burst_increment_linear(15, 164, [3936758485, 2165787138, 3612753582]);
    read_burst_increment_linear(15, 176, [251652381, 3888476879, 293882147]);
    read_burst_increment_linear(15, 188, [84501770, 3849521866, 2654030908]);
    read_burst_increment_linear(15, 200, [2036907506, 1160667530, 549761857]);
    read_burst_increment_linear(15, 212, [3964351704, 1008792440, 3297383049]);
    read_burst_increment_linear(15, 224, [1975848427, 1526883766, 1665923526]);
    read_burst_increment_linear(15, 236, [1460999086, 3732210364, 353361194]);
    read_burst_increment_linear(15, 252, [3096952433, 1123172741, 670192975, 2647416891, 486945594, 3206754942, 178932501, 2027527153]);
    read_burst_increment_linear(15, 16, [112818957, 1189058957]);
    read_burst_increment_linear(15, 24, [2999092325, 2302104082]);
    read_burst_increment_linear(15, 32, [15983361, 114806029]);
    read_burst_increment_linear(15, 40, [992211318, 512609597]);
    read_burst_increment_linear(15, 48, [1993627629, 1177417612]);
    read_burst_increment_linear(15, 56, [2097015289, 3812041926]);
    read_burst_increment_linear(15, 64, [3807872197, 3574846122]);
    read_burst_increment_linear(15, 72, [1924134885, 3151131255]);
    read_burst_increment_linear(15, 80, [2301810194, 1206705039]);
    read_burst_increment_linear(15, 220, [3297383049, 1975848427, 1526883766, 1665923526, 1460999086]);
    read_burst_increment_linear(15, 240, [3732210364, 353361194, 2245499403, 3096952433, 1123172741]);
    read_burst_increment_linear(15, 260, [670192975, 2647416891, 486945594, 3206754942, 178932501]);
    read_burst_increment_linear(15, 280, [2027527153, 1822182361, 824379234, 641071948, 1335973279]);
    read_burst_increment_linear(15, 376, [921010541, 484042553, 265457439, 3924555475, 1121529733, 3155462264, 769284443, 613108553]);
    read_burst_increment_linear(15, 300, [1203347855, 2087561720, 3687669943, 3485750943]);
    read_burst_increment_linear(15, 316, [2927465564, 2915811419, 1155413897, 2762879561]);
    read_burst_increment_linear(15, 332, [3894623952, 3959341271, 2831678545, 1260466070]);
    read_burst_increment_linear(15, 348, [102596364, 3777810114, 1683484104, 3145882231]);
    read_burst_increment_linear(15, 364, [519236925, 151837458, 3204776062, 921010541]);
    read_burst_increment_linear(15, 380, [484042553, 265457439, 3924555475, 1121529733]);
    read_burst_increment_linear(15, 396, [3155462264, 769284443, 613108553, 2683481663]);
    read_burst_increment_linear(15, 412, [353152810, 739599192, 3275700358, 3340373134]);
    read_burst_increment_linear(15, 356, [1683484104, 3145882231, 519236925, 151837458, 3204776062, 921010541, 484042553, 265457439]);
    read_burst_increment_linear(15, 8, [2223298057, 2985317987]);
    read_burst_increment_linear(15, 16, [112818957, 1189058957]);
    read_burst_increment_linear(15, 24, [2999092325, 2302104082]);
    read_burst_increment_linear(15, 32, [15983361, 114806029]);
    read_burst_increment_linear(15, 40, [992211318, 512609597]);
    read_burst_increment_linear(15, 48, [1993627629, 1177417612]);
    read_burst_increment_linear(15, 56, [2097015289, 3812041926]);
    read_burst_increment_linear(15, 64, [3807872197, 3574846122]);
    read_burst_increment_linear(15, 72, [1924134885, 3151131255]);
    read_burst_increment_linear(15, 80, [2301810194, 1206705039]);
    read_burst_increment_linear(15, 36, [114806029, 992211318, 512609597]);
    read_burst_increment_linear(15, 48, [1993627629, 1177417612, 2097015289]);
    read_burst_increment_linear(15, 60, [3812041926, 3807872197, 3574846122]);
    read_burst_increment_linear(15, 72, [1924134885, 3151131255, 2301810194]);
    read_burst_increment_linear(15, 84, [1206705039, 2033215986, 3883308750]);
    read_burst_increment_linear(15, 96, [4093672168, 3804909253, 777537884]);
    read_burst_increment_linear(15, 420, [3275700358, 3340373134, 3459248796, 2100664826, 2474490918, 966137715, 3515593891, 2543429679]);
    read_burst_increment_linear(15, 304, [2087561720, 3687669943, 3485750943, 2927465564, 2915811419, 1155413897]);
    read_burst_increment_linear(15, 328, [2762879561, 3894623952, 3959341271, 2831678545, 1260466070, 102596364]);
    read_burst_increment_linear(15, 72, [1924134885, 3151131255, 2301810194, 1206705039, 2033215986]);
    read_burst_increment_linear(15, 92, [3883308750, 4093672168, 3804909253, 777537884, 3733858493]);
    read_burst_increment_linear(15, 112, [2527811629, 2997298789, 2985255523, 91457290, 3225100928]);
    read_burst_increment_linear(15, 132, [274997536, 1433945514, 3469528221, 3407888022, 2307110931]);
    read_burst_increment_linear(15, 152, [2260482061, 2846348883, 899669355, 3936758485, 2165787138]);
    read_burst_increment_linear(15, 172, [3612753582, 251652381, 3888476879, 293882147, 84501770]);
    read_burst_increment_linear(15, 420, [3275700358, 3340373134, 3459248796, 2100664826]);
    read_burst_increment_linear(15, 436, [2474490918, 966137715, 3515593891, 2543429679]);
    read_burst_increment_linear(15, 228, [1526883766, 1665923526, 1460999086, 3732210364]);
    read_burst_increment_linear(15, 244, [353361194, 2245499403, 3096952433, 1123172741]);
    read_burst_increment_linear(15, 260, [670192975, 2647416891, 486945594, 3206754942]);
    read_burst_increment_linear(15, 140, [3469528221, 3407888022, 2307110931, 2260482061, 2846348883, 899669355]);
    read_burst_increment_linear(15, 256, [1123172741, 670192975, 2647416891]);
    read_burst_increment_linear(15, 268, [486945594, 3206754942, 178932501]);
    read_burst_increment_linear(15, 280, [2027527153, 1822182361, 824379234]);
    read_burst_increment_linear(15, 292, [641071948, 1335973279, 1203347855]);
    read_burst_increment_linear(15, 304, [2087561720, 3687669943, 3485750943]);
    read_burst_increment_linear(15, 316, [2927465564, 2915811419, 1155413897]);
    read_burst_increment_linear(15, 328, [2762879561, 3894623952, 3959341271]);
    read_burst_increment_linear(15, 340, [2831678545, 1260466070, 102596364]);
    read_burst_increment_linear(15, 352, [3777810114, 1683484104, 3145882231]);
    read_burst_increment_linear(15, 36, [114806029, 992211318, 512609597]);
    read_burst_increment_linear(15, 48, [1993627629, 1177417612, 2097015289]);
    read_burst_increment_linear(15, 140, [3469528221, 3407888022, 2307110931]);
    read_burst_increment_linear(15, 380, [484042553, 265457439, 3924555475, 1121529733, 3155462264, 769284443]);
    read_burst_increment_linear(15, 404, [613108553, 2683481663, 353152810, 739599192, 3275700358, 3340373134]);
    read_burst_increment_linear(15, 428, [3459248796, 2100664826, 2474490918, 966137715, 3515593891, 2543429679]);
    read_burst_increment_linear(15, 288, [824379234, 641071948, 1335973279, 1203347855, 2087561720, 3687669943, 3485750943]);
    read_burst_increment_linear(15, 316, [2927465564, 2915811419, 1155413897, 2762879561, 3894623952, 3959341271, 2831678545]);
    read_burst_increment_linear(15, 344, [1260466070, 102596364, 3777810114, 1683484104, 3145882231, 519236925, 151837458]);
    read_burst_increment_linear(15, 372, [3204776062, 921010541, 484042553, 265457439, 3924555475, 1121529733, 3155462264]);
    read_burst_increment_linear(15, 372, [3204776062, 921010541, 484042553, 265457439, 3924555475, 1121529733, 3155462264, 769284443]);
    read_burst_increment_linear(15, 372, [3204776062, 921010541, 484042553, 265457439, 3924555475, 1121529733, 3155462264]);
    read_burst_increment_linear(15, 400, [769284443, 613108553, 2683481663, 353152810, 739599192, 3275700358, 3340373134]);
    read_burst_increment_linear(15, 428, [3459248796, 2100664826, 2474490918, 966137715, 3515593891, 2543429679, 3654455987]);
    read_burst_increment_linear(15, 456, [2950190687, 573115716, 2079915511, 3852154571, 4077460198, 757652314, 349159721]);
    read_burst_increment_linear(15, 356, [1683484104, 3145882231, 519236925, 151837458]);
    read_burst_increment_linear(15, 372, [3204776062, 921010541, 484042553, 265457439]);
    read_burst_increment_linear(15, 388, [3924555475, 1121529733, 3155462264, 769284443]);
    read_burst_increment_linear(15, 404, [613108553, 2683481663, 353152810, 739599192]);
    read_burst_increment_linear(15, 420, [3275700358, 3340373134, 3459248796, 2100664826]);
    read_burst_increment_linear(15, 76, [3151131255, 2301810194]);
    read_burst_increment_linear(15, 84, [1206705039, 2033215986]);
    read_burst_increment_linear(15, 92, [3883308750, 4093672168]);
    read_burst_increment_linear(15, 100, [3804909253, 777537884]);
    read_burst_increment_linear(15, 108, [3733858493, 2527811629]);
    read_burst_increment_linear(15, 116, [2997298789, 2985255523]);
    read_burst_increment_linear(15, 124, [91457290, 3225100928]);
    read_burst_increment_linear(15, 132, [274997536, 1433945514]);
    read_burst_increment_linear(15, 212, [3964351704, 1008792440, 3297383049, 1975848427, 1526883766, 1665923526, 1460999086, 3732210364]);
    read_burst_increment_linear(15, 244, [353361194, 2245499403, 3096952433, 1123172741, 670192975, 2647416891, 486945594, 3206754942]);
    read_burst_increment_linear(15, 276, [178932501, 2027527153, 1822182361, 824379234, 641071948, 1335973279, 1203347855, 2087561720]);
    read_burst_increment_linear(15, 168, [2165787138, 3612753582, 251652381, 3888476879]);
    read_burst_increment_linear(15, 184, [293882147, 84501770, 3849521866, 2654030908]);
    read_burst_increment_linear(15, 200, [2036907506, 1160667530, 549761857, 3964351704]);
    read_burst_increment_linear(15, 216, [1008792440, 3297383049, 1975848427, 1526883766]);
    read_burst_increment_linear(15, 232, [1665923526, 1460999086, 3732210364, 353361194]);
    read_burst_increment_linear(15, 380, [484042553, 265457439, 3924555475, 1121529733, 3155462264, 769284443, 613108553]);
    read_burst_increment_linear(15, 408, [2683481663, 353152810, 739599192, 3275700358, 3340373134, 3459248796, 2100664826]);
    read_burst_increment_linear(15, 436, [2474490918, 966137715, 3515593891, 2543429679, 3654455987, 2950190687, 573115716]);
    read_burst_increment_linear(15, 196, [2654030908, 2036907506, 1160667530, 549761857, 3964351704, 1008792440, 3297383049]);
    read_burst_increment_linear(15, 224, [1975848427, 1526883766, 1665923526, 1460999086, 3732210364, 353361194, 2245499403]);
    read_burst_increment_linear(15, 252, [3096952433, 1123172741, 670192975, 2647416891, 486945594, 3206754942, 178932501]);
    read_burst_increment_linear(15, 380, [484042553, 265457439, 3924555475, 1121529733, 3155462264, 769284443, 613108553, 2683481663]);
    read_burst_increment_linear(15, 412, [353152810, 739599192, 3275700358, 3340373134, 3459248796, 2100664826, 2474490918, 966137715]);
    read_burst_increment_linear(15, 444, [3515593891, 2543429679, 3654455987, 2950190687, 573115716, 2079915511, 3852154571, 4077460198]);
    read_burst_increment_linear(15, 476, [757652314, 349159721, 4135772909, 3981667546, 2996811365, 3666535093, 4022244575, 1022433657]);
    read_burst_increment_linear(15, 276, [178932501, 2027527153, 1822182361, 824379234, 641071948, 1335973279, 1203347855, 2087561720]);
    read_burst_increment_linear(15, 308, [3687669943, 3485750943, 2927465564, 2915811419, 1155413897, 2762879561, 3894623952, 3959341271]);
    read_burst_increment_linear(15, 340, [2831678545, 1260466070, 102596364, 3777810114, 1683484104, 3145882231, 519236925, 151837458]);
    read_burst_increment_linear(15, 372, [3204776062, 921010541, 484042553, 265457439, 3924555475, 1121529733, 3155462264, 769284443]);
    read_burst_increment_linear(15, 320, [2915811419, 1155413897, 2762879561, 3894623952, 3959341271]);
    read_burst_increment_linear(15, 340, [2831678545, 1260466070, 102596364, 3777810114, 1683484104]);
    read_burst_increment_linear(15, 360, [3145882231, 519236925, 151837458, 3204776062, 921010541]);
    read_burst_increment_linear(15, 328, [2762879561, 3894623952]);
    read_burst_increment_linear(15, 336, [3959341271, 2831678545]);
    read_burst_increment_linear(15, 344, [1260466070, 102596364]);
    read_burst_increment_linear(15, 352, [3777810114, 1683484104]);
    read_burst_increment_linear(15, 360, [3145882231, 519236925]);
    read_burst_increment_linear(15, 368, [151837458, 3204776062]);
    read_burst_increment_linear(15, 376, [921010541, 484042553]);
    read_burst_increment_linear(15, 384, [265457439, 3924555475]);
    read_burst_increment_linear(15, 392, [1121529733, 3155462264]);
    read_burst_increment_linear(15, 400, [769284443, 613108553]);
    read_burst_increment_linear(15, 408, [2683481663, 353152810]);
    read_burst_increment_linear(15, 416, [739599192, 3275700358]);
    read_burst_increment_linear(15, 424, [3340373134, 3459248796]);
    read_burst_increment_linear(15, 432, [2100664826, 2474490918]);
    read_burst_increment_linear(15, 440, [966137715, 3515593891]);
    read_burst_increment_linear(15, 324, [1155413897, 2762879561]);
    read_burst_increment_linear(15, 332, [3894623952, 3959341271]);
    read_burst_increment_linear(15, 340, [2831678545, 1260466070]);
    read_burst_increment_linear(15, 348, [102596364, 3777810114]);
    read_burst_increment_linear(15, 356, [1683484104, 3145882231]);
    read_burst_increment_linear(15, 324, [1155413897, 2762879561, 3894623952, 3959341271, 2831678545, 1260466070, 102596364]);
    read_burst_increment_linear(15, 104, [777537884, 3733858493, 2527811629, 2997298789, 2985255523, 91457290]);
    read_burst_increment_linear(15, 128, [3225100928, 274997536, 1433945514, 3469528221, 3407888022, 2307110931]);
    read_burst_increment_linear(15, 152, [2260482061, 2846348883, 899669355, 3936758485, 2165787138, 3612753582]);
    read_burst_increment_linear(15, 164, [3936758485, 2165787138, 3612753582, 251652381, 3888476879]);
    read_burst_increment_linear(15, 372, [3204776062, 921010541, 484042553, 265457439, 3924555475, 1121529733, 3155462264, 769284443]);
    read_burst_increment_linear(15, 340, [2831678545, 1260466070, 102596364]);
    read_burst_increment_linear(15, 352, [3777810114, 1683484104, 3145882231]);
    read_burst_increment_linear(15, 364, [519236925, 151837458, 3204776062]);
    read_burst_increment_linear(15, 376, [921010541, 484042553, 265457439]);
    read_burst_increment_linear(15, 388, [3924555475, 1121529733, 3155462264]);
    read_burst_increment_linear(15, 400, [769284443, 613108553, 2683481663]);
    read_burst_increment_linear(15, 412, [353152810, 739599192, 3275700358]);
    read_burst_increment_linear(15, 424, [3340373134, 3459248796, 2100664826]);
    read_burst_increment_linear(15, 436, [2474490918, 966137715, 3515593891]);
    read_burst_increment_linear(15, 448, [2543429679, 3654455987, 2950190687]);
    read_burst_increment_linear(15, 164, [3936758485, 2165787138, 3612753582, 251652381, 3888476879]);
    read_burst_increment_linear(15, 184, [293882147, 84501770, 3849521866, 2654030908, 2036907506]);
    read_burst_increment_linear(15, 204, [1160667530, 549761857, 3964351704, 1008792440, 3297383049]);
    read_burst_increment_linear(15, 224, [1975848427, 1526883766, 1665923526, 1460999086, 3732210364]);
    read_burst_increment_linear(15, 104, [777537884, 3733858493, 2527811629, 2997298789, 2985255523, 91457290, 3225100928, 274997536]);
    read_burst_increment_linear(15, 136, [1433945514, 3469528221, 3407888022, 2307110931, 2260482061, 2846348883, 899669355, 3936758485]);
    read_burst_increment_linear(15, 168, [2165787138, 3612753582, 251652381, 3888476879, 293882147, 84501770, 3849521866, 2654030908]);
    read_burst_increment_linear(15, 200, [2036907506, 1160667530, 549761857, 3964351704, 1008792440, 3297383049, 1975848427, 1526883766]);
    read_burst_increment_linear(15, 160, [899669355, 3936758485, 2165787138]);
    read_burst_increment_linear(15, 172, [3612753582, 251652381, 3888476879]);
    read_burst_increment_linear(15, 184, [293882147, 84501770, 3849521866]);
    read_burst_increment_linear(15, 196, [2654030908, 2036907506, 1160667530]);
    read_burst_increment_linear(15, 112, [2527811629, 2997298789, 2985255523, 91457290]);
    read_burst_increment_linear(15, 128, [3225100928, 274997536, 1433945514, 3469528221]);
    read_burst_increment_linear(15, 144, [3407888022, 2307110931, 2260482061, 2846348883]);
    read_burst_increment_linear(15, 160, [899669355, 3936758485, 2165787138, 3612753582]);
    read_burst_increment_linear(15, 172, [3612753582, 251652381, 3888476879, 293882147, 84501770]);
    read_burst_increment_linear(15, 192, [3849521866, 2654030908, 2036907506, 1160667530, 549761857]);
    read_burst_increment_linear(15, 212, [3964351704, 1008792440, 3297383049, 1975848427, 1526883766]);
    read_burst_increment_linear(15, 232, [1665923526, 1460999086, 3732210364, 353361194, 2245499403]);
    read_burst_increment_linear(15, 252, [3096952433, 1123172741, 670192975, 2647416891, 486945594]);
    read_burst_increment_linear(15, 404, [613108553, 2683481663]);
    read_burst_increment_linear(15, 412, [353152810, 739599192]);
    read_burst_increment_linear(15, 420, [3275700358, 3340373134]);
    read_burst_increment_linear(15, 428, [3459248796, 2100664826]);
    read_burst_increment_linear(15, 436, [2474490918, 966137715]);
    read_burst_increment_linear(15, 444, [3515593891, 2543429679]);
    read_burst_increment_linear(15, 452, [3654455987, 2950190687]);
    read_burst_increment_linear(15, 460, [573115716, 2079915511]);
    read_burst_increment_linear(15, 344, [1260466070, 102596364, 3777810114, 1683484104, 3145882231]);
    read_burst_increment_linear(15, 364, [519236925, 151837458, 3204776062, 921010541, 484042553]);
    read_burst_increment_linear(15, 384, [265457439, 3924555475, 1121529733, 3155462264, 769284443]);
    read_burst_increment_linear(15, 404, [613108553, 2683481663, 353152810, 739599192, 3275700358]);
    read_burst_increment_linear(15, 96, [4093672168, 3804909253, 777537884, 3733858493, 2527811629]);
    read_burst_increment_linear(15, 244, [353361194, 2245499403, 3096952433, 1123172741, 670192975, 2647416891]);
    read_burst_increment_linear(15, 224, [1975848427, 1526883766, 1665923526, 1460999086, 3732210364]);
    read_burst_increment_linear(15, 4, [3230228097, 2223298057, 2985317987]);
    read_burst_increment_linear(15, 16, [112818957, 1189058957, 2999092325]);
    read_burst_increment_linear(15, 28, [2302104082, 15983361, 114806029]);
    read_burst_increment_linear(15, 40, [992211318, 512609597, 1993627629]);
    read_burst_increment_linear(15, 52, [1177417612, 2097015289, 3812041926]);
    read_burst_increment_linear(15, 64, [3807872197, 3574846122, 1924134885]);
    read_burst_increment_linear(15, 76, [3151131255, 2301810194, 1206705039]);
    read_burst_increment_linear(15, 88, [2033215986, 3883308750, 4093672168]);
    read_burst_increment_linear(15, 100, [3804909253, 777537884, 3733858493]);
    read_burst_increment_linear(15, 180, [3888476879, 293882147, 84501770, 3849521866, 2654030908]);
    read_burst_increment_linear(15, 200, [2036907506, 1160667530, 549761857, 3964351704, 1008792440]);
    read_burst_increment_linear(15, 424, [3340373134, 3459248796, 2100664826, 2474490918, 966137715]);
    read_burst_increment_linear(15, 444, [3515593891, 2543429679, 3654455987, 2950190687, 573115716]);
    read_burst_increment_linear(15, 464, [2079915511, 3852154571, 4077460198, 757652314, 349159721]);
    read_burst_increment_linear(15, 484, [4135772909, 3981667546, 2996811365, 3666535093, 4022244575]);
    read_burst_increment_linear(15, 264, [2647416891, 486945594, 3206754942, 178932501, 2027527153, 1822182361, 824379234, 641071948]);
    read_burst_increment_linear(15, 292, [641071948, 1335973279]);
    read_burst_increment_linear(15, 176, [251652381, 3888476879, 293882147, 84501770]);
    read_burst_increment_linear(15, 192, [3849521866, 2654030908, 2036907506, 1160667530]);
    read_burst_increment_linear(15, 208, [549761857, 3964351704, 1008792440, 3297383049]);
    read_burst_increment_linear(15, 224, [1975848427, 1526883766, 1665923526, 1460999086]);
    read_burst_increment_linear(15, 212, [3964351704, 1008792440, 3297383049]);
    read_burst_increment_linear(15, 224, [1975848427, 1526883766, 1665923526]);
    read_burst_increment_linear(15, 236, [1460999086, 3732210364, 353361194]);
    read_burst_increment_linear(15, 248, [2245499403, 3096952433, 1123172741]);
    read_burst_increment_linear(15, 260, [670192975, 2647416891, 486945594]);
    read_burst_increment_linear(15, 272, [3206754942, 178932501, 2027527153]);
    read_burst_increment_linear(15, 348, [102596364, 3777810114, 1683484104, 3145882231, 519236925, 151837458, 3204776062]);
    read_burst_increment_linear(15, 376, [921010541, 484042553, 265457439, 3924555475, 1121529733, 3155462264, 769284443]);
    read_burst_increment_linear(15, 84, [1206705039, 2033215986, 3883308750, 4093672168]);
    read_burst_increment_linear(15, 100, [3804909253, 777537884, 3733858493, 2527811629]);
    read_burst_increment_linear(15, 116, [2997298789, 2985255523, 91457290, 3225100928]);
    read_burst_increment_linear(15, 132, [274997536, 1433945514, 3469528221, 3407888022]);
    read_burst_increment_linear(15, 264, [2647416891, 486945594]);
    read_burst_increment_linear(15, 272, [3206754942, 178932501]);
    read_burst_increment_linear(15, 280, [2027527153, 1822182361]);
    read_burst_increment_linear(15, 288, [824379234, 641071948]);
    read_burst_increment_linear(15, 296, [1335973279, 1203347855]);
    read_burst_increment_linear(15, 304, [2087561720, 3687669943]);
    read_burst_increment_linear(15, 312, [3485750943, 2927465564]);
    read_burst_increment_linear(15, 320, [2915811419, 1155413897]);
    read_burst_increment_linear(15, 328, [2762879561, 3894623952]);
    read_burst_increment_linear(15, 336, [3959341271, 2831678545]);
    read_burst_increment_linear(15, 12, [2985317987, 112818957, 1189058957, 2999092325, 2302104082, 15983361]);
    read_burst_increment_linear(15, 36, [114806029, 992211318, 512609597, 1993627629, 1177417612, 2097015289]);
    read_burst_increment_linear(15, 60, [3812041926, 3807872197, 3574846122, 1924134885, 3151131255, 2301810194]);
    read_burst_increment_linear(15, 84, [1206705039, 2033215986, 3883308750, 4093672168, 3804909253, 777537884]);
    read_burst_increment_linear(15, 380, [484042553, 265457439, 3924555475, 1121529733, 3155462264, 769284443, 613108553, 2683481663]);
    read_burst_increment_linear(15, 412, [353152810, 739599192, 3275700358, 3340373134, 3459248796, 2100664826, 2474490918, 966137715]);
    read_burst_increment_linear(15, 444, [3515593891, 2543429679, 3654455987, 2950190687, 573115716, 2079915511, 3852154571, 4077460198]);
    read_burst_increment_linear(15, 428, [3459248796, 2100664826, 2474490918, 966137715, 3515593891]);
    read_burst_increment_linear(15, 448, [2543429679, 3654455987, 2950190687, 573115716, 2079915511]);
    read_burst_increment_linear(15, 468, [3852154571, 4077460198, 757652314, 349159721, 4135772909]);
    read_burst_increment_linear(15, 488, [3981667546, 2996811365, 3666535093, 4022244575, 1022433657]);
    read_burst_increment_linear(15, 332, [3894623952, 3959341271, 2831678545, 1260466070]);
    read_burst_increment_linear(15, 348, [102596364, 3777810114, 1683484104, 3145882231]);
    read_burst_increment_linear(15, 364, [519236925, 151837458, 3204776062, 921010541]);
    read_burst_increment_linear(15, 380, [484042553, 265457439, 3924555475, 1121529733]);
    read_burst_increment_linear(15, 396, [3155462264, 769284443, 613108553, 2683481663]);
    read_burst_increment_linear(15, 412, [353152810, 739599192, 3275700358, 3340373134]);
    read_burst_increment_linear(15, 228, [1526883766, 1665923526, 1460999086, 3732210364, 353361194, 2245499403]);
    read_burst_increment_linear(15, 252, [3096952433, 1123172741, 670192975, 2647416891, 486945594, 3206754942]);
    read_burst_increment_linear(15, 96, [4093672168, 3804909253, 777537884, 3733858493, 2527811629, 2997298789]);
    read_burst_increment_linear(15, 120, [2985255523, 91457290, 3225100928, 274997536, 1433945514, 3469528221]);
    read_burst_increment_linear(15, 264, [2647416891, 486945594]);
    read_burst_increment_linear(15, 272, [3206754942, 178932501, 2027527153, 1822182361, 824379234]);
    read_burst_increment_linear(15, 292, [641071948, 1335973279, 1203347855, 2087561720, 3687669943]);
    read_burst_increment_linear(15, 312, [3485750943, 2927465564, 2915811419, 1155413897, 2762879561]);
    read_burst_increment_linear(15, 332, [3894623952, 3959341271, 2831678545, 1260466070, 102596364]);
    read_burst_increment_linear(15, 108, [3733858493, 2527811629, 2997298789, 2985255523, 91457290, 3225100928, 274997536]);
    read_burst_increment_linear(15, 136, [1433945514, 3469528221, 3407888022, 2307110931, 2260482061, 2846348883, 899669355]);
    read_burst_increment_linear(15, 164, [3936758485, 2165787138, 3612753582, 251652381, 3888476879, 293882147, 84501770]);
    read_burst_increment_linear(15, 208, [549761857, 3964351704, 1008792440, 3297383049, 1975848427]);
    read_burst_increment_linear(15, 228, [1526883766, 1665923526, 1460999086, 3732210364, 353361194]);
    read_burst_increment_linear(15, 248, [2245499403, 3096952433, 1123172741, 670192975, 2647416891]);
    read_burst_increment_linear(15, 272, [3206754942, 178932501, 2027527153, 1822182361, 824379234]);
    read_burst_increment_linear(15, 292, [641071948, 1335973279, 1203347855, 2087561720, 3687669943]);
    read_burst_increment_linear(15, 368, [151837458, 3204776062, 921010541]);
    read_burst_increment_linear(15, 380, [484042553, 265457439, 3924555475]);
    read_burst_increment_linear(15, 392, [1121529733, 3155462264, 769284443]);
    read_burst_increment_linear(15, 404, [613108553, 2683481663, 353152810]);
    read_burst_increment_linear(15, 416, [739599192, 3275700358, 3340373134]);
    read_burst_increment_linear(15, 428, [3459248796, 2100664826, 2474490918]);
    read_burst_increment_linear(15, 396, [3155462264, 769284443, 613108553, 2683481663, 353152810, 739599192]);
    read_burst_increment_linear(15, 420, [3275700358, 3340373134, 3459248796, 2100664826, 2474490918, 966137715]);
    read_burst_increment_linear(15, 444, [3515593891, 2543429679, 3654455987, 2950190687, 573115716, 2079915511]);
    read_burst_increment_linear(15, 420, [3275700358, 3340373134, 3459248796, 2100664826]);
    read_burst_increment_linear(15, 436, [2474490918, 966137715, 3515593891, 2543429679]);
    read_burst_increment_linear(15, 452, [3654455987, 2950190687, 573115716, 2079915511]);
    read_burst_increment_linear(15, 464, [2079915511, 3852154571, 4077460198, 757652314]);
    read_burst_increment_linear(15, 356, [1683484104, 3145882231]);
    read_burst_increment_linear(15, 364, [519236925, 151837458]);
    read_burst_increment_linear(15, 372, [3204776062, 921010541]);
    read_burst_increment_linear(15, 380, [484042553, 265457439]);
    read_burst_increment_linear(15, 388, [3924555475, 1121529733]);
    read_burst_increment_linear(15, 396, [3155462264, 769284443]);
    read_burst_increment_linear(15, 404, [613108553, 2683481663]);
    read_burst_increment_linear(15, 412, [353152810, 739599192]);
    read_burst_increment_linear(15, 420, [3275700358, 3340373134]);
    read_burst_increment_linear(15, 428, [3459248796, 2100664826]);
    read_burst_increment_linear(15, 436, [2474490918, 966137715]);
    read_burst_increment_linear(15, 444, [3515593891, 2543429679]);
    read_burst_increment_linear(15, 108, [3733858493, 2527811629]);
    read_burst_increment_linear(15, 116, [2997298789, 2985255523]);
    read_burst_increment_linear(15, 124, [91457290, 3225100928]);
    read_burst_increment_linear(15, 132, [274997536, 1433945514]);
    read_burst_increment_linear(15, 140, [3469528221, 3407888022]);
    read_burst_increment_linear(15, 148, [2307110931, 2260482061]);
    read_burst_increment_linear(15, 156, [2846348883, 899669355]);
    read_burst_increment_linear(15, 164, [3936758485, 2165787138]);
    read_burst_increment_linear(15, 172, [3612753582, 251652381]);
    read_burst_increment_linear(15, 180, [3888476879, 293882147]);
    read_burst_increment_linear(15, 156, [2846348883, 899669355, 3936758485]);
    read_burst_increment_linear(15, 168, [2165787138, 3612753582, 251652381]);
    read_burst_increment_linear(15, 412, [353152810, 739599192, 3275700358, 3340373134, 3459248796, 2100664826, 2474490918]);
    read_burst_increment_linear(15, 440, [966137715, 3515593891, 2543429679, 3654455987, 2950190687, 573115716, 2079915511]);
    read_burst_increment_linear(15, 468, [3852154571, 4077460198, 757652314, 349159721, 4135772909, 3981667546, 2996811365]);
    read_burst_increment_linear(15, 88, [2033215986, 3883308750, 4093672168, 3804909253, 777537884]);
    read_burst_increment_linear(15, 44, [512609597, 1993627629, 1177417612, 2097015289]);
    read_burst_increment_linear(15, 60, [3812041926, 3807872197, 3574846122, 1924134885]);
    read_burst_increment_linear(15, 76, [3151131255, 2301810194, 1206705039, 2033215986]);
    read_burst_increment_linear(15, 92, [3883308750, 4093672168, 3804909253, 777537884]);
    read_burst_increment_linear(15, 108, [3733858493, 2527811629, 2997298789, 2985255523]);
    read_burst_increment_linear(15, 124, [91457290, 3225100928, 274997536, 1433945514]);
    read_burst_increment_linear(15, 296, [1335973279, 1203347855, 2087561720, 3687669943, 3485750943, 2927465564, 2915811419, 1155413897]);
    read_burst_increment_linear(15, 328, [2762879561, 3894623952, 3959341271, 2831678545, 1260466070, 102596364, 3777810114, 1683484104]);
    read_burst_increment_linear(15, 244, [353361194, 2245499403, 3096952433, 1123172741, 670192975, 2647416891, 486945594]);
    read_burst_increment_linear(15, 272, [3206754942, 178932501, 2027527153, 1822182361, 824379234, 641071948, 1335973279]);
    read_burst_increment_linear(15, 300, [1203347855, 2087561720, 3687669943, 3485750943, 2927465564, 2915811419, 1155413897]);
    read_burst_increment_linear(15, 328, [2762879561, 3894623952, 3959341271, 2831678545, 1260466070, 102596364, 3777810114]);
    read_burst_increment_linear(15, 300, [1203347855, 2087561720, 3687669943, 3485750943, 2927465564, 2915811419, 1155413897]);
    read_burst_increment_linear(15, 328, [2762879561, 3894623952, 3959341271, 2831678545, 1260466070, 102596364, 3777810114]);
    read_burst_increment_linear(15, 216, [1008792440, 3297383049]);
    read_burst_increment_linear(15, 72, [1924134885, 3151131255]);
    read_burst_increment_linear(15, 80, [2301810194, 1206705039]);
    read_burst_increment_linear(15, 88, [2033215986, 3883308750]);
    read_burst_increment_linear(15, 96, [4093672168, 3804909253]);
    read_burst_increment_linear(15, 104, [777537884, 3733858493]);
    read_burst_increment_linear(15, 112, [2527811629, 2997298789]);
    read_burst_increment_linear(15, 120, [2985255523, 91457290]);
    read_burst_increment_linear(15, 128, [3225100928, 274997536]);
    read_burst_increment_linear(15, 136, [1433945514, 3469528221]);
    read_burst_increment_linear(15, 144, [3407888022, 2307110931]);
    read_burst_increment_linear(15, 152, [2260482061, 2846348883]);
    read_burst_increment_linear(15, 160, [899669355, 3936758485]);
    read_burst_increment_linear(15, 8, [2223298057, 2985317987, 112818957, 1189058957, 2999092325, 2302104082]);
    read_burst_increment_linear(15, 32, [15983361, 114806029, 992211318, 512609597, 1993627629, 1177417612]);
    read_burst_increment_linear(15, 56, [2097015289, 3812041926, 3807872197, 3574846122, 1924134885, 3151131255]);
    read_burst_increment_linear(15, 264, [2647416891, 486945594, 3206754942, 178932501, 2027527153]);
    read_burst_increment_linear(15, 284, [1822182361, 824379234, 641071948, 1335973279, 1203347855]);
    read_burst_increment_linear(15, 304, [2087561720, 3687669943, 3485750943, 2927465564, 2915811419]);
    read_burst_increment_linear(15, 384, [265457439, 3924555475, 1121529733, 3155462264, 769284443, 613108553, 2683481663, 353152810]);
    read_burst_increment_linear(15, 416, [739599192, 3275700358, 3340373134, 3459248796, 2100664826, 2474490918, 966137715, 3515593891]);
    read_burst_increment_linear(15, 448, [2543429679, 3654455987, 2950190687, 573115716, 2079915511, 3852154571, 4077460198, 757652314]);
    read_burst_increment_linear(15, 316, [2927465564, 2915811419, 1155413897, 2762879561, 3894623952, 3959341271, 2831678545, 1260466070]);
    read_burst_increment_linear(15, 348, [102596364, 3777810114, 1683484104, 3145882231, 519236925, 151837458, 3204776062, 921010541]);
    read_burst_increment_linear(15, 380, [484042553, 265457439, 3924555475, 1121529733, 3155462264, 769284443, 613108553, 2683481663]);
    read_burst_increment_linear(15, 412, [353152810, 739599192, 3275700358, 3340373134, 3459248796, 2100664826, 2474490918, 966137715]);
    read_burst_increment_linear(15, 12, [2985317987, 112818957, 1189058957, 2999092325, 2302104082, 15983361, 114806029]);
    read_burst_increment_linear(15, 40, [992211318, 512609597, 1993627629, 1177417612, 2097015289, 3812041926, 3807872197]);
    read_burst_increment_linear(15, 68, [3574846122, 1924134885, 3151131255, 2301810194, 1206705039, 2033215986, 3883308750]);
    read_burst_increment_linear(15, 96, [4093672168, 3804909253, 777537884, 3733858493, 2527811629, 2997298789, 2985255523]);
    read_burst_increment_linear(15, 100, [3804909253, 777537884, 3733858493]);
    read_burst_increment_linear(15, 112, [2527811629, 2997298789, 2985255523]);
    read_burst_increment_linear(15, 124, [91457290, 3225100928, 274997536]);
    read_burst_increment_linear(15, 136, [1433945514, 3469528221, 3407888022]);
    read_burst_increment_linear(15, 148, [2307110931, 2260482061, 2846348883]);
    read_burst_increment_linear(15, 160, [899669355, 3936758485, 2165787138]);
    read_burst_increment_linear(15, 172, [3612753582, 251652381, 3888476879]);
    read_burst_increment_linear(15, 184, [293882147, 84501770, 3849521866]);
    read_burst_increment_linear(15, 196, [2654030908, 2036907506, 1160667530]);
    read_burst_increment_linear(15, 96, [4093672168, 3804909253, 777537884, 3733858493, 2527811629, 2997298789, 2985255523, 91457290]);
    read_burst_increment_linear(15, 128, [3225100928, 274997536, 1433945514, 3469528221, 3407888022, 2307110931, 2260482061, 2846348883]);
    read_burst_increment_linear(15, 160, [899669355, 3936758485, 2165787138, 3612753582, 251652381, 3888476879, 293882147, 84501770]);
    read_burst_increment_linear(15, 224, [1975848427, 1526883766, 1665923526, 1460999086, 3732210364, 353361194]);
    read_burst_increment_linear(15, 248, [2245499403, 3096952433, 1123172741, 670192975, 2647416891, 486945594]);
    read_burst_increment_linear(15, 64, [3807872197, 3574846122, 1924134885, 3151131255, 2301810194, 1206705039, 2033215986, 3883308750]);
    read_burst_increment_linear(15, 96, [4093672168, 3804909253, 777537884, 3733858493, 2527811629, 2997298789, 2985255523, 91457290]);
    read_burst_increment_linear(15, 128, [3225100928, 274997536, 1433945514, 3469528221, 3407888022, 2307110931, 2260482061, 2846348883]);
    read_burst_increment_linear(15, 172, [3612753582, 251652381, 3888476879, 293882147, 84501770, 3849521866]);
    read_burst_increment_linear(15, 196, [2654030908, 2036907506, 1160667530, 549761857, 3964351704, 1008792440]);
    read_burst_increment_linear(15, 100, [3804909253, 777537884, 3733858493, 2527811629]);
    read_burst_increment_linear(15, 116, [2997298789, 2985255523, 91457290, 3225100928]);
    read_burst_increment_linear(15, 132, [274997536, 1433945514, 3469528221, 3407888022]);
    read_burst_increment_linear(15, 148, [2307110931, 2260482061, 2846348883, 899669355]);
    read_burst_increment_linear(15, 164, [3936758485, 2165787138, 3612753582, 251652381]);
    read_burst_increment_linear(15, 376, [921010541, 484042553, 265457439, 3924555475, 1121529733, 3155462264, 769284443]);
    read_burst_increment_linear(15, 404, [613108553, 2683481663, 353152810, 739599192, 3275700358, 3340373134, 3459248796]);
    read_burst_increment_linear(15, 432, [2100664826, 2474490918, 966137715, 3515593891, 2543429679, 3654455987, 2950190687]);
    read_burst_increment_linear(15, 144, [3407888022, 2307110931, 2260482061, 2846348883, 899669355, 3936758485, 2165787138]);
    read_burst_increment_linear(15, 172, [3612753582, 251652381, 3888476879, 293882147, 84501770, 3849521866, 2654030908]);
    read_burst_increment_linear(15, 200, [2036907506, 1160667530, 549761857, 3964351704, 1008792440, 3297383049, 1975848427]);
    read_burst_increment_linear(15, 228, [1526883766, 1665923526, 1460999086, 3732210364, 353361194, 2245499403, 3096952433]);
    read_burst_increment_linear(15, 416, [739599192, 3275700358, 3340373134, 3459248796, 2100664826]);
    read_burst_increment_linear(15, 436, [2474490918, 966137715, 3515593891, 2543429679, 3654455987]);
    read_burst_increment_linear(15, 340, [2831678545, 1260466070, 102596364, 3777810114]);
    read_burst_increment_linear(15, 356, [1683484104, 3145882231, 519236925, 151837458]);
    read_burst_increment_linear(15, 372, [3204776062, 921010541, 484042553, 265457439]);
    read_burst_increment_linear(15, 388, [3924555475, 1121529733, 3155462264, 769284443]);
    read_burst_increment_linear(15, 404, [613108553, 2683481663, 353152810, 739599192]);
    read_burst_increment_linear(15, 420, [3275700358, 3340373134, 3459248796, 2100664826]);
    read_burst_increment_linear(15, 172, [3612753582, 251652381, 3888476879, 293882147, 84501770, 3849521866]);
    read_burst_increment_linear(15, 196, [2654030908, 2036907506, 1160667530, 549761857, 3964351704, 1008792440]);
    read_burst_increment_linear(15, 312, [3485750943, 2927465564, 2915811419]);
    read_burst_increment_linear(15, 324, [1155413897, 2762879561, 3894623952]);
    read_burst_increment_linear(15, 336, [3959341271, 2831678545, 1260466070]);
    read_burst_increment_linear(15, 348, [102596364, 3777810114, 1683484104]);
    read_burst_increment_linear(15, 68, [3574846122, 1924134885, 3151131255]);
    read_burst_increment_linear(15, 80, [2301810194, 1206705039, 2033215986]);
    read_burst_increment_linear(15, 92, [3883308750, 4093672168, 3804909253]);
    read_burst_increment_linear(15, 104, [777537884, 3733858493, 2527811629]);
    read_burst_increment_linear(15, 116, [2997298789, 2985255523, 91457290]);
    read_burst_increment_linear(15, 128, [3225100928, 274997536, 1433945514]);
    read_burst_increment_linear(15, 140, [3469528221, 3407888022, 2307110931]);
    read_burst_increment_linear(15, 224, [1975848427, 1526883766, 1665923526]);
    read_burst_increment_linear(15, 236, [1460999086, 3732210364, 353361194]);
    read_burst_increment_linear(15, 248, [2245499403, 3096952433, 1123172741]);
    read_burst_increment_linear(15, 260, [670192975, 2647416891, 486945594]);
    read_burst_increment_linear(15, 272, [3206754942, 178932501, 2027527153]);
    read_burst_increment_linear(15, 284, [1822182361, 824379234, 641071948]);
    read_burst_increment_linear(15, 296, [1335973279, 1203347855, 2087561720]);
    read_burst_increment_linear(15, 308, [3687669943, 3485750943, 2927465564]);
    read_burst_increment_linear(15, 320, [2915811419, 1155413897, 2762879561]);
    read_burst_increment_linear(15, 332, [3894623952, 3959341271, 2831678545]);
    read_burst_increment_linear(15, 420, [3275700358, 3340373134, 3459248796, 2100664826, 2474490918, 966137715, 3515593891]);
    read_burst_increment_linear(15, 228, [1526883766, 1665923526, 1460999086, 3732210364, 353361194, 2245499403, 3096952433]);
    read_burst_increment_linear(15, 228, [1526883766, 1665923526, 1460999086, 3732210364, 353361194, 2245499403, 3096952433, 1123172741]);
    read_burst_increment_linear(15, 260, [670192975, 2647416891, 486945594, 3206754942, 178932501, 2027527153, 1822182361, 824379234]);
    read_burst_increment_linear(15, 128, [3225100928, 274997536]);
    read_burst_increment_linear(15, 136, [1433945514, 3469528221]);
    read_burst_increment_linear(15, 144, [3407888022, 2307110931]);
    read_burst_increment_linear(15, 152, [2260482061, 2846348883]);
    read_burst_increment_linear(15, 160, [899669355, 3936758485]);
    read_burst_increment_linear(15, 168, [2165787138, 3612753582]);
    read_burst_increment_linear(15, 176, [251652381, 3888476879]);
    read_burst_increment_linear(15, 184, [293882147, 84501770]);
    read_burst_increment_linear(15, 192, [3849521866, 2654030908]);
    read_burst_increment_linear(15, 200, [2036907506, 1160667530]);
    read_burst_increment_linear(15, 208, [549761857, 3964351704]);
    read_burst_increment_linear(15, 216, [1008792440, 3297383049]);
    read_burst_increment_linear(15, 224, [1975848427, 1526883766]);
    read_burst_increment_linear(15, 232, [1665923526, 1460999086]);
    read_burst_increment_linear(15, 240, [3732210364, 353361194]);
    read_burst_increment_linear(15, 248, [2245499403, 3096952433]);
    read_burst_increment_linear(15, 164, [3936758485, 2165787138, 3612753582, 251652381]);
    read_burst_increment_linear(15, 180, [3888476879, 293882147, 84501770, 3849521866]);
    read_burst_increment_linear(15, 196, [2654030908, 2036907506, 1160667530, 549761857]);
    read_burst_increment_linear(15, 212, [3964351704, 1008792440, 3297383049, 1975848427]);
    read_burst_increment_linear(15, 228, [1526883766, 1665923526, 1460999086, 3732210364]);
    read_burst_increment_linear(15, 132, [274997536, 1433945514, 3469528221, 3407888022, 2307110931, 2260482061, 2846348883]);
    read_burst_increment_linear(15, 160, [899669355, 3936758485, 2165787138, 3612753582, 251652381, 3888476879, 293882147]);
    read_burst_increment_linear(15, 188, [84501770, 3849521866, 2654030908, 2036907506, 1160667530, 549761857, 3964351704]);
    read_burst_increment_linear(15, 356, [1683484104, 3145882231, 519236925, 151837458, 3204776062]);
    read_burst_increment_linear(15, 376, [921010541, 484042553, 265457439, 3924555475, 1121529733]);
    read_burst_increment_linear(15, 396, [3155462264, 769284443, 613108553, 2683481663, 353152810]);
    read_burst_increment_linear(15, 416, [739599192, 3275700358, 3340373134, 3459248796, 2100664826]);
    read_burst_increment_linear(15, 436, [2474490918, 966137715, 3515593891, 2543429679, 3654455987]);
    read_burst_increment_linear(15, 196, [2654030908, 2036907506, 1160667530, 549761857, 3964351704, 1008792440, 3297383049, 1975848427]);
    read_burst_increment_linear(15, 228, [1526883766, 1665923526, 1460999086, 3732210364, 353361194, 2245499403, 3096952433, 1123172741]);
    read_burst_increment_linear(15, 212, [3964351704, 1008792440, 3297383049, 1975848427]);
    read_burst_increment_linear(15, 228, [1526883766, 1665923526, 1460999086, 3732210364]);
    read_burst_increment_linear(15, 244, [353361194, 2245499403, 3096952433, 1123172741]);
    read_burst_increment_linear(15, 260, [670192975, 2647416891, 486945594, 3206754942]);
    read_burst_increment_linear(15, 276, [178932501, 2027527153, 1822182361, 824379234]);
    read_burst_increment_linear(15, 292, [641071948, 1335973279, 1203347855, 2087561720]);
    read_burst_increment_linear(15, 308, [3687669943, 3485750943, 2927465564, 2915811419]);
    read_burst_increment_linear(15, 320, [2915811419, 1155413897, 2762879561, 3894623952, 3959341271, 2831678545, 1260466070, 102596364]);
    read_burst_increment_linear(15, 352, [3777810114, 1683484104, 3145882231, 519236925, 151837458, 3204776062, 921010541, 484042553]);
    read_burst_increment_linear(15, 384, [265457439, 3924555475, 1121529733, 3155462264, 769284443, 613108553, 2683481663, 353152810]);
    read_burst_increment_linear(15, 416, [739599192, 3275700358, 3340373134, 3459248796, 2100664826, 2474490918, 966137715, 3515593891]);
    read_burst_increment_linear(15, 372, [3204776062, 921010541, 484042553, 265457439, 3924555475, 1121529733, 3155462264]);
    read_burst_increment_linear(15, 244, [353361194, 2245499403]);
    read_burst_increment_linear(15, 252, [3096952433, 1123172741]);
    read_burst_increment_linear(15, 260, [670192975, 2647416891]);
    read_burst_increment_linear(15, 268, [486945594, 3206754942]);
    read_burst_increment_linear(15, 276, [178932501, 2027527153]);
    read_burst_increment_linear(15, 284, [1822182361, 824379234]);
    read_burst_increment_linear(15, 292, [641071948, 1335973279]);
    read_burst_increment_linear(15, 300, [1203347855, 2087561720]);
    read_burst_increment_linear(15, 308, [3687669943, 3485750943]);
    read_burst_increment_linear(15, 316, [2927465564, 2915811419]);
    read_burst_increment_linear(15, 324, [1155413897, 2762879561]);
    read_burst_increment_linear(15, 332, [3894623952, 3959341271]);
    read_burst_increment_linear(15, 340, [2831678545, 1260466070]);
    read_burst_increment_linear(15, 348, [102596364, 3777810114]);
    read_burst_increment_linear(15, 288, [824379234, 641071948, 1335973279, 1203347855, 2087561720, 3687669943]);
    read_burst_increment_linear(15, 180, [3888476879, 293882147, 84501770, 3849521866, 2654030908, 2036907506]);
    read_burst_increment_linear(15, 180, [3888476879, 293882147, 84501770, 3849521866, 2654030908]);
    read_burst_increment_linear(15, 200, [2036907506, 1160667530, 549761857, 3964351704, 1008792440]);
    read_burst_increment_linear(15, 100, [3804909253, 777537884, 3733858493, 2527811629, 2997298789]);
    read_burst_increment_linear(15, 452, [3654455987, 2950190687, 573115716, 2079915511, 3852154571]);
    read_burst_increment_linear(15, 472, [4077460198, 757652314, 349159721, 4135772909, 3981667546]);
    read_burst_increment_linear(15, 492, [2996811365, 3666535093, 4022244575, 1022433657, 573701956]);
    read_burst_increment_linear(15, 64, [3807872197, 3574846122, 1924134885, 3151131255]);
    read_burst_increment_linear(15, 80, [2301810194, 1206705039, 2033215986, 3883308750]);
    read_burst_increment_linear(15, 96, [4093672168, 3804909253, 777537884, 3733858493]);
    read_burst_increment_linear(15, 112, [2527811629, 2997298789, 2985255523, 91457290]);
    read_burst_increment_linear(15, 364, [519236925, 151837458]);
    read_burst_increment_linear(15, 372, [3204776062, 921010541]);
    read_burst_increment_linear(15, 380, [484042553, 265457439]);
    read_burst_increment_linear(15, 388, [3924555475, 1121529733]);
    read_burst_increment_linear(15, 396, [3155462264, 769284443]);
    read_burst_increment_linear(15, 404, [613108553, 2683481663]);
    read_burst_increment_linear(15, 412, [353152810, 739599192]);
    read_burst_increment_linear(15, 420, [3275700358, 3340373134]);
    read_burst_increment_linear(15, 428, [3459248796, 2100664826]);
    read_burst_increment_linear(15, 436, [2474490918, 966137715]);
    read_burst_increment_linear(15, 208, [549761857, 3964351704, 1008792440, 3297383049, 1975848427]);
    read_burst_increment_linear(15, 32, [15983361, 114806029]);
    read_burst_increment_linear(15, 40, [992211318, 512609597]);
    read_burst_increment_linear(15, 48, [1993627629, 1177417612]);
    read_burst_increment_linear(15, 56, [2097015289, 3812041926]);
    read_burst_increment_linear(15, 64, [3807872197, 3574846122]);
    read_burst_increment_linear(15, 72, [1924134885, 3151131255]);
    read_burst_increment_linear(15, 80, [2301810194, 1206705039]);
    read_burst_increment_linear(15, 88, [2033215986, 3883308750]);
    read_burst_increment_linear(15, 96, [4093672168, 3804909253]);
    read_burst_increment_linear(15, 104, [777537884, 3733858493]);
    read_burst_increment_linear(15, 112, [2527811629, 2997298789]);
    read_burst_increment_linear(15, 120, [2985255523, 91457290]);
    read_burst_increment_linear(15, 128, [3225100928, 274997536]);
    read_burst_increment_linear(15, 136, [1433945514, 3469528221]);
    read_burst_increment_linear(15, 144, [3407888022, 2307110931]);
    read_burst_increment_linear(15, 152, [2260482061, 2846348883]);
    read_burst_increment_linear(15, 196, [2654030908, 2036907506, 1160667530, 549761857, 3964351704, 1008792440, 3297383049]);
    read_burst_increment_linear(15, 224, [1975848427, 1526883766, 1665923526, 1460999086, 3732210364, 353361194, 2245499403]);
    read_burst_increment_linear(15, 252, [3096952433, 1123172741, 670192975, 2647416891, 486945594, 3206754942, 178932501]);
    read_burst_increment_linear(15, 92, [3883308750, 4093672168, 3804909253, 777537884, 3733858493]);
    read_burst_increment_linear(15, 112, [2527811629, 2997298789, 2985255523, 91457290, 3225100928]);
    read_burst_increment_linear(15, 132, [274997536, 1433945514, 3469528221, 3407888022, 2307110931]);
    read_burst_increment_linear(15, 152, [2260482061, 2846348883, 899669355, 3936758485, 2165787138]);
    read_burst_increment_linear(15, 264, [2647416891, 486945594, 3206754942]);
    read_burst_increment_linear(15, 276, [178932501, 2027527153, 1822182361]);
    read_burst_increment_linear(15, 288, [824379234, 641071948, 1335973279]);
    read_burst_increment_linear(15, 300, [1203347855, 2087561720, 3687669943]);
    read_burst_increment_linear(15, 312, [3485750943, 2927465564, 2915811419]);
    read_burst_increment_linear(15, 324, [1155413897, 2762879561, 3894623952]);
    read_burst_increment_linear(15, 336, [3959341271, 2831678545, 1260466070]);
    read_burst_increment_linear(15, 348, [102596364, 3777810114, 1683484104]);
    read_burst_increment_linear(15, 268, [486945594, 3206754942, 178932501]);
    read_burst_increment_linear(15, 280, [2027527153, 1822182361, 824379234]);
    read_burst_increment_linear(15, 292, [641071948, 1335973279, 1203347855]);
    read_burst_increment_linear(15, 304, [2087561720, 3687669943, 3485750943]);
    read_burst_increment_linear(15, 316, [2927465564, 2915811419, 1155413897]);
    read_burst_increment_linear(15, 328, [2762879561, 3894623952, 3959341271]);
    read_burst_increment_linear(15, 412, [353152810, 739599192, 3275700358]);
    read_burst_increment_linear(15, 424, [3340373134, 3459248796, 2100664826]);
    read_burst_increment_linear(15, 436, [2474490918, 966137715, 3515593891]);
    read_burst_increment_linear(15, 448, [2543429679, 3654455987, 2950190687]);
    read_burst_increment_linear(15, 460, [573115716, 2079915511, 3852154571]);
    read_burst_increment_linear(15, 356, [1683484104, 3145882231, 519236925]);
    read_burst_increment_linear(15, 368, [151837458, 3204776062, 921010541]);
    read_burst_increment_linear(15, 380, [484042553, 265457439, 3924555475]);
    read_burst_increment_linear(15, 392, [1121529733, 3155462264, 769284443]);
    read_burst_increment_linear(15, 404, [613108553, 2683481663, 353152810]);
    read_burst_increment_linear(15, 416, [739599192, 3275700358, 3340373134]);
    read_burst_increment_linear(15, 428, [3459248796, 2100664826, 2474490918]);
    read_burst_increment_linear(15, 440, [966137715, 3515593891, 2543429679]);
    read_burst_increment_linear(15, 452, [3654455987, 2950190687, 573115716]);
    read_burst_increment_linear(15, 464, [2079915511, 3852154571, 4077460198]);
    read_burst_increment_linear(15, 436, [2474490918, 966137715, 3515593891, 2543429679, 3654455987]);
    read_burst_increment_linear(15, 456, [2950190687, 573115716, 2079915511, 3852154571, 4077460198]);
    read_burst_increment_linear(15, 476, [757652314, 349159721, 4135772909, 3981667546, 2996811365]);
    read_burst_increment_linear(15, 208, [549761857, 3964351704, 1008792440, 3297383049, 1975848427]);
    read_burst_increment_linear(15, 228, [1526883766, 1665923526, 1460999086, 3732210364, 353361194]);
    read_burst_increment_linear(15, 248, [2245499403, 3096952433, 1123172741, 670192975, 2647416891]);
    read_burst_increment_linear(15, 284, [1822182361, 824379234, 641071948, 1335973279, 1203347855, 2087561720, 3687669943, 3485750943]);
    read_burst_increment_linear(15, 316, [2927465564, 2915811419, 1155413897, 2762879561, 3894623952, 3959341271, 2831678545, 1260466070]);
    read_burst_increment_linear(15, 348, [102596364, 3777810114, 1683484104, 3145882231, 519236925, 151837458, 3204776062, 921010541]);
    read_burst_increment_linear(15, 124, [91457290, 3225100928, 274997536, 1433945514, 3469528221, 3407888022, 2307110931, 2260482061]);
    read_burst_increment_linear(15, 156, [2846348883, 899669355, 3936758485, 2165787138, 3612753582, 251652381, 3888476879, 293882147]);
    read_burst_increment_linear(15, 348, [102596364, 3777810114, 1683484104, 3145882231, 519236925, 151837458, 3204776062, 921010541]);
    read_burst_increment_linear(15, 380, [484042553, 265457439, 3924555475, 1121529733, 3155462264, 769284443, 613108553, 2683481663]);
    read_burst_increment_linear(15, 412, [353152810, 739599192, 3275700358, 3340373134, 3459248796, 2100664826, 2474490918, 966137715]);
    read_burst_increment_linear(15, 212, [3964351704, 1008792440, 3297383049, 1975848427, 1526883766, 1665923526]);
    read_burst_increment_linear(15, 236, [1460999086, 3732210364, 353361194, 2245499403, 3096952433, 1123172741]);
    read_burst_increment_linear(15, 260, [670192975, 2647416891, 486945594, 3206754942, 178932501, 2027527153]);
    read_burst_increment_linear(15, 284, [1822182361, 824379234, 641071948, 1335973279, 1203347855, 2087561720]);
    read_burst_increment_linear(15, 308, [3687669943, 3485750943, 2927465564, 2915811419, 1155413897, 2762879561]);
    read_burst_increment_linear(15, 176, [251652381, 3888476879, 293882147, 84501770, 3849521866]);
    read_burst_increment_linear(15, 196, [2654030908, 2036907506, 1160667530, 549761857, 3964351704]);
    read_burst_increment_linear(15, 216, [1008792440, 3297383049, 1975848427, 1526883766, 1665923526]);
    read_burst_increment_linear(15, 236, [1460999086, 3732210364, 353361194, 2245499403, 3096952433]);
    read_burst_increment_linear(15, 256, [1123172741, 670192975, 2647416891, 486945594, 3206754942]);
    read_burst_increment_linear(15, 276, [178932501, 2027527153, 1822182361, 824379234, 641071948]);
    read_burst_increment_linear(15, 8, [2223298057, 2985317987, 112818957]);
    read_burst_increment_linear(15, 20, [1189058957, 2999092325, 2302104082]);
    read_burst_increment_linear(15, 32, [15983361, 114806029, 992211318]);
    read_burst_increment_linear(15, 44, [512609597, 1993627629, 1177417612]);
    read_burst_increment_linear(15, 56, [2097015289, 3812041926, 3807872197]);
    read_burst_increment_linear(15, 68, [3574846122, 1924134885, 3151131255]);
    read_burst_increment_linear(15, 80, [2301810194, 1206705039, 2033215986]);
    read_burst_increment_linear(15, 92, [3883308750, 4093672168, 3804909253]);
    read_burst_increment_linear(15, 4, [3230228097, 2223298057]);
    read_burst_increment_linear(15, 12, [2985317987, 112818957]);
    read_burst_increment_linear(15, 20, [1189058957, 2999092325]);
    read_burst_increment_linear(15, 28, [2302104082, 15983361]);
    read_burst_increment_linear(15, 36, [114806029, 992211318]);
    read_burst_increment_linear(15, 44, [512609597, 1993627629]);
    read_burst_increment_linear(15, 52, [1177417612, 2097015289]);
    read_burst_increment_linear(15, 60, [3812041926, 3807872197]);
    read_burst_increment_linear(15, 68, [3574846122, 1924134885]);
    read_burst_increment_linear(15, 76, [3151131255, 2301810194]);
    read_burst_increment_linear(15, 84, [1206705039, 2033215986]);
    read_burst_increment_linear(15, 92, [3883308750, 4093672168]);
    read_burst_increment_linear(15, 100, [3804909253, 777537884]);
    read_burst_increment_linear(15, 324, [1155413897, 2762879561, 3894623952, 3959341271, 2831678545, 1260466070]);
    read_burst_increment_linear(15, 348, [102596364, 3777810114, 1683484104, 3145882231, 519236925, 151837458]);
    read_burst_increment_linear(15, 116, [2997298789, 2985255523, 91457290]);
    read_burst_increment_linear(15, 128, [3225100928, 274997536, 1433945514]);
    read_burst_increment_linear(15, 140, [3469528221, 3407888022, 2307110931]);
    read_burst_increment_linear(15, 152, [2260482061, 2846348883, 899669355]);
    read_burst_increment_linear(15, 164, [3936758485, 2165787138, 3612753582]);
    read_burst_increment_linear(15, 176, [251652381, 3888476879, 293882147]);
    read_burst_increment_linear(15, 188, [84501770, 3849521866, 2654030908]);
    read_burst_increment_linear(15, 200, [2036907506, 1160667530, 549761857]);
    read_burst_increment_linear(15, 104, [777537884, 3733858493, 2527811629, 2997298789, 2985255523, 91457290, 3225100928]);
    read_burst_increment_linear(15, 132, [274997536, 1433945514, 3469528221, 3407888022, 2307110931, 2260482061, 2846348883]);
    read_burst_increment_linear(15, 160, [899669355, 3936758485, 2165787138, 3612753582, 251652381, 3888476879, 293882147]);
    read_burst_increment_linear(15, 184, [293882147, 84501770, 3849521866]);
    read_burst_increment_linear(15, 196, [2654030908, 2036907506, 1160667530]);
    read_burst_increment_linear(15, 208, [549761857, 3964351704, 1008792440]);
    read_burst_increment_linear(15, 220, [3297383049, 1975848427, 1526883766]);
    read_burst_increment_linear(15, 136, [1433945514, 3469528221, 3407888022, 2307110931, 2260482061, 2846348883, 899669355]);
    read_burst_increment_linear(15, 164, [3936758485, 2165787138, 3612753582, 251652381, 3888476879, 293882147, 84501770]);
    read_burst_increment_linear(15, 192, [3849521866, 2654030908, 2036907506, 1160667530, 549761857, 3964351704, 1008792440]);
    read_burst_increment_linear(15, 220, [3297383049, 1975848427, 1526883766, 1665923526, 1460999086, 3732210364, 353361194]);
    read_burst_increment_linear(15, 300, [1203347855, 2087561720, 3687669943, 3485750943, 2927465564, 2915811419, 1155413897, 2762879561]);
    read_burst_increment_linear(15, 332, [3894623952, 3959341271, 2831678545, 1260466070, 102596364, 3777810114, 1683484104, 3145882231]);
    read_burst_increment_linear(15, 364, [519236925, 151837458, 3204776062, 921010541, 484042553, 265457439, 3924555475, 1121529733]);
    read_burst_increment_linear(15, 248, [2245499403, 3096952433, 1123172741, 670192975, 2647416891, 486945594, 3206754942]);
    read_burst_increment_linear(15, 232, [1665923526, 1460999086, 3732210364]);
    read_burst_increment_linear(15, 244, [353361194, 2245499403, 3096952433]);
    read_burst_increment_linear(15, 256, [1123172741, 670192975, 2647416891]);
    read_burst_increment_linear(15, 268, [486945594, 3206754942, 178932501]);
    read_burst_increment_linear(15, 280, [2027527153, 1822182361, 824379234]);
    read_burst_increment_linear(15, 404, [613108553, 2683481663, 353152810, 739599192]);
    read_burst_increment_linear(15, 420, [3275700358, 3340373134, 3459248796, 2100664826]);
    read_burst_increment_linear(15, 436, [2474490918, 966137715, 3515593891, 2543429679]);
    read_burst_increment_linear(15, 452, [3654455987, 2950190687, 573115716, 2079915511]);
    read_burst_increment_linear(15, 436, [2474490918, 966137715, 3515593891, 2543429679, 3654455987, 2950190687, 573115716]);
    read_burst_increment_linear(15, 464, [2079915511, 3852154571, 4077460198, 757652314, 349159721, 4135772909, 3981667546]);
    read_burst_increment_linear(15, 132, [274997536, 1433945514, 3469528221, 3407888022, 2307110931]);
    read_burst_increment_linear(15, 152, [2260482061, 2846348883, 899669355, 3936758485, 2165787138]);
    read_burst_increment_linear(15, 172, [3612753582, 251652381, 3888476879, 293882147, 84501770]);
    read_burst_increment_linear(15, 192, [3849521866, 2654030908, 2036907506, 1160667530, 549761857]);
    read_burst_increment_linear(15, 212, [3964351704, 1008792440, 3297383049, 1975848427, 1526883766]);
    read_burst_increment_linear(15, 232, [1665923526, 1460999086, 3732210364, 353361194, 2245499403]);
    read_burst_increment_linear(15, 272, [3206754942, 178932501, 2027527153, 1822182361, 824379234]);
    read_burst_increment_linear(15, 292, [641071948, 1335973279, 1203347855, 2087561720, 3687669943]);
    read_burst_increment_linear(15, 312, [3485750943, 2927465564, 2915811419, 1155413897, 2762879561]);
    read_burst_increment_linear(15, 332, [3894623952, 3959341271, 2831678545, 1260466070, 102596364]);
    read_burst_increment_linear(15, 352, [3777810114, 1683484104, 3145882231, 519236925, 151837458]);
    read_burst_increment_linear(15, 372, [3204776062, 921010541, 484042553, 265457439, 3924555475]);
    read_burst_increment_linear(15, 168, [2165787138, 3612753582]);
    read_burst_increment_linear(15, 176, [251652381, 3888476879]);
    read_burst_increment_linear(15, 184, [293882147, 84501770]);
    read_burst_increment_linear(15, 192, [3849521866, 2654030908]);
    read_burst_increment_linear(15, 200, [2036907506, 1160667530]);
    read_burst_increment_linear(15, 208, [549761857, 3964351704]);
    read_burst_increment_linear(15, 216, [1008792440, 3297383049]);
    read_burst_increment_linear(15, 224, [1975848427, 1526883766]);
    read_burst_increment_linear(15, 232, [1665923526, 1460999086]);
    read_burst_increment_linear(15, 240, [3732210364, 353361194]);
    read_burst_increment_linear(15, 248, [2245499403, 3096952433]);
    read_burst_increment_linear(15, 256, [1123172741, 670192975]);
    read_burst_increment_linear(15, 264, [2647416891, 486945594]);
    read_burst_increment_linear(15, 280, [2027527153, 1822182361, 824379234, 641071948, 1335973279, 1203347855, 2087561720]);
    read_burst_increment_linear(15, 308, [3687669943, 3485750943, 2927465564, 2915811419, 1155413897, 2762879561, 3894623952]);
    read_burst_increment_linear(15, 336, [3959341271, 2831678545, 1260466070, 102596364, 3777810114, 1683484104, 3145882231]);
    read_burst_increment_linear(15, 308, [3687669943, 3485750943, 2927465564, 2915811419, 1155413897, 2762879561, 3894623952, 3959341271]);
    read_burst_increment_linear(15, 340, [2831678545, 1260466070, 102596364, 3777810114, 1683484104, 3145882231, 519236925, 151837458]);
    read_burst_increment_linear(15, 56, [2097015289, 3812041926, 3807872197, 3574846122]);
    read_burst_increment_linear(15, 72, [1924134885, 3151131255, 2301810194, 1206705039]);
    read_burst_increment_linear(15, 88, [2033215986, 3883308750, 4093672168, 3804909253]);
    read_burst_increment_linear(15, 104, [777537884, 3733858493, 2527811629, 2997298789]);
    read_burst_increment_linear(15, 120, [2985255523, 91457290, 3225100928, 274997536]);
    read_burst_increment_linear(15, 460, [573115716, 2079915511, 3852154571, 4077460198]);
    read_burst_increment_linear(15, 476, [757652314, 349159721, 4135772909, 3981667546]);
    read_burst_increment_linear(15, 412, [353152810, 739599192, 3275700358, 3340373134, 3459248796, 2100664826]);
    read_burst_increment_linear(15, 436, [2474490918, 966137715, 3515593891, 2543429679, 3654455987, 2950190687]);
    read_burst_increment_linear(15, 284, [1822182361, 824379234, 641071948, 1335973279]);
    read_burst_increment_linear(15, 300, [1203347855, 2087561720, 3687669943, 3485750943]);
    read_burst_increment_linear(15, 316, [2927465564, 2915811419, 1155413897, 2762879561]);
    read_burst_increment_linear(15, 180, [3888476879, 293882147, 84501770, 3849521866, 2654030908]);
    read_burst_increment_linear(15, 200, [2036907506, 1160667530, 549761857, 3964351704, 1008792440]);
    read_burst_increment_linear(15, 220, [3297383049, 1975848427, 1526883766, 1665923526, 1460999086]);
    read_burst_increment_linear(15, 168, [2165787138, 3612753582, 251652381, 3888476879, 293882147, 84501770, 3849521866, 2654030908]);
    read_burst_increment_linear(15, 200, [2036907506, 1160667530, 549761857, 3964351704, 1008792440, 3297383049, 1975848427, 1526883766]);
    read_burst_increment_linear(15, 232, [1665923526, 1460999086, 3732210364, 353361194, 2245499403, 3096952433, 1123172741, 670192975]);
    read_burst_increment_linear(15, 264, [2647416891, 486945594, 3206754942, 178932501, 2027527153, 1822182361, 824379234, 641071948]);
    read_burst_increment_linear(15, 132, [274997536, 1433945514, 3469528221, 3407888022, 2307110931, 2260482061, 2846348883]);
    read_burst_increment_linear(15, 160, [899669355, 3936758485, 2165787138, 3612753582, 251652381, 3888476879, 293882147]);
    read_burst_increment_linear(15, 188, [84501770, 3849521866, 2654030908, 2036907506, 1160667530, 549761857, 3964351704]);
    read_burst_increment_linear(15, 36, [114806029, 992211318, 512609597, 1993627629, 1177417612, 2097015289, 3812041926]);
    read_burst_increment_linear(15, 80, [2301810194, 1206705039, 2033215986, 3883308750, 4093672168, 3804909253, 777537884, 3733858493]);
    read_burst_increment_linear(15, 112, [2527811629, 2997298789, 2985255523, 91457290, 3225100928, 274997536, 1433945514, 3469528221]);
    read_burst_increment_linear(15, 104, [777537884, 3733858493, 2527811629, 2997298789, 2985255523, 91457290]);
    read_burst_increment_linear(15, 128, [3225100928, 274997536, 1433945514, 3469528221, 3407888022, 2307110931]);
    read_burst_increment_linear(15, 152, [2260482061, 2846348883, 899669355, 3936758485, 2165787138, 3612753582]);
    read_burst_increment_linear(15, 176, [251652381, 3888476879, 293882147, 84501770, 3849521866, 2654030908]);
    read_burst_increment_linear(15, 176, [251652381, 3888476879, 293882147]);
    read_burst_increment_linear(15, 188, [84501770, 3849521866, 2654030908]);
    read_burst_increment_linear(15, 200, [2036907506, 1160667530, 549761857]);
    read_burst_increment_linear(15, 212, [3964351704, 1008792440, 3297383049]);
    read_burst_increment_linear(15, 224, [1975848427, 1526883766, 1665923526]);
    read_burst_increment_linear(15, 236, [1460999086, 3732210364, 353361194]);
    read_burst_increment_linear(15, 248, [2245499403, 3096952433, 1123172741]);
    read_burst_increment_linear(15, 260, [670192975, 2647416891, 486945594]);
    read_burst_increment_linear(15, 272, [3206754942, 178932501, 2027527153]);
    read_burst_increment_linear(15, 244, [353361194, 2245499403]);
    read_burst_increment_linear(15, 252, [3096952433, 1123172741]);
    read_burst_increment_linear(15, 260, [670192975, 2647416891]);
    read_burst_increment_linear(15, 268, [486945594, 3206754942]);
    read_burst_increment_linear(15, 276, [178932501, 2027527153]);
    read_burst_increment_linear(15, 284, [1822182361, 824379234]);
    read_burst_increment_linear(15, 292, [641071948, 1335973279]);
    read_burst_increment_linear(15, 300, [1203347855, 2087561720]);
    read_burst_increment_linear(15, 308, [3687669943, 3485750943]);
    read_burst_increment_linear(15, 316, [2927465564, 2915811419]);
    read_burst_increment_linear(15, 324, [1155413897, 2762879561]);
    read_burst_increment_linear(15, 332, [3894623952, 3959341271]);
    read_burst_increment_linear(15, 340, [2831678545, 1260466070]);
    read_burst_increment_linear(15, 72, [1924134885, 3151131255, 2301810194, 1206705039, 2033215986, 3883308750, 4093672168]);
    read_burst_increment_linear(15, 100, [3804909253, 777537884, 3733858493, 2527811629, 2997298789, 2985255523, 91457290]);
    read_burst_increment_linear(15, 128, [3225100928, 274997536, 1433945514, 3469528221, 3407888022, 2307110931, 2260482061]);
    read_burst_increment_linear(15, 156, [2846348883, 899669355, 3936758485, 2165787138, 3612753582, 251652381, 3888476879]);
    read_burst_increment_linear(15, 304, [2087561720, 3687669943]);
    read_burst_increment_linear(15, 312, [3485750943, 2927465564]);
    read_burst_increment_linear(15, 320, [2915811419, 1155413897]);
    read_burst_increment_linear(15, 328, [2762879561, 3894623952]);
    read_burst_increment_linear(15, 336, [3959341271, 2831678545]);
    read_burst_increment_linear(15, 344, [1260466070, 102596364]);
    read_burst_increment_linear(15, 352, [3777810114, 1683484104]);
    read_burst_increment_linear(15, 360, [3145882231, 519236925]);
    read_burst_increment_linear(15, 368, [151837458, 3204776062]);
    read_burst_increment_linear(15, 376, [921010541, 484042553]);
    read_burst_increment_linear(15, 316, [2927465564, 2915811419, 1155413897, 2762879561, 3894623952, 3959341271]);
    read_burst_increment_linear(15, 340, [2831678545, 1260466070, 102596364, 3777810114, 1683484104, 3145882231]);
    read_burst_increment_linear(15, 44, [512609597, 1993627629, 1177417612, 2097015289, 3812041926, 3807872197]);
    read_burst_increment_linear(15, 68, [3574846122, 1924134885, 3151131255, 2301810194, 1206705039, 2033215986]);
    read_burst_increment_linear(15, 92, [3883308750, 4093672168, 3804909253, 777537884, 3733858493, 2527811629]);
    read_burst_increment_linear(15, 116, [2997298789, 2985255523, 91457290, 3225100928, 274997536, 1433945514]);
    read_burst_increment_linear(15, 140, [3469528221, 3407888022, 2307110931, 2260482061, 2846348883, 899669355]);
    read_burst_increment_linear(15, 296, [1335973279, 1203347855, 2087561720, 3687669943, 3485750943, 2927465564, 2915811419, 1155413897]);
    read_burst_increment_linear(15, 84, [1206705039, 2033215986]);
    read_burst_increment_linear(15, 252, [3096952433, 1123172741]);
    read_burst_increment_linear(15, 260, [670192975, 2647416891]);
    read_burst_increment_linear(15, 268, [486945594, 3206754942]);
    read_burst_increment_linear(15, 276, [178932501, 2027527153]);
    read_burst_increment_linear(15, 284, [1822182361, 824379234]);
    read_burst_increment_linear(15, 292, [641071948, 1335973279]);
    read_burst_increment_linear(15, 300, [1203347855, 2087561720]);
    read_burst_increment_linear(15, 176, [251652381, 3888476879, 293882147, 84501770, 3849521866]);
    read_burst_increment_linear(15, 196, [2654030908, 2036907506, 1160667530, 549761857, 3964351704]);
    read_burst_increment_linear(15, 216, [1008792440, 3297383049, 1975848427, 1526883766, 1665923526]);
    read_burst_increment_linear(15, 236, [1460999086, 3732210364, 353361194, 2245499403, 3096952433]);
    read_burst_increment_linear(15, 256, [1123172741, 670192975, 2647416891, 486945594, 3206754942]);
    read_burst_increment_linear(15, 276, [178932501, 2027527153, 1822182361, 824379234, 641071948]);
    read_burst_increment_linear(15, 260, [670192975, 2647416891, 486945594]);
    read_burst_increment_linear(15, 272, [3206754942, 178932501, 2027527153]);
    read_burst_increment_linear(15, 284, [1822182361, 824379234, 641071948]);
    read_burst_increment_linear(15, 296, [1335973279, 1203347855, 2087561720]);
    read_burst_increment_linear(15, 176, [251652381, 3888476879, 293882147, 84501770, 3849521866, 2654030908, 2036907506, 1160667530]);
    read_burst_increment_linear(15, 208, [549761857, 3964351704, 1008792440, 3297383049, 1975848427, 1526883766, 1665923526, 1460999086]);
    read_burst_increment_linear(15, 240, [3732210364, 353361194, 2245499403, 3096952433, 1123172741, 670192975, 2647416891, 486945594]);
    read_burst_increment_linear(15, 56, [2097015289, 3812041926, 3807872197, 3574846122, 1924134885, 3151131255, 2301810194, 1206705039]);
    read_burst_increment_linear(15, 88, [2033215986, 3883308750, 4093672168, 3804909253, 777537884, 3733858493, 2527811629, 2997298789]);
    read_burst_increment_linear(15, 120, [2985255523, 91457290, 3225100928, 274997536, 1433945514, 3469528221, 3407888022, 2307110931]);
    read_burst_increment_linear(15, 152, [2260482061, 2846348883, 899669355, 3936758485, 2165787138, 3612753582, 251652381, 3888476879]);
    read_burst_increment_linear(15, 76, [3151131255, 2301810194, 1206705039, 2033215986]);
    read_burst_increment_linear(15, 92, [3883308750, 4093672168, 3804909253, 777537884]);
    read_burst_increment_linear(15, 96, [4093672168, 3804909253]);
    read_burst_increment_linear(15, 104, [777537884, 3733858493]);
    read_burst_increment_linear(15, 112, [2527811629, 2997298789]);
    read_burst_increment_linear(15, 120, [2985255523, 91457290]);
    read_burst_increment_linear(15, 128, [3225100928, 274997536]);
    read_burst_increment_linear(15, 136, [1433945514, 3469528221]);
    read_burst_increment_linear(15, 144, [3407888022, 2307110931]);
    read_burst_increment_linear(15, 152, [2260482061, 2846348883]);
    read_burst_increment_linear(15, 160, [899669355, 3936758485]);
    read_burst_increment_linear(15, 168, [2165787138, 3612753582]);
    read_burst_increment_linear(15, 176, [251652381, 3888476879]);
    read_burst_increment_linear(15, 184, [293882147, 84501770]);
    read_burst_increment_linear(15, 192, [3849521866, 2654030908]);
    read_burst_increment_linear(15, 200, [2036907506, 1160667530]);
    read_burst_increment_linear(15, 252, [3096952433, 1123172741, 670192975]);
    read_burst_increment_linear(15, 264, [2647416891, 486945594, 3206754942]);
    read_burst_increment_linear(15, 276, [178932501, 2027527153, 1822182361]);
    read_burst_increment_linear(15, 288, [824379234, 641071948, 1335973279]);
    read_burst_increment_linear(15, 300, [1203347855, 2087561720, 3687669943]);
    read_burst_increment_linear(15, 312, [3485750943, 2927465564, 2915811419]);
    read_burst_increment_linear(15, 324, [1155413897, 2762879561, 3894623952]);
    read_burst_increment_linear(15, 336, [3959341271, 2831678545, 1260466070]);
    read_burst_increment_linear(15, 348, [102596364, 3777810114, 1683484104]);
    read_burst_increment_linear(15, 360, [3145882231, 519236925, 151837458]);
    read_burst_increment_linear(15, 416, [739599192, 3275700358, 3340373134]);
    read_burst_increment_linear(15, 244, [353361194, 2245499403, 3096952433, 1123172741, 670192975, 2647416891, 486945594]);
    read_burst_increment_linear(15, 404, [613108553, 2683481663, 353152810]);
    read_burst_increment_linear(15, 416, [739599192, 3275700358, 3340373134]);
    read_burst_increment_linear(15, 428, [3459248796, 2100664826, 2474490918]);
    read_burst_increment_linear(15, 440, [966137715, 3515593891, 2543429679]);
    read_burst_increment_linear(15, 452, [3654455987, 2950190687, 573115716]);
    read_burst_increment_linear(15, 464, [2079915511, 3852154571, 4077460198]);
    read_burst_increment_linear(15, 476, [757652314, 349159721, 4135772909]);
    read_burst_increment_linear(15, 488, [3981667546, 2996811365, 3666535093]);
    read_burst_increment_linear(15, 384, [265457439, 3924555475, 1121529733, 3155462264, 769284443, 613108553, 2683481663]);
    read_burst_increment_linear(15, 412, [353152810, 739599192, 3275700358, 3340373134, 3459248796, 2100664826, 2474490918]);
    read_burst_increment_linear(15, 440, [966137715, 3515593891, 2543429679, 3654455987, 2950190687, 573115716, 2079915511]);
    read_burst_increment_linear(15, 468, [3852154571, 4077460198, 757652314, 349159721, 4135772909, 3981667546, 2996811365]);
    read_burst_increment_linear(15, 336, [3959341271, 2831678545, 1260466070, 102596364, 3777810114, 1683484104]);
    read_burst_increment_linear(15, 36, [114806029, 992211318, 512609597]);
    read_burst_increment_linear(15, 48, [1993627629, 1177417612, 2097015289]);
    read_burst_increment_linear(15, 88, [2033215986, 3883308750, 4093672168]);
    read_burst_increment_linear(15, 100, [3804909253, 777537884, 3733858493]);
    read_burst_increment_linear(15, 272, [3206754942, 178932501]);
    read_burst_increment_linear(15, 280, [2027527153, 1822182361]);
    read_burst_increment_linear(15, 288, [824379234, 641071948]);
    read_burst_increment_linear(15, 296, [1335973279, 1203347855]);
    read_burst_increment_linear(15, 304, [2087561720, 3687669943]);
    read_burst_increment_linear(15, 128, [3225100928, 274997536, 1433945514, 3469528221, 3407888022, 2307110931, 2260482061, 2846348883]);
    read_burst_increment_linear(15, 160, [899669355, 3936758485, 2165787138, 3612753582, 251652381, 3888476879, 293882147, 84501770]);
    read_burst_increment_linear(15, 88, [2033215986, 3883308750, 4093672168, 3804909253, 777537884, 3733858493]);
    read_burst_increment_linear(15, 112, [2527811629, 2997298789, 2985255523, 91457290, 3225100928, 274997536]);
    read_burst_increment_linear(15, 136, [1433945514, 3469528221, 3407888022, 2307110931, 2260482061, 2846348883]);
    read_burst_increment_linear(15, 160, [899669355, 3936758485, 2165787138, 3612753582, 251652381, 3888476879]);
    read_burst_increment_linear(15, 16, [112818957, 1189058957]);
    read_burst_increment_linear(15, 24, [2999092325, 2302104082]);
    read_burst_increment_linear(15, 32, [15983361, 114806029]);
    read_burst_increment_linear(15, 40, [992211318, 512609597]);
    read_burst_increment_linear(15, 48, [1993627629, 1177417612]);
    read_burst_increment_linear(15, 56, [2097015289, 3812041926]);
    read_burst_increment_linear(15, 64, [3807872197, 3574846122]);
    read_burst_increment_linear(15, 72, [1924134885, 3151131255]);
    read_burst_increment_linear(15, 80, [2301810194, 1206705039]);
    read_burst_increment_linear(15, 88, [2033215986, 3883308750]);
    read_burst_increment_linear(15, 96, [4093672168, 3804909253]);
    read_burst_increment_linear(15, 104, [777537884, 3733858493]);
    read_burst_increment_linear(15, 112, [2527811629, 2997298789]);
    read_burst_increment_linear(15, 120, [2985255523, 91457290]);
    read_burst_increment_linear(15, 128, [3225100928, 274997536]);
    read_burst_increment_linear(15, 136, [1433945514, 3469528221]);
    read_burst_increment_linear(15, 380, [484042553, 265457439, 3924555475, 1121529733, 3155462264, 769284443, 613108553]);
    read_burst_increment_linear(15, 408, [2683481663, 353152810, 739599192, 3275700358, 3340373134, 3459248796, 2100664826]);
    read_burst_increment_linear(15, 436, [2474490918, 966137715, 3515593891, 2543429679, 3654455987, 2950190687, 573115716]);
    read_burst_increment_linear(15, 464, [2079915511, 3852154571, 4077460198, 757652314, 349159721, 4135772909, 3981667546]);
    read_burst_increment_linear(15, 316, [2927465564, 2915811419, 1155413897, 2762879561]);
    read_burst_increment_linear(15, 332, [3894623952, 3959341271, 2831678545, 1260466070]);
    read_burst_increment_linear(15, 348, [102596364, 3777810114, 1683484104, 3145882231]);
    read_burst_increment_linear(15, 364, [519236925, 151837458, 3204776062, 921010541]);
    read_burst_increment_linear(15, 64, [3807872197, 3574846122]);
    read_burst_increment_linear(15, 72, [1924134885, 3151131255]);
    read_burst_increment_linear(15, 80, [2301810194, 1206705039]);
    read_burst_increment_linear(15, 88, [2033215986, 3883308750]);
    read_burst_increment_linear(15, 96, [4093672168, 3804909253]);
    read_burst_increment_linear(15, 104, [777537884, 3733858493]);
    read_burst_increment_linear(15, 112, [2527811629, 2997298789]);
    read_burst_increment_linear(15, 120, [2985255523, 91457290]);
    read_burst_increment_linear(15, 128, [3225100928, 274997536]);
    read_burst_increment_linear(15, 136, [1433945514, 3469528221]);
    read_burst_increment_linear(15, 144, [3407888022, 2307110931]);
    read_burst_increment_linear(15, 152, [2260482061, 2846348883]);
    read_burst_increment_linear(15, 160, [899669355, 3936758485]);
    read_burst_increment_linear(15, 168, [2165787138, 3612753582]);
    read_burst_increment_linear(15, 176, [251652381, 3888476879]);
    read_burst_increment_linear(15, 172, [3612753582, 251652381, 3888476879, 293882147, 84501770, 3849521866, 2654030908]);
    read_burst_increment_linear(15, 200, [2036907506, 1160667530, 549761857, 3964351704, 1008792440, 3297383049, 1975848427]);
    read_burst_increment_linear(15, 228, [1526883766, 1665923526, 1460999086, 3732210364, 353361194, 2245499403, 3096952433]);
    read_burst_increment_linear(15, 108, [3733858493, 2527811629, 2997298789, 2985255523]);
    read_burst_increment_linear(15, 124, [91457290, 3225100928, 274997536, 1433945514]);
    read_burst_increment_linear(15, 140, [3469528221, 3407888022, 2307110931, 2260482061]);
    read_burst_increment_linear(15, 156, [2846348883, 899669355, 3936758485, 2165787138]);
    read_burst_increment_linear(15, 172, [3612753582, 251652381, 3888476879, 293882147]);
    read_burst_increment_linear(15, 388, [3924555475, 1121529733]);
    read_burst_increment_linear(15, 396, [3155462264, 769284443]);
    read_burst_increment_linear(15, 404, [613108553, 2683481663]);
    read_burst_increment_linear(15, 412, [353152810, 739599192]);
    read_burst_increment_linear(15, 420, [3275700358, 3340373134]);
    read_burst_increment_linear(15, 428, [3459248796, 2100664826]);
    read_burst_increment_linear(15, 304, [2087561720, 3687669943]);
    read_burst_increment_linear(15, 312, [3485750943, 2927465564]);
    read_burst_increment_linear(15, 320, [2915811419, 1155413897]);
    read_burst_increment_linear(15, 328, [2762879561, 3894623952]);
    read_burst_increment_linear(15, 336, [3959341271, 2831678545]);
    read_burst_increment_linear(15, 344, [1260466070, 102596364]);
    read_burst_increment_linear(15, 352, [3777810114, 1683484104]);
    read_burst_increment_linear(15, 360, [3145882231, 519236925]);
    read_burst_increment_linear(15, 368, [151837458, 3204776062]);
    read_burst_increment_linear(15, 8, [2223298057, 2985317987, 112818957, 1189058957]);
    read_burst_increment_linear(15, 24, [2999092325, 2302104082, 15983361, 114806029]);
    read_burst_increment_linear(15, 40, [992211318, 512609597, 1993627629, 1177417612]);
    read_burst_increment_linear(15, 56, [2097015289, 3812041926, 3807872197, 3574846122]);
    read_burst_increment_linear(15, 72, [1924134885, 3151131255, 2301810194, 1206705039]);
    read_burst_increment_linear(15, 88, [2033215986, 3883308750, 4093672168, 3804909253]);
    read_burst_increment_linear(15, 192, [3849521866, 2654030908, 2036907506]);
    read_burst_increment_linear(15, 204, [1160667530, 549761857, 3964351704]);
    read_burst_increment_linear(15, 216, [1008792440, 3297383049, 1975848427]);
    read_burst_increment_linear(15, 228, [1526883766, 1665923526, 1460999086]);
    read_burst_increment_linear(15, 240, [3732210364, 353361194, 2245499403]);
    read_burst_increment_linear(15, 252, [3096952433, 1123172741, 670192975]);
    read_burst_increment_linear(15, 264, [2647416891, 486945594, 3206754942]);
    read_burst_increment_linear(15, 276, [178932501, 2027527153, 1822182361]);
    read_burst_increment_linear(15, 288, [824379234, 641071948, 1335973279]);
    read_burst_increment_linear(15, 232, [1665923526, 1460999086, 3732210364, 353361194]);
    read_burst_increment_linear(15, 248, [2245499403, 3096952433, 1123172741, 670192975]);
    read_burst_increment_linear(15, 264, [2647416891, 486945594, 3206754942, 178932501]);
    read_burst_increment_linear(15, 280, [2027527153, 1822182361, 824379234, 641071948]);
    read_burst_increment_linear(15, 296, [1335973279, 1203347855, 2087561720, 3687669943]);
    read_burst_increment_linear(15, 312, [3485750943, 2927465564, 2915811419, 1155413897]);
    read_burst_increment_linear(15, 328, [2762879561, 3894623952, 3959341271, 2831678545]);
    read_burst_increment_linear(15, 344, [1260466070, 102596364, 3777810114, 1683484104]);
    read_burst_increment_linear(15, 260, [670192975, 2647416891, 486945594, 3206754942, 178932501]);
    read_burst_increment_linear(15, 280, [2027527153, 1822182361, 824379234, 641071948, 1335973279]);
    read_burst_increment_linear(15, 300, [1203347855, 2087561720, 3687669943, 3485750943, 2927465564]);
    read_burst_increment_linear(15, 320, [2915811419, 1155413897, 2762879561, 3894623952, 3959341271]);
    read_burst_increment_linear(15, 208, [549761857, 3964351704, 1008792440, 3297383049, 1975848427, 1526883766]);
    read_burst_increment_linear(15, 232, [1665923526, 1460999086, 3732210364, 353361194, 2245499403, 3096952433]);
    read_burst_increment_linear(15, 256, [1123172741, 670192975, 2647416891, 486945594, 3206754942, 178932501]);
    read_burst_increment_linear(15, 280, [2027527153, 1822182361, 824379234, 641071948, 1335973279, 1203347855]);
    read_burst_increment_linear(15, 304, [2087561720, 3687669943, 3485750943, 2927465564, 2915811419, 1155413897]);
    read_burst_increment_linear(15, 268, [486945594, 3206754942, 178932501, 2027527153, 1822182361, 824379234]);
    read_burst_increment_linear(15, 292, [641071948, 1335973279, 1203347855, 2087561720, 3687669943, 3485750943]);
    read_burst_increment_linear(15, 316, [2927465564, 2915811419, 1155413897, 2762879561, 3894623952, 3959341271]);
    read_burst_increment_linear(15, 340, [2831678545, 1260466070, 102596364, 3777810114, 1683484104, 3145882231]);
    read_burst_increment_linear(15, 164, [3936758485, 2165787138, 3612753582]);
    read_burst_increment_linear(15, 176, [251652381, 3888476879, 293882147]);
    read_burst_increment_linear(15, 188, [84501770, 3849521866, 2654030908]);
    read_burst_increment_linear(15, 200, [2036907506, 1160667530, 549761857]);
    read_burst_increment_linear(15, 212, [3964351704, 1008792440, 3297383049]);
    read_burst_increment_linear(15, 224, [1975848427, 1526883766, 1665923526]);
    read_burst_increment_linear(15, 236, [1460999086, 3732210364, 353361194]);
    read_burst_increment_linear(15, 248, [2245499403, 3096952433, 1123172741]);
    read_burst_increment_linear(15, 260, [670192975, 2647416891, 486945594]);
    read_burst_increment_linear(15, 180, [3888476879, 293882147, 84501770]);
    read_burst_increment_linear(15, 192, [3849521866, 2654030908, 2036907506]);
    read_burst_increment_linear(15, 204, [1160667530, 549761857, 3964351704]);
    read_burst_increment_linear(15, 216, [1008792440, 3297383049, 1975848427]);
    read_burst_increment_linear(15, 228, [1526883766, 1665923526, 1460999086]);
    read_burst_increment_linear(15, 240, [3732210364, 353361194, 2245499403]);
    read_burst_increment_linear(15, 252, [3096952433, 1123172741, 670192975]);
    read_burst_increment_linear(15, 264, [2647416891, 486945594, 3206754942]);
    read_burst_increment_linear(15, 276, [178932501, 2027527153, 1822182361]);
    read_burst_increment_linear(15, 168, [2165787138, 3612753582, 251652381, 3888476879, 293882147, 84501770, 3849521866, 2654030908]);
    read_burst_increment_linear(15, 200, [2036907506, 1160667530, 549761857, 3964351704, 1008792440, 3297383049, 1975848427, 1526883766]);
    read_burst_increment_linear(15, 24, [2999092325, 2302104082, 15983361, 114806029, 992211318]);
    read_burst_increment_linear(15, 44, [512609597, 1993627629, 1177417612, 2097015289, 3812041926]);
    read_burst_increment_linear(15, 4, [3230228097, 2223298057, 2985317987, 112818957]);
    read_burst_increment_linear(15, 20, [1189058957, 2999092325, 2302104082, 15983361]);
    read_burst_increment_linear(15, 36, [114806029, 992211318, 512609597, 1993627629]);
    read_burst_increment_linear(15, 52, [1177417612, 2097015289, 3812041926, 3807872197]);
    read_burst_increment_linear(15, 68, [3574846122, 1924134885, 3151131255, 2301810194]);
    read_burst_increment_linear(15, 100, [3804909253, 777537884]);
    read_burst_increment_linear(15, 108, [3733858493, 2527811629]);
    read_burst_increment_linear(15, 116, [2997298789, 2985255523]);
    read_burst_increment_linear(15, 124, [91457290, 3225100928]);
    read_burst_increment_linear(15, 376, [921010541, 484042553, 265457439, 3924555475, 1121529733, 3155462264, 769284443]);
    read_burst_increment_linear(15, 404, [613108553, 2683481663, 353152810, 739599192, 3275700358, 3340373134, 3459248796]);
    read_burst_increment_linear(15, 272, [3206754942, 178932501, 2027527153]);
    read_burst_increment_linear(15, 284, [1822182361, 824379234, 641071948]);
    read_burst_increment_linear(15, 296, [1335973279, 1203347855, 2087561720]);
    read_burst_increment_linear(15, 308, [3687669943, 3485750943, 2927465564]);
    read_burst_increment_linear(15, 320, [2915811419, 1155413897, 2762879561]);
    read_burst_increment_linear(15, 332, [3894623952, 3959341271, 2831678545]);
    read_burst_increment_linear(15, 344, [1260466070, 102596364, 3777810114]);
    read_burst_increment_linear(15, 356, [1683484104, 3145882231, 519236925]);
    read_burst_increment_linear(15, 372, [3204776062, 921010541, 484042553, 265457439, 3924555475, 1121529733, 3155462264]);
    read_burst_increment_linear(15, 336, [3959341271, 2831678545, 1260466070, 102596364, 3777810114, 1683484104]);
    read_burst_increment_linear(15, 360, [3145882231, 519236925, 151837458, 3204776062, 921010541, 484042553]);
    read_burst_increment_linear(15, 384, [265457439, 3924555475, 1121529733, 3155462264, 769284443, 613108553]);
    read_burst_increment_linear(15, 408, [2683481663, 353152810, 739599192, 3275700358, 3340373134, 3459248796]);
    read_burst_increment_linear(15, 276, [178932501, 2027527153, 1822182361, 824379234, 641071948, 1335973279]);
    read_burst_increment_linear(15, 300, [1203347855, 2087561720, 3687669943, 3485750943, 2927465564, 2915811419]);
    read_burst_increment_linear(15, 324, [1155413897, 2762879561, 3894623952, 3959341271, 2831678545, 1260466070]);
    read_burst_increment_linear(15, 348, [102596364, 3777810114, 1683484104, 3145882231, 519236925, 151837458]);
    read_burst_increment_linear(15, 328, [2762879561, 3894623952, 3959341271]);
    read_burst_increment_linear(15, 328, [2762879561, 3894623952, 3959341271, 2831678545, 1260466070, 102596364]);
    read_burst_increment_linear(15, 352, [3777810114, 1683484104, 3145882231, 519236925, 151837458, 3204776062]);
    read_burst_increment_linear(15, 364, [519236925, 151837458, 3204776062, 921010541, 484042553, 265457439, 3924555475, 1121529733]);
    read_burst_increment_linear(15, 396, [3155462264, 769284443, 613108553, 2683481663, 353152810, 739599192, 3275700358, 3340373134]);
    read_burst_increment_linear(15, 160, [899669355, 3936758485, 2165787138, 3612753582, 251652381, 3888476879]);
    read_burst_increment_linear(15, 180, [3888476879, 293882147, 84501770]);
    read_burst_increment_linear(15, 32, [15983361, 114806029, 992211318, 512609597]);
    read_burst_increment_linear(15, 48, [1993627629, 1177417612, 2097015289, 3812041926]);
    read_burst_increment_linear(15, 64, [3807872197, 3574846122, 1924134885, 3151131255]);
    read_burst_increment_linear(15, 80, [2301810194, 1206705039, 2033215986, 3883308750]);
    read_burst_increment_linear(15, 272, [3206754942, 178932501, 2027527153, 1822182361]);
    read_burst_increment_linear(15, 288, [824379234, 641071948, 1335973279, 1203347855]);
    read_burst_increment_linear(15, 304, [2087561720, 3687669943, 3485750943, 2927465564]);
    read_burst_increment_linear(15, 320, [2915811419, 1155413897, 2762879561, 3894623952]);
    read_burst_increment_linear(15, 188, [84501770, 3849521866, 2654030908, 2036907506, 1160667530, 549761857]);
    read_burst_increment_linear(15, 212, [3964351704, 1008792440, 3297383049, 1975848427, 1526883766, 1665923526]);
    read_burst_increment_linear(15, 236, [1460999086, 3732210364, 353361194, 2245499403, 3096952433, 1123172741]);
    read_burst_increment_linear(15, 260, [670192975, 2647416891, 486945594, 3206754942, 178932501, 2027527153]);
    read_burst_increment_linear(15, 284, [1822182361, 824379234, 641071948, 1335973279, 1203347855, 2087561720]);
    read_burst_increment_linear(15, 224, [1975848427, 1526883766, 1665923526]);
    read_burst_increment_linear(15, 236, [1460999086, 3732210364, 353361194]);
    read_burst_increment_linear(15, 248, [2245499403, 3096952433, 1123172741]);
    read_burst_increment_linear(15, 260, [670192975, 2647416891, 486945594]);
    read_burst_increment_linear(15, 272, [3206754942, 178932501, 2027527153]);
    read_burst_increment_linear(15, 284, [1822182361, 824379234, 641071948]);
    read_burst_increment_linear(15, 296, [1335973279, 1203347855, 2087561720]);
    read_burst_increment_linear(15, 308, [3687669943, 3485750943, 2927465564]);
    read_burst_increment_linear(15, 320, [2915811419, 1155413897, 2762879561]);
    read_burst_increment_linear(15, 332, [3894623952, 3959341271, 2831678545]);
    read_burst_increment_linear(15, 100, [3804909253, 777537884]);
    read_burst_increment_linear(15, 108, [3733858493, 2527811629]);
    read_burst_increment_linear(15, 116, [2997298789, 2985255523]);
    read_burst_increment_linear(15, 124, [91457290, 3225100928]);
    read_burst_increment_linear(15, 132, [274997536, 1433945514]);
    read_burst_increment_linear(15, 140, [3469528221, 3407888022]);
    read_burst_increment_linear(15, 148, [2307110931, 2260482061]);
    read_burst_increment_linear(15, 156, [2846348883, 899669355]);
    read_burst_increment_linear(15, 164, [3936758485, 2165787138]);
    read_burst_increment_linear(15, 172, [3612753582, 251652381]);
    read_burst_increment_linear(15, 180, [3888476879, 293882147]);
    read_burst_increment_linear(15, 360, [3145882231, 519236925, 151837458, 3204776062]);
    read_burst_increment_linear(15, 376, [921010541, 484042553, 265457439, 3924555475]);
    read_burst_increment_linear(15, 392, [1121529733, 3155462264, 769284443, 613108553]);
    read_burst_increment_linear(15, 408, [2683481663, 353152810, 739599192, 3275700358]);
    read_burst_increment_linear(15, 424, [3340373134, 3459248796, 2100664826, 2474490918]);
    read_burst_increment_linear(15, 440, [966137715, 3515593891, 2543429679, 3654455987]);
    read_burst_increment_linear(15, 456, [2950190687, 573115716, 2079915511, 3852154571]);
    read_burst_increment_linear(15, 88, [2033215986, 3883308750, 4093672168, 3804909253, 777537884, 3733858493, 2527811629]);
    read_burst_increment_linear(15, 116, [2997298789, 2985255523, 91457290, 3225100928, 274997536, 1433945514, 3469528221]);
    read_burst_increment_linear(15, 144, [3407888022, 2307110931, 2260482061, 2846348883, 899669355, 3936758485, 2165787138]);
    read_burst_increment_linear(15, 172, [3612753582, 251652381, 3888476879, 293882147, 84501770, 3849521866, 2654030908]);
    read_burst_increment_linear(15, 40, [992211318, 512609597, 1993627629, 1177417612, 2097015289, 3812041926, 3807872197]);
    read_burst_increment_linear(15, 68, [3574846122, 1924134885, 3151131255, 2301810194, 1206705039, 2033215986, 3883308750]);
    read_burst_increment_linear(15, 96, [4093672168, 3804909253, 777537884, 3733858493, 2527811629, 2997298789, 2985255523]);
    read_burst_increment_linear(15, 124, [91457290, 3225100928, 274997536, 1433945514, 3469528221, 3407888022, 2307110931]);
    read_burst_increment_linear(15, 20, [1189058957, 2999092325, 2302104082, 15983361, 114806029, 992211318]);
    read_burst_increment_linear(15, 44, [512609597, 1993627629, 1177417612, 2097015289, 3812041926, 3807872197]);
    read_burst_increment_linear(15, 68, [3574846122, 1924134885, 3151131255, 2301810194, 1206705039, 2033215986]);
    read_burst_increment_linear(15, 92, [3883308750, 4093672168, 3804909253, 777537884, 3733858493, 2527811629]);
    read_burst_increment_linear(15, 140, [3469528221, 3407888022]);
    read_burst_increment_linear(15, 148, [2307110931, 2260482061]);
    read_burst_increment_linear(15, 156, [2846348883, 899669355]);
    read_burst_increment_linear(15, 164, [3936758485, 2165787138]);
    read_burst_increment_linear(15, 172, [3612753582, 251652381]);
    read_burst_increment_linear(15, 180, [3888476879, 293882147]);
    read_burst_increment_linear(15, 188, [84501770, 3849521866]);
    read_burst_increment_linear(15, 196, [2654030908, 2036907506]);
    read_burst_increment_linear(15, 204, [1160667530, 549761857]);
    read_burst_increment_linear(15, 212, [3964351704, 1008792440]);
    read_burst_increment_linear(15, 220, [3297383049, 1975848427]);
    read_burst_increment_linear(15, 228, [1526883766, 1665923526]);
    read_burst_increment_linear(15, 236, [1460999086, 3732210364]);
    read_burst_increment_linear(15, 244, [353361194, 2245499403]);
    read_burst_increment_linear(15, 300, [1203347855, 2087561720, 3687669943, 3485750943, 2927465564, 2915811419]);
    read_burst_increment_linear(15, 324, [1155413897, 2762879561, 3894623952, 3959341271, 2831678545, 1260466070]);
    read_burst_increment_linear(15, 348, [102596364, 3777810114, 1683484104, 3145882231, 519236925, 151837458]);
    read_burst_increment_linear(15, 132, [274997536, 1433945514, 3469528221, 3407888022, 2307110931]);
    read_burst_increment_linear(15, 152, [2260482061, 2846348883, 899669355, 3936758485, 2165787138]);
    read_burst_increment_linear(15, 172, [3612753582, 251652381, 3888476879, 293882147, 84501770]);
    read_burst_increment_linear(15, 192, [3849521866, 2654030908, 2036907506, 1160667530, 549761857]);
    read_burst_increment_linear(15, 76, [3151131255, 2301810194, 1206705039, 2033215986]);
    read_burst_increment_linear(15, 92, [3883308750, 4093672168, 3804909253, 777537884]);
    read_burst_increment_linear(15, 108, [3733858493, 2527811629, 2997298789, 2985255523]);
    read_burst_increment_linear(15, 124, [91457290, 3225100928, 274997536, 1433945514]);
    read_burst_increment_linear(15, 140, [3469528221, 3407888022, 2307110931, 2260482061]);
    read_burst_increment_linear(15, 156, [2846348883, 899669355, 3936758485, 2165787138]);
    read_burst_increment_linear(15, 172, [3612753582, 251652381, 3888476879, 293882147]);
    read_burst_increment_linear(15, 188, [84501770, 3849521866, 2654030908, 2036907506]);
    read_burst_increment_linear(15, 316, [2927465564, 2915811419, 1155413897]);
    read_burst_increment_linear(15, 328, [2762879561, 3894623952, 3959341271]);
    read_burst_increment_linear(15, 340, [2831678545, 1260466070, 102596364]);
    read_burst_increment_linear(15, 352, [3777810114, 1683484104, 3145882231]);
    read_burst_increment_linear(15, 364, [519236925, 151837458, 3204776062]);
    read_burst_increment_linear(15, 376, [921010541, 484042553, 265457439]);
    read_burst_increment_linear(15, 388, [3924555475, 1121529733, 3155462264]);
    read_burst_increment_linear(15, 400, [769284443, 613108553, 2683481663]);
    read_burst_increment_linear(15, 172, [3612753582, 251652381, 3888476879, 293882147, 84501770, 3849521866]);
    read_burst_increment_linear(15, 252, [3096952433, 1123172741, 670192975, 2647416891, 486945594]);
    read_burst_increment_linear(15, 272, [3206754942, 178932501, 2027527153, 1822182361, 824379234]);
    read_burst_increment_linear(15, 292, [641071948, 1335973279, 1203347855, 2087561720, 3687669943]);
    read_burst_increment_linear(15, 312, [3485750943, 2927465564, 2915811419, 1155413897, 2762879561]);
    read_burst_increment_linear(15, 352, [3777810114, 1683484104, 3145882231, 519236925, 151837458, 3204776062]);
    read_burst_increment_linear(15, 376, [921010541, 484042553, 265457439, 3924555475, 1121529733, 3155462264]);
    read_burst_increment_linear(15, 400, [769284443, 613108553, 2683481663, 353152810, 739599192, 3275700358]);
    read_burst_increment_linear(15, 424, [3340373134, 3459248796, 2100664826, 2474490918, 966137715, 3515593891]);
    read_burst_increment_linear(15, 448, [2543429679, 3654455987, 2950190687, 573115716, 2079915511, 3852154571]);
    read_burst_increment_linear(15, 432, [2100664826, 2474490918, 966137715, 3515593891, 2543429679, 3654455987, 2950190687, 573115716]);
    read_burst_increment_linear(15, 356, [1683484104, 3145882231, 519236925, 151837458, 3204776062, 921010541]);
    read_burst_increment_linear(15, 136, [1433945514, 3469528221, 3407888022, 2307110931, 2260482061, 2846348883, 899669355, 3936758485]);
    read_burst_increment_linear(15, 168, [2165787138, 3612753582, 251652381, 3888476879, 293882147, 84501770, 3849521866, 2654030908]);
    read_burst_increment_linear(15, 200, [2036907506, 1160667530, 549761857, 3964351704, 1008792440, 3297383049, 1975848427, 1526883766]);
    read_burst_increment_linear(15, 232, [1665923526, 1460999086, 3732210364, 353361194, 2245499403, 3096952433, 1123172741, 670192975]);
    read_burst_increment_linear(15, 100, [3804909253, 777537884, 3733858493, 2527811629, 2997298789]);
    read_burst_increment_linear(15, 120, [2985255523, 91457290, 3225100928, 274997536, 1433945514]);
    read_burst_increment_linear(15, 140, [3469528221, 3407888022, 2307110931, 2260482061, 2846348883]);
    read_burst_increment_linear(15, 160, [899669355, 3936758485, 2165787138, 3612753582, 251652381]);
    read_burst_increment_linear(15, 60, [3812041926, 3807872197, 3574846122, 1924134885]);
    read_burst_increment_linear(15, 76, [3151131255, 2301810194, 1206705039, 2033215986]);
    read_burst_increment_linear(15, 92, [3883308750, 4093672168, 3804909253, 777537884]);
    read_burst_increment_linear(15, 436, [2474490918, 966137715, 3515593891, 2543429679]);
    read_burst_increment_linear(15, 452, [3654455987, 2950190687, 573115716, 2079915511]);
    read_burst_increment_linear(15, 468, [3852154571, 4077460198, 757652314, 349159721]);
    read_burst_increment_linear(15, 416, [739599192, 3275700358, 3340373134, 3459248796, 2100664826, 2474490918, 966137715, 3515593891]);
    read_burst_increment_linear(15, 388, [3924555475, 1121529733, 3155462264, 769284443, 613108553, 2683481663, 353152810]);
    read_burst_increment_linear(15, 416, [739599192, 3275700358, 3340373134, 3459248796, 2100664826, 2474490918, 966137715]);
    read_burst_increment_linear(15, 188, [84501770, 3849521866, 2654030908, 2036907506, 1160667530]);
    read_burst_increment_linear(15, 208, [549761857, 3964351704, 1008792440, 3297383049, 1975848427]);
    read_burst_increment_linear(15, 228, [1526883766, 1665923526, 1460999086, 3732210364, 353361194]);
    read_burst_increment_linear(15, 248, [2245499403, 3096952433, 1123172741, 670192975, 2647416891]);
    read_burst_increment_linear(15, 140, [3469528221, 3407888022, 2307110931, 2260482061, 2846348883, 899669355, 3936758485, 2165787138]);
    read_burst_increment_linear(15, 172, [3612753582, 251652381, 3888476879, 293882147, 84501770, 3849521866, 2654030908, 2036907506]);
    read_burst_increment_linear(15, 384, [265457439, 3924555475, 1121529733, 3155462264, 769284443]);
    read_burst_increment_linear(15, 404, [613108553, 2683481663, 353152810, 739599192, 3275700358]);
    read_burst_increment_linear(15, 424, [3340373134, 3459248796, 2100664826, 2474490918, 966137715]);
    read_burst_increment_linear(15, 444, [3515593891, 2543429679, 3654455987, 2950190687, 573115716]);
    read_burst_increment_linear(15, 464, [2079915511, 3852154571, 4077460198, 757652314, 349159721]);
    read_burst_increment_linear(15, 316, [2927465564, 2915811419]);
    read_burst_increment_linear(15, 324, [1155413897, 2762879561]);
    read_burst_increment_linear(15, 332, [3894623952, 3959341271]);
    read_burst_increment_linear(15, 340, [2831678545, 1260466070]);
    read_burst_increment_linear(15, 348, [102596364, 3777810114]);
    read_burst_increment_linear(15, 356, [1683484104, 3145882231]);
    read_burst_increment_linear(15, 364, [519236925, 151837458]);
    read_burst_increment_linear(15, 372, [3204776062, 921010541]);
    read_burst_increment_linear(15, 380, [484042553, 265457439]);
    read_burst_increment_linear(15, 388, [3924555475, 1121529733]);
    read_burst_increment_linear(15, 84, [1206705039, 2033215986, 3883308750, 4093672168, 3804909253, 777537884, 3733858493, 2527811629]);
    read_burst_increment_linear(15, 116, [2997298789, 2985255523, 91457290, 3225100928, 274997536, 1433945514, 3469528221, 3407888022]);
    read_burst_increment_linear(15, 232, [1665923526, 1460999086, 3732210364]);
    read_burst_increment_linear(15, 244, [353361194, 2245499403, 3096952433]);
    read_burst_increment_linear(15, 256, [1123172741, 670192975, 2647416891]);
    read_burst_increment_linear(15, 140, [3469528221, 3407888022, 2307110931, 2260482061, 2846348883]);
    read_burst_increment_linear(15, 160, [899669355, 3936758485, 2165787138, 3612753582, 251652381]);
    read_burst_increment_linear(15, 180, [3888476879, 293882147, 84501770, 3849521866, 2654030908]);
    read_burst_increment_linear(15, 200, [2036907506, 1160667530, 549761857, 3964351704, 1008792440]);
    read_burst_increment_linear(15, 204, [1160667530, 549761857, 3964351704, 1008792440, 3297383049, 1975848427]);
    read_burst_increment_linear(15, 228, [1526883766, 1665923526, 1460999086, 3732210364, 353361194, 2245499403]);
    read_burst_increment_linear(15, 252, [3096952433, 1123172741, 670192975, 2647416891, 486945594, 3206754942]);
    read_burst_increment_linear(15, 28, [2302104082, 15983361, 114806029, 992211318, 512609597, 1993627629, 1177417612]);
    read_burst_increment_linear(15, 16, [112818957, 1189058957, 2999092325, 2302104082, 15983361, 114806029, 992211318, 512609597]);
    read_burst_increment_linear(15, 48, [1993627629, 1177417612, 2097015289, 3812041926, 3807872197, 3574846122, 1924134885, 3151131255]);
    read_burst_increment_linear(15, 80, [2301810194, 1206705039, 2033215986, 3883308750, 4093672168, 3804909253, 777537884, 3733858493]);
    read_burst_increment_linear(15, 312, [3485750943, 2927465564, 2915811419]);
    read_burst_increment_linear(15, 52, [1177417612, 2097015289, 3812041926, 3807872197, 3574846122]);
    read_burst_increment_linear(15, 72, [1924134885, 3151131255, 2301810194, 1206705039, 2033215986]);
    read_burst_increment_linear(15, 92, [3883308750, 4093672168, 3804909253, 777537884, 3733858493]);
    read_burst_increment_linear(15, 112, [2527811629, 2997298789, 2985255523, 91457290, 3225100928]);
    read_burst_increment_linear(15, 376, [921010541, 484042553, 265457439, 3924555475]);
    read_burst_increment_linear(15, 392, [1121529733, 3155462264, 769284443, 613108553]);
    read_burst_increment_linear(15, 408, [2683481663, 353152810, 739599192, 3275700358]);
    read_burst_increment_linear(15, 424, [3340373134, 3459248796, 2100664826, 2474490918]);
    read_burst_increment_linear(15, 440, [966137715, 3515593891, 2543429679, 3654455987]);
    read_burst_increment_linear(15, 456, [2950190687, 573115716, 2079915511, 3852154571]);
    read_burst_increment_linear(15, 472, [4077460198, 757652314, 349159721, 4135772909]);
    read_burst_increment_linear(15, 488, [3981667546, 2996811365, 3666535093, 4022244575]);
    read_burst_increment_linear(15, 412, [353152810, 739599192, 3275700358, 3340373134, 3459248796, 2100664826]);
    read_burst_increment_linear(15, 436, [2474490918, 966137715, 3515593891, 2543429679, 3654455987, 2950190687]);
    read_burst_increment_linear(15, 460, [573115716, 2079915511, 3852154571, 4077460198, 757652314, 349159721]);
    read_burst_increment_linear(15, 256, [1123172741, 670192975, 2647416891, 486945594, 3206754942, 178932501, 2027527153]);
    read_burst_increment_linear(15, 228, [1526883766, 1665923526, 1460999086, 3732210364, 353361194, 2245499403, 3096952433]);
    read_burst_increment_linear(15, 256, [1123172741, 670192975, 2647416891, 486945594, 3206754942, 178932501, 2027527153]);
    read_burst_increment_linear(15, 284, [1822182361, 824379234, 641071948, 1335973279, 1203347855, 2087561720, 3687669943]);
    read_burst_increment_linear(15, 312, [3485750943, 2927465564, 2915811419, 1155413897, 2762879561, 3894623952, 3959341271]);
    read_burst_increment_linear(15, 316, [2927465564, 2915811419]);
    read_burst_increment_linear(15, 324, [1155413897, 2762879561]);
    read_burst_increment_linear(15, 332, [3894623952, 3959341271]);
    read_burst_increment_linear(15, 168, [2165787138, 3612753582, 251652381, 3888476879, 293882147, 84501770]);
    read_burst_increment_linear(15, 192, [3849521866, 2654030908, 2036907506, 1160667530, 549761857, 3964351704]);
    read_burst_increment_linear(15, 216, [1008792440, 3297383049, 1975848427, 1526883766, 1665923526, 1460999086]);
    read_burst_increment_linear(15, 240, [3732210364, 353361194, 2245499403, 3096952433, 1123172741, 670192975]);
    read_burst_increment_linear(15, 16, [112818957, 1189058957, 2999092325, 2302104082, 15983361, 114806029, 992211318]);
    read_burst_increment_linear(15, 488, [3981667546, 2996811365, 3666535093]);
    read_burst_increment_linear(15, 500, [4022244575, 1022433657, 573701956]);
    read_burst_increment_linear(15, 152, [2260482061, 2846348883, 899669355, 3936758485, 2165787138, 3612753582, 251652381]);
    read_burst_increment_linear(15, 180, [3888476879, 293882147, 84501770, 3849521866, 2654030908, 2036907506, 1160667530]);
    read_burst_increment_linear(15, 208, [549761857, 3964351704, 1008792440, 3297383049, 1975848427, 1526883766, 1665923526]);
    read_burst_increment_linear(15, 236, [1460999086, 3732210364, 353361194, 2245499403, 3096952433, 1123172741, 670192975]);
    read_burst_increment_linear(15, 416, [739599192, 3275700358, 3340373134, 3459248796]);
    read_burst_increment_linear(15, 28, [2302104082, 15983361, 114806029, 992211318, 512609597, 1993627629, 1177417612, 2097015289]);
    read_burst_increment_linear(15, 60, [3812041926, 3807872197, 3574846122, 1924134885, 3151131255, 2301810194, 1206705039, 2033215986]);
    read_burst_increment_linear(15, 92, [3883308750, 4093672168, 3804909253, 777537884, 3733858493, 2527811629, 2997298789, 2985255523]);
    read_burst_increment_linear(15, 124, [91457290, 3225100928, 274997536, 1433945514, 3469528221, 3407888022, 2307110931, 2260482061]);
    read_burst_increment_linear(15, 348, [102596364, 3777810114]);
    read_burst_increment_linear(15, 356, [1683484104, 3145882231]);
    read_burst_increment_linear(15, 364, [519236925, 151837458]);
    read_burst_increment_linear(15, 372, [3204776062, 921010541]);
    read_burst_increment_linear(15, 380, [484042553, 265457439]);
    read_burst_increment_linear(15, 388, [3924555475, 1121529733]);
    read_burst_increment_linear(15, 396, [3155462264, 769284443]);
    read_burst_increment_linear(15, 404, [613108553, 2683481663]);
    read_burst_increment_linear(15, 412, [353152810, 739599192]);
    read_burst_increment_linear(15, 420, [3275700358, 3340373134]);
    read_burst_increment_linear(15, 428, [3459248796, 2100664826]);
    read_burst_increment_linear(15, 436, [2474490918, 966137715]);
    read_burst_increment_linear(15, 444, [3515593891, 2543429679]);
    read_burst_increment_linear(15, 452, [3654455987, 2950190687]);
    read_burst_increment_linear(15, 460, [573115716, 2079915511]);
    read_burst_increment_linear(15, 468, [3852154571, 4077460198]);
    read_burst_increment_linear(15, 104, [777537884, 3733858493, 2527811629, 2997298789, 2985255523, 91457290, 3225100928]);
    read_burst_increment_linear(15, 380, [484042553, 265457439, 3924555475, 1121529733, 3155462264, 769284443]);
    read_burst_increment_linear(15, 404, [613108553, 2683481663, 353152810, 739599192, 3275700358, 3340373134]);
    read_burst_increment_linear(15, 428, [3459248796, 2100664826, 2474490918, 966137715, 3515593891, 2543429679]);
    read_burst_increment_linear(15, 452, [3654455987, 2950190687, 573115716, 2079915511, 3852154571, 4077460198]);
    read_burst_increment_linear(15, 112, [2527811629, 2997298789, 2985255523]);
    read_burst_increment_linear(15, 124, [91457290, 3225100928, 274997536]);
    read_burst_increment_linear(15, 136, [1433945514, 3469528221, 3407888022]);
    read_burst_increment_linear(15, 148, [2307110931, 2260482061, 2846348883]);
    read_burst_increment_linear(15, 160, [899669355, 3936758485, 2165787138]);
    read_burst_increment_linear(15, 172, [3612753582, 251652381, 3888476879]);
    read_burst_increment_linear(15, 184, [293882147, 84501770, 3849521866]);
    read_burst_increment_linear(15, 196, [2654030908, 2036907506, 1160667530]);
    read_burst_increment_linear(15, 208, [549761857, 3964351704, 1008792440]);
    read_burst_increment_linear(15, 220, [3297383049, 1975848427, 1526883766]);
    read_burst_increment_linear(15, 336, [3959341271, 2831678545, 1260466070, 102596364, 3777810114]);
    read_burst_increment_linear(15, 356, [1683484104, 3145882231, 519236925, 151837458, 3204776062]);
    read_burst_increment_linear(15, 376, [921010541, 484042553, 265457439, 3924555475, 1121529733]);
    read_burst_increment_linear(15, 396, [3155462264, 769284443, 613108553, 2683481663, 353152810]);
    read_burst_increment_linear(15, 416, [739599192, 3275700358, 3340373134, 3459248796, 2100664826]);
    read_burst_increment_linear(15, 176, [251652381, 3888476879, 293882147, 84501770, 3849521866, 2654030908, 2036907506, 1160667530]);
    read_burst_increment_linear(15, 208, [549761857, 3964351704, 1008792440, 3297383049, 1975848427, 1526883766, 1665923526, 1460999086]);
    read_burst_increment_linear(15, 408, [2683481663, 353152810, 739599192, 3275700358]);
    read_burst_increment_linear(15, 424, [3340373134, 3459248796, 2100664826, 2474490918]);
    read_burst_increment_linear(15, 440, [966137715, 3515593891, 2543429679, 3654455987]);
    read_burst_increment_linear(15, 456, [2950190687, 573115716, 2079915511, 3852154571]);
    read_burst_increment_linear(15, 472, [4077460198, 757652314, 349159721, 4135772909]);
    read_burst_increment_linear(15, 144, [3407888022, 2307110931, 2260482061, 2846348883, 899669355, 3936758485, 2165787138]);
    read_burst_increment_linear(15, 172, [3612753582, 251652381, 3888476879, 293882147, 84501770, 3849521866, 2654030908]);
    read_burst_increment_linear(15, 200, [2036907506, 1160667530, 549761857, 3964351704, 1008792440]);
    read_burst_increment_linear(15, 220, [3297383049, 1975848427, 1526883766, 1665923526, 1460999086]);
    read_burst_increment_linear(15, 240, [3732210364, 353361194, 2245499403, 3096952433, 1123172741]);
    read_burst_increment_linear(15, 260, [670192975, 2647416891, 486945594, 3206754942, 178932501]);
    read_burst_increment_linear(15, 396, [3155462264, 769284443, 613108553, 2683481663, 353152810, 739599192]);
    read_burst_increment_linear(15, 188, [84501770, 3849521866, 2654030908, 2036907506, 1160667530]);
    read_burst_increment_linear(15, 252, [3096952433, 1123172741, 670192975, 2647416891]);
    read_burst_increment_linear(15, 112, [2527811629, 2997298789]);
    read_burst_increment_linear(15, 120, [2985255523, 91457290]);
    read_burst_increment_linear(15, 128, [3225100928, 274997536]);
    read_burst_increment_linear(15, 136, [1433945514, 3469528221]);
    read_burst_increment_linear(15, 144, [3407888022, 2307110931]);
    read_burst_increment_linear(15, 152, [2260482061, 2846348883]);
    read_burst_increment_linear(15, 160, [899669355, 3936758485]);
    read_burst_increment_linear(15, 168, [2165787138, 3612753582]);
    read_burst_increment_linear(15, 176, [251652381, 3888476879]);
    read_burst_increment_linear(15, 184, [293882147, 84501770]);
    read_burst_increment_linear(15, 192, [3849521866, 2654030908]);
    read_burst_increment_linear(15, 200, [2036907506, 1160667530]);
    read_burst_increment_linear(15, 208, [549761857, 3964351704]);
    read_burst_increment_linear(15, 216, [1008792440, 3297383049]);
    read_burst_increment_linear(15, 224, [1975848427, 1526883766]);
    read_burst_increment_linear(15, 232, [1665923526, 1460999086]);
    read_burst_increment_linear(15, 448, [2543429679, 3654455987, 2950190687, 573115716, 2079915511, 3852154571]);
    read_burst_increment_linear(15, 472, [4077460198, 757652314, 349159721, 4135772909, 3981667546, 2996811365]);
    read_burst_increment_linear(15, 320, [2915811419, 1155413897]);
    read_burst_increment_linear(15, 328, [2762879561, 3894623952]);
    read_burst_increment_linear(15, 336, [3959341271, 2831678545]);
    read_burst_increment_linear(15, 344, [1260466070, 102596364]);
    read_burst_increment_linear(15, 352, [3777810114, 1683484104]);
    read_burst_increment_linear(15, 360, [3145882231, 519236925]);
    read_burst_increment_linear(15, 368, [151837458, 3204776062]);
    read_burst_increment_linear(15, 376, [921010541, 484042553]);
    read_burst_increment_linear(15, 384, [265457439, 3924555475]);
    read_burst_increment_linear(15, 392, [1121529733, 3155462264]);
    read_burst_increment_linear(15, 400, [769284443, 613108553]);
    read_burst_increment_linear(15, 40, [992211318, 512609597, 1993627629]);
    read_burst_increment_linear(15, 52, [1177417612, 2097015289, 3812041926]);
    read_burst_increment_linear(15, 64, [3807872197, 3574846122, 1924134885]);
    read_burst_increment_linear(15, 76, [3151131255, 2301810194, 1206705039]);
    read_burst_increment_linear(15, 88, [2033215986, 3883308750, 4093672168]);
    read_burst_increment_linear(15, 100, [3804909253, 777537884, 3733858493]);
    read_burst_increment_linear(15, 112, [2527811629, 2997298789, 2985255523]);
    read_burst_increment_linear(15, 124, [91457290, 3225100928, 274997536]);
    read_burst_increment_linear(15, 224, [1975848427, 1526883766, 1665923526]);
    read_burst_increment_linear(15, 236, [1460999086, 3732210364, 353361194]);
    read_burst_increment_linear(15, 248, [2245499403, 3096952433, 1123172741]);
    read_burst_increment_linear(15, 284, [1822182361, 824379234, 641071948, 1335973279, 1203347855, 2087561720, 3687669943, 3485750943]);
    read_burst_increment_linear(15, 316, [2927465564, 2915811419, 1155413897, 2762879561, 3894623952, 3959341271, 2831678545, 1260466070]);
    read_burst_increment_linear(15, 216, [1008792440, 3297383049, 1975848427, 1526883766, 1665923526, 1460999086, 3732210364]);
    read_burst_increment_linear(15, 244, [353361194, 2245499403, 3096952433, 1123172741, 670192975, 2647416891, 486945594]);
    read_burst_increment_linear(15, 116, [2997298789, 2985255523, 91457290]);
    read_burst_increment_linear(15, 128, [3225100928, 274997536, 1433945514]);
    read_burst_increment_linear(15, 140, [3469528221, 3407888022, 2307110931]);
    read_burst_increment_linear(15, 152, [2260482061, 2846348883, 899669355]);
    read_burst_increment_linear(15, 240, [3732210364, 353361194]);
    read_burst_increment_linear(15, 248, [2245499403, 3096952433]);
    read_burst_increment_linear(15, 256, [1123172741, 670192975]);
    read_burst_increment_linear(15, 264, [2647416891, 486945594]);
    read_burst_increment_linear(15, 272, [3206754942, 178932501]);
    read_burst_increment_linear(15, 280, [2027527153, 1822182361]);
    read_burst_increment_linear(15, 288, [824379234, 641071948]);
    read_burst_increment_linear(15, 296, [1335973279, 1203347855]);
    read_burst_increment_linear(15, 304, [2087561720, 3687669943]);
    read_burst_increment_linear(15, 312, [3485750943, 2927465564]);
    read_burst_increment_linear(15, 320, [2915811419, 1155413897]);
    read_burst_increment_linear(15, 328, [2762879561, 3894623952]);
    read_burst_increment_linear(15, 336, [3959341271, 2831678545]);
    read_burst_increment_linear(15, 344, [1260466070, 102596364]);
    read_burst_increment_linear(15, 352, [3777810114, 1683484104]);
    read_burst_increment_linear(15, 52, [1177417612, 2097015289, 3812041926, 3807872197, 3574846122, 1924134885]);
    read_burst_increment_linear(15, 76, [3151131255, 2301810194, 1206705039, 2033215986, 3883308750, 4093672168]);
    read_burst_increment_linear(15, 100, [3804909253, 777537884, 3733858493, 2527811629, 2997298789, 2985255523]);
    read_burst_increment_linear(15, 228, [1526883766, 1665923526, 1460999086, 3732210364, 353361194, 2245499403]);
    read_burst_increment_linear(15, 176, [251652381, 3888476879, 293882147, 84501770, 3849521866, 2654030908, 2036907506]);
    read_burst_increment_linear(15, 204, [1160667530, 549761857, 3964351704, 1008792440, 3297383049, 1975848427, 1526883766]);
    read_burst_increment_linear(15, 64, [3807872197, 3574846122, 1924134885]);
    read_burst_increment_linear(15, 76, [3151131255, 2301810194, 1206705039]);
    read_burst_increment_linear(15, 88, [2033215986, 3883308750, 4093672168]);
    read_burst_increment_linear(15, 100, [3804909253, 777537884, 3733858493]);
    read_burst_increment_linear(15, 112, [2527811629, 2997298789, 2985255523]);
    read_burst_increment_linear(15, 124, [91457290, 3225100928, 274997536]);
    read_burst_increment_linear(15, 136, [1433945514, 3469528221, 3407888022]);
    read_burst_increment_linear(15, 148, [2307110931, 2260482061, 2846348883]);
    read_burst_increment_linear(15, 336, [3959341271, 2831678545, 1260466070, 102596364, 3777810114, 1683484104, 3145882231]);
    read_burst_increment_linear(15, 364, [519236925, 151837458, 3204776062, 921010541, 484042553, 265457439, 3924555475]);
    read_burst_increment_linear(15, 392, [1121529733, 3155462264, 769284443, 613108553, 2683481663, 353152810, 739599192]);
    read_burst_increment_linear(15, 420, [3275700358, 3340373134, 3459248796, 2100664826, 2474490918, 966137715, 3515593891]);
    read_burst_increment_linear(15, 184, [293882147, 84501770, 3849521866, 2654030908]);
    read_burst_increment_linear(15, 356, [1683484104, 3145882231, 519236925]);
    read_burst_increment_linear(15, 368, [151837458, 3204776062, 921010541]);
    read_burst_increment_linear(15, 380, [484042553, 265457439, 3924555475]);
    read_burst_increment_linear(15, 392, [1121529733, 3155462264, 769284443]);
    read_burst_increment_linear(15, 404, [613108553, 2683481663, 353152810]);
    read_burst_increment_linear(15, 416, [739599192, 3275700358, 3340373134]);
    read_burst_increment_linear(15, 428, [3459248796, 2100664826, 2474490918]);
    read_burst_increment_linear(15, 440, [966137715, 3515593891, 2543429679]);
    read_burst_increment_linear(15, 36, [114806029, 992211318]);
    read_burst_increment_linear(15, 44, [512609597, 1993627629]);
    read_burst_increment_linear(15, 52, [1177417612, 2097015289]);
    read_burst_increment_linear(15, 60, [3812041926, 3807872197]);
    read_burst_increment_linear(15, 344, [1260466070, 102596364, 3777810114, 1683484104, 3145882231, 519236925, 151837458]);
    read_burst_increment_linear(15, 356, [1683484104, 3145882231, 519236925, 151837458, 3204776062, 921010541, 484042553, 265457439]);
    read_burst_increment_linear(15, 388, [3924555475, 1121529733, 3155462264, 769284443, 613108553, 2683481663, 353152810, 739599192]);
    read_burst_increment_linear(15, 420, [3275700358, 3340373134, 3459248796, 2100664826, 2474490918, 966137715, 3515593891, 2543429679]);
    read_burst_increment_linear(15, 452, [3654455987, 2950190687, 573115716, 2079915511, 3852154571, 4077460198, 757652314, 349159721]);
    read_burst_increment_linear(15, 312, [3485750943, 2927465564, 2915811419, 1155413897, 2762879561]);
    read_burst_increment_linear(15, 332, [3894623952, 3959341271, 2831678545, 1260466070, 102596364]);
    read_burst_increment_linear(15, 352, [3777810114, 1683484104, 3145882231, 519236925, 151837458]);
    read_burst_increment_linear(15, 372, [3204776062, 921010541, 484042553, 265457439, 3924555475]);
    read_burst_increment_linear(15, 392, [1121529733, 3155462264, 769284443, 613108553, 2683481663]);
    read_burst_increment_linear(15, 412, [353152810, 739599192, 3275700358, 3340373134, 3459248796]);
    read_burst_increment_linear(15, 32, [15983361, 114806029, 992211318, 512609597]);
    read_burst_increment_linear(15, 48, [1993627629, 1177417612, 2097015289, 3812041926]);
    read_burst_increment_linear(15, 64, [3807872197, 3574846122, 1924134885, 3151131255]);
    read_burst_increment_linear(15, 80, [2301810194, 1206705039, 2033215986, 3883308750]);
    read_burst_increment_linear(15, 96, [4093672168, 3804909253, 777537884, 3733858493]);
    read_burst_increment_linear(15, 112, [2527811629, 2997298789, 2985255523, 91457290]);
    read_burst_increment_linear(15, 128, [3225100928, 274997536, 1433945514, 3469528221]);
    read_burst_increment_linear(15, 248, [2245499403, 3096952433, 1123172741, 670192975, 2647416891, 486945594]);
    read_burst_increment_linear(15, 272, [3206754942, 178932501, 2027527153, 1822182361, 824379234, 641071948]);
    read_burst_increment_linear(15, 296, [1335973279, 1203347855, 2087561720, 3687669943, 3485750943, 2927465564]);
    read_burst_increment_linear(15, 256, [1123172741, 670192975, 2647416891, 486945594, 3206754942]);
    read_burst_increment_linear(15, 276, [178932501, 2027527153, 1822182361, 824379234, 641071948]);
    read_burst_increment_linear(15, 296, [1335973279, 1203347855, 2087561720, 3687669943, 3485750943]);
    read_burst_increment_linear(15, 316, [2927465564, 2915811419, 1155413897, 2762879561, 3894623952]);
    read_burst_increment_linear(15, 336, [3959341271, 2831678545, 1260466070, 102596364, 3777810114]);
    read_burst_increment_linear(15, 284, [1822182361, 824379234, 641071948, 1335973279, 1203347855, 2087561720, 3687669943]);
    read_burst_increment_linear(15, 312, [3485750943, 2927465564, 2915811419, 1155413897, 2762879561, 3894623952, 3959341271]);
    read_burst_increment_linear(15, 340, [2831678545, 1260466070, 102596364, 3777810114, 1683484104, 3145882231, 519236925]);
    read_burst_increment_linear(15, 368, [151837458, 3204776062, 921010541, 484042553, 265457439, 3924555475, 1121529733]);
    read_burst_increment_linear(15, 304, [2087561720, 3687669943, 3485750943, 2927465564, 2915811419, 1155413897, 2762879561]);
    read_burst_increment_linear(15, 332, [3894623952, 3959341271, 2831678545, 1260466070, 102596364, 3777810114, 1683484104]);
    read_burst_increment_linear(15, 360, [3145882231, 519236925, 151837458, 3204776062, 921010541, 484042553, 265457439]);
    read_burst_increment_linear(15, 388, [3924555475, 1121529733, 3155462264, 769284443, 613108553, 2683481663, 353152810]);
    read_burst_increment_linear(15, 176, [251652381, 3888476879, 293882147, 84501770, 3849521866, 2654030908, 2036907506]);
    read_burst_increment_linear(15, 204, [1160667530, 549761857, 3964351704, 1008792440, 3297383049, 1975848427, 1526883766]);
    read_burst_increment_linear(15, 232, [1665923526, 1460999086, 3732210364, 353361194, 2245499403, 3096952433, 1123172741]);
    read_burst_increment_linear(15, 260, [670192975, 2647416891, 486945594, 3206754942, 178932501, 2027527153, 1822182361]);
    read_burst_increment_linear(15, 436, [2474490918, 966137715, 3515593891, 2543429679]);
    read_burst_increment_linear(15, 64, [3807872197, 3574846122, 1924134885]);
    read_burst_increment_linear(15, 76, [3151131255, 2301810194, 1206705039]);
    read_burst_increment_linear(15, 88, [2033215986, 3883308750, 4093672168]);
    read_burst_increment_linear(15, 100, [3804909253, 777537884, 3733858493]);
    read_burst_increment_linear(15, 112, [2527811629, 2997298789, 2985255523]);
    read_burst_increment_linear(15, 124, [91457290, 3225100928, 274997536]);
    read_burst_increment_linear(15, 136, [1433945514, 3469528221, 3407888022]);
    read_burst_increment_linear(15, 148, [2307110931, 2260482061, 2846348883]);
    read_burst_increment_linear(15, 104, [777537884, 3733858493, 2527811629, 2997298789]);
    read_burst_increment_linear(15, 120, [2985255523, 91457290, 3225100928, 274997536]);
    read_burst_increment_linear(15, 136, [1433945514, 3469528221, 3407888022, 2307110931]);
    read_burst_increment_linear(15, 152, [2260482061, 2846348883, 899669355, 3936758485]);
    read_burst_increment_linear(15, 168, [2165787138, 3612753582, 251652381, 3888476879]);
    read_burst_increment_linear(15, 184, [293882147, 84501770, 3849521866, 2654030908]);
    read_burst_increment_linear(15, 200, [2036907506, 1160667530, 549761857, 3964351704]);
    read_burst_increment_linear(15, 244, [353361194, 2245499403, 3096952433, 1123172741, 670192975, 2647416891, 486945594, 3206754942]);
    read_burst_increment_linear(15, 276, [178932501, 2027527153, 1822182361, 824379234, 641071948, 1335973279, 1203347855, 2087561720]);
    read_burst_increment_linear(15, 100, [3804909253, 777537884, 3733858493, 2527811629, 2997298789]);
    read_burst_increment_linear(15, 120, [2985255523, 91457290, 3225100928, 274997536, 1433945514]);
    read_burst_increment_linear(15, 140, [3469528221, 3407888022, 2307110931, 2260482061, 2846348883]);
    read_burst_increment_linear(15, 160, [899669355, 3936758485, 2165787138, 3612753582, 251652381]);
    read_burst_increment_linear(15, 180, [3888476879, 293882147, 84501770, 3849521866, 2654030908]);
    read_burst_increment_linear(15, 260, [670192975, 2647416891, 486945594, 3206754942, 178932501, 2027527153, 1822182361]);
    read_burst_increment_linear(15, 256, [1123172741, 670192975, 2647416891]);
    read_burst_increment_linear(15, 268, [486945594, 3206754942, 178932501]);
    read_burst_increment_linear(15, 192, [3849521866, 2654030908, 2036907506]);
    read_burst_increment_linear(15, 188, [84501770, 3849521866, 2654030908, 2036907506, 1160667530]);
    read_burst_increment_linear(15, 208, [549761857, 3964351704, 1008792440, 3297383049, 1975848427]);
    read_burst_increment_linear(15, 392, [1121529733, 3155462264, 769284443, 613108553, 2683481663, 353152810, 739599192, 3275700358]);
    read_burst_increment_linear(15, 424, [3340373134, 3459248796, 2100664826, 2474490918, 966137715, 3515593891, 2543429679, 3654455987]);
    read_burst_increment_linear(15, 456, [2950190687, 573115716, 2079915511, 3852154571, 4077460198, 757652314, 349159721, 4135772909]);
    read_burst_increment_linear(15, 412, [353152810, 739599192, 3275700358, 3340373134, 3459248796]);
    read_burst_increment_linear(15, 432, [2100664826, 2474490918, 966137715, 3515593891, 2543429679]);
    read_burst_increment_linear(15, 452, [3654455987, 2950190687, 573115716, 2079915511, 3852154571]);
    read_burst_increment_linear(15, 32, [15983361, 114806029, 992211318, 512609597, 1993627629, 1177417612]);
    read_burst_increment_linear(15, 56, [2097015289, 3812041926, 3807872197, 3574846122, 1924134885, 3151131255]);
    read_burst_increment_linear(15, 80, [2301810194, 1206705039, 2033215986, 3883308750, 4093672168, 3804909253]);
    read_burst_increment_linear(15, 444, [3515593891, 2543429679]);
    read_burst_increment_linear(15, 452, [3654455987, 2950190687]);
    read_burst_increment_linear(15, 460, [573115716, 2079915511]);
    read_burst_increment_linear(15, 468, [3852154571, 4077460198]);
    read_burst_increment_linear(15, 476, [757652314, 349159721]);
    read_burst_increment_linear(15, 484, [4135772909, 3981667546]);
    read_burst_increment_linear(15, 492, [2996811365, 3666535093]);
    read_burst_increment_linear(15, 232, [1665923526, 1460999086, 3732210364]);
    read_burst_increment_linear(15, 244, [353361194, 2245499403, 3096952433]);
    read_burst_increment_linear(15, 256, [1123172741, 670192975, 2647416891]);
    read_burst_increment_linear(15, 492, [2996811365, 3666535093, 4022244575, 1022433657, 573701956]);
    read_burst_increment_linear(15, 4, [3230228097, 2223298057, 2985317987]);
    read_burst_increment_linear(15, 16, [112818957, 1189058957, 2999092325]);
    read_burst_increment_linear(15, 28, [2302104082, 15983361, 114806029]);
    read_burst_increment_linear(15, 40, [992211318, 512609597, 1993627629]);
    read_burst_increment_linear(15, 220, [3297383049, 1975848427]);
    read_burst_increment_linear(15, 228, [1526883766, 1665923526]);
    read_burst_increment_linear(15, 236, [1460999086, 3732210364]);
    read_burst_increment_linear(15, 272, [3206754942, 178932501, 2027527153]);
    read_burst_increment_linear(15, 284, [1822182361, 824379234, 641071948]);
    read_burst_increment_linear(15, 296, [1335973279, 1203347855, 2087561720]);
    read_burst_increment_linear(15, 308, [3687669943, 3485750943, 2927465564]);
    read_burst_increment_linear(15, 320, [2915811419, 1155413897, 2762879561]);
    read_burst_increment_linear(15, 332, [3894623952, 3959341271, 2831678545]);
    read_burst_increment_linear(15, 432, [2100664826, 2474490918, 966137715, 3515593891, 2543429679, 3654455987, 2950190687, 573115716]);
    read_burst_increment_linear(15, 192, [3849521866, 2654030908, 2036907506, 1160667530]);
    read_burst_increment_linear(15, 208, [549761857, 3964351704, 1008792440, 3297383049]);
    read_burst_increment_linear(15, 224, [1975848427, 1526883766, 1665923526, 1460999086]);
    read_burst_increment_linear(15, 240, [3732210364, 353361194, 2245499403, 3096952433]);
    read_burst_increment_linear(15, 256, [1123172741, 670192975, 2647416891, 486945594]);
    read_burst_increment_linear(15, 332, [3894623952, 3959341271, 2831678545, 1260466070, 102596364, 3777810114]);
    read_burst_increment_linear(15, 124, [91457290, 3225100928, 274997536, 1433945514, 3469528221, 3407888022, 2307110931, 2260482061]);
    read_burst_increment_linear(15, 156, [2846348883, 899669355, 3936758485, 2165787138, 3612753582, 251652381, 3888476879, 293882147]);
    read_burst_increment_linear(15, 188, [84501770, 3849521866, 2654030908, 2036907506, 1160667530, 549761857, 3964351704, 1008792440]);
    read_burst_increment_linear(15, 32, [15983361, 114806029, 992211318, 512609597, 1993627629]);
    read_burst_increment_linear(15, 52, [1177417612, 2097015289, 3812041926, 3807872197, 3574846122]);
    read_burst_increment_linear(15, 72, [1924134885, 3151131255, 2301810194, 1206705039, 2033215986]);
    read_burst_increment_linear(15, 232, [1665923526, 1460999086, 3732210364, 353361194, 2245499403, 3096952433, 1123172741]);
    read_burst_increment_linear(15, 260, [670192975, 2647416891, 486945594, 3206754942, 178932501, 2027527153, 1822182361]);
    read_burst_increment_linear(15, 280, [2027527153, 1822182361, 824379234, 641071948]);
    read_burst_increment_linear(15, 296, [1335973279, 1203347855, 2087561720, 3687669943]);
    read_burst_increment_linear(15, 312, [3485750943, 2927465564, 2915811419, 1155413897]);
    read_burst_increment_linear(15, 328, [2762879561, 3894623952, 3959341271, 2831678545]);
    read_burst_increment_linear(15, 344, [1260466070, 102596364, 3777810114, 1683484104]);
    read_burst_increment_linear(15, 360, [3145882231, 519236925, 151837458, 3204776062]);
    read_burst_increment_linear(15, 376, [921010541, 484042553, 265457439, 3924555475]);
    read_burst_increment_linear(15, 12, [2985317987, 112818957]);
    read_burst_increment_linear(15, 20, [1189058957, 2999092325]);
    read_burst_increment_linear(15, 28, [2302104082, 15983361]);
    read_burst_increment_linear(15, 36, [114806029, 992211318]);
    read_burst_increment_linear(15, 44, [512609597, 1993627629]);
    read_burst_increment_linear(15, 52, [1177417612, 2097015289]);
    read_burst_increment_linear(15, 60, [3812041926, 3807872197]);
    read_burst_increment_linear(15, 68, [3574846122, 1924134885]);
    read_burst_increment_linear(15, 76, [3151131255, 2301810194]);
    read_burst_increment_linear(15, 84, [1206705039, 2033215986]);
    read_burst_increment_linear(15, 92, [3883308750, 4093672168]);
    read_burst_increment_linear(15, 100, [3804909253, 777537884]);
    read_burst_increment_linear(15, 108, [3733858493, 2527811629]);
    read_burst_increment_linear(15, 116, [2997298789, 2985255523]);
    read_burst_increment_linear(15, 124, [91457290, 3225100928]);
    read_burst_increment_linear(15, 408, [2683481663, 353152810]);
    read_burst_increment_linear(15, 416, [739599192, 3275700358]);
    read_burst_increment_linear(15, 424, [3340373134, 3459248796]);
    read_burst_increment_linear(15, 432, [2100664826, 2474490918]);
    read_burst_increment_linear(15, 440, [966137715, 3515593891]);
    read_burst_increment_linear(15, 448, [2543429679, 3654455987]);
    read_burst_increment_linear(15, 456, [2950190687, 573115716]);
    read_burst_increment_linear(15, 464, [2079915511, 3852154571]);
    read_burst_increment_linear(15, 328, [2762879561, 3894623952, 3959341271, 2831678545]);
    read_burst_increment_linear(15, 344, [1260466070, 102596364, 3777810114, 1683484104]);
    read_burst_increment_linear(15, 360, [3145882231, 519236925, 151837458, 3204776062]);
    read_burst_increment_linear(15, 376, [921010541, 484042553, 265457439, 3924555475]);
    read_burst_increment_linear(15, 392, [1121529733, 3155462264, 769284443, 613108553]);
    read_burst_increment_linear(15, 408, [2683481663, 353152810, 739599192, 3275700358]);
    read_burst_increment_linear(15, 424, [3340373134, 3459248796, 2100664826, 2474490918]);
    read_burst_increment_linear(15, 4, [3230228097, 2223298057, 2985317987]);
    read_burst_increment_linear(15, 136, [1433945514, 3469528221, 3407888022, 2307110931, 2260482061, 2846348883]);
    read_burst_increment_linear(15, 160, [899669355, 3936758485, 2165787138, 3612753582, 251652381, 3888476879]);
    read_burst_increment_linear(15, 184, [293882147, 84501770, 3849521866, 2654030908, 2036907506, 1160667530]);
    read_burst_increment_linear(15, 68, [3574846122, 1924134885, 3151131255, 2301810194, 1206705039, 2033215986, 3883308750]);
    read_burst_increment_linear(15, 324, [1155413897, 2762879561, 3894623952, 3959341271, 2831678545]);
    read_burst_increment_linear(15, 344, [1260466070, 102596364, 3777810114, 1683484104, 3145882231]);
    read_burst_increment_linear(15, 188, [84501770, 3849521866, 2654030908, 2036907506, 1160667530, 549761857, 3964351704, 1008792440]);
    read_burst_increment_linear(15, 220, [3297383049, 1975848427, 1526883766, 1665923526, 1460999086, 3732210364, 353361194, 2245499403]);
    read_burst_increment_linear(15, 252, [3096952433, 1123172741, 670192975, 2647416891, 486945594, 3206754942, 178932501, 2027527153]);
    read_burst_increment_linear(15, 268, [486945594, 3206754942, 178932501, 2027527153, 1822182361, 824379234, 641071948, 1335973279]);
    read_burst_increment_linear(15, 300, [1203347855, 2087561720, 3687669943, 3485750943, 2927465564, 2915811419, 1155413897, 2762879561]);
    read_burst_increment_linear(15, 332, [3894623952, 3959341271, 2831678545, 1260466070, 102596364, 3777810114, 1683484104, 3145882231]);
    read_burst_increment_linear(15, 104, [777537884, 3733858493, 2527811629, 2997298789, 2985255523]);
    read_burst_increment_linear(15, 124, [91457290, 3225100928, 274997536, 1433945514, 3469528221]);
    read_burst_increment_linear(15, 144, [3407888022, 2307110931, 2260482061, 2846348883, 899669355]);
    read_burst_increment_linear(15, 164, [3936758485, 2165787138, 3612753582, 251652381, 3888476879]);
    read_burst_increment_linear(15, 216, [1008792440, 3297383049, 1975848427, 1526883766, 1665923526]);
    read_burst_increment_linear(15, 236, [1460999086, 3732210364, 353361194, 2245499403, 3096952433]);
    read_burst_increment_linear(15, 256, [1123172741, 670192975, 2647416891, 486945594, 3206754942]);
    read_burst_increment_linear(15, 276, [178932501, 2027527153, 1822182361, 824379234, 641071948]);
    read_burst_increment_linear(15, 296, [1335973279, 1203347855, 2087561720, 3687669943, 3485750943]);
    read_burst_increment_linear(15, 316, [2927465564, 2915811419, 1155413897, 2762879561, 3894623952]);
    read_burst_increment_linear(15, 84, [1206705039, 2033215986, 3883308750, 4093672168]);
    read_burst_increment_linear(15, 100, [3804909253, 777537884, 3733858493, 2527811629]);
    read_burst_increment_linear(15, 116, [2997298789, 2985255523, 91457290, 3225100928]);
    read_burst_increment_linear(15, 132, [274997536, 1433945514, 3469528221, 3407888022]);
    read_burst_increment_linear(15, 148, [2307110931, 2260482061, 2846348883, 899669355]);
    read_burst_increment_linear(15, 164, [3936758485, 2165787138, 3612753582, 251652381]);
    read_burst_increment_linear(15, 180, [3888476879, 293882147, 84501770, 3849521866]);
    read_burst_increment_linear(15, 224, [1975848427, 1526883766, 1665923526, 1460999086]);
    read_burst_increment_linear(15, 240, [3732210364, 353361194, 2245499403, 3096952433]);
    read_burst_increment_linear(15, 16, [112818957, 1189058957, 2999092325]);
    read_burst_increment_linear(15, 28, [2302104082, 15983361, 114806029]);
    read_burst_increment_linear(15, 40, [992211318, 512609597, 1993627629]);
    read_burst_increment_linear(15, 52, [1177417612, 2097015289, 3812041926]);
    read_burst_increment_linear(15, 64, [3807872197, 3574846122, 1924134885]);
    read_burst_increment_linear(15, 76, [3151131255, 2301810194, 1206705039]);
    read_burst_increment_linear(15, 96, [4093672168, 3804909253, 777537884, 3733858493, 2527811629, 2997298789, 2985255523, 91457290]);
    read_burst_increment_linear(15, 384, [265457439, 3924555475]);
    read_burst_increment_linear(15, 392, [1121529733, 3155462264]);
    read_burst_increment_linear(15, 400, [769284443, 613108553]);
    read_burst_increment_linear(15, 408, [2683481663, 353152810]);
    read_burst_increment_linear(15, 416, [739599192, 3275700358]);
    read_burst_increment_linear(15, 424, [3340373134, 3459248796]);
    read_burst_increment_linear(15, 432, [2100664826, 2474490918]);
    read_burst_increment_linear(15, 308, [3687669943, 3485750943]);
    read_burst_increment_linear(15, 316, [2927465564, 2915811419]);
    read_burst_increment_linear(15, 324, [1155413897, 2762879561]);
    read_burst_increment_linear(15, 332, [3894623952, 3959341271]);
    read_burst_increment_linear(15, 340, [2831678545, 1260466070]);
    read_burst_increment_linear(15, 348, [102596364, 3777810114]);
    read_burst_increment_linear(15, 152, [2260482061, 2846348883]);
    read_burst_increment_linear(15, 160, [899669355, 3936758485]);
    read_burst_increment_linear(15, 168, [2165787138, 3612753582]);
    read_burst_increment_linear(15, 176, [251652381, 3888476879]);
    read_burst_increment_linear(15, 184, [293882147, 84501770]);
    read_burst_increment_linear(15, 192, [3849521866, 2654030908]);
    read_burst_increment_linear(15, 200, [2036907506, 1160667530]);
    read_burst_increment_linear(15, 208, [549761857, 3964351704]);
    read_burst_increment_linear(15, 216, [1008792440, 3297383049]);
    read_burst_increment_linear(15, 224, [1975848427, 1526883766]);
    read_burst_increment_linear(15, 232, [1665923526, 1460999086]);
    read_burst_increment_linear(15, 240, [3732210364, 353361194]);
    read_burst_increment_linear(15, 248, [2245499403, 3096952433]);
    read_burst_increment_linear(15, 256, [1123172741, 670192975]);
    read_burst_increment_linear(15, 264, [2647416891, 486945594]);
    read_burst_increment_linear(15, 388, [3924555475, 1121529733, 3155462264, 769284443]);
    read_burst_increment_linear(15, 404, [613108553, 2683481663, 353152810, 739599192]);
    read_burst_increment_linear(15, 420, [3275700358, 3340373134, 3459248796, 2100664826]);
    read_burst_increment_linear(15, 436, [2474490918, 966137715, 3515593891, 2543429679]);
    read_burst_increment_linear(15, 452, [3654455987, 2950190687, 573115716, 2079915511]);
    read_burst_increment_linear(15, 60, [3812041926, 3807872197, 3574846122, 1924134885, 3151131255]);
    read_burst_increment_linear(15, 84, [1206705039, 2033215986, 3883308750, 4093672168, 3804909253, 777537884]);
    read_burst_increment_linear(15, 108, [3733858493, 2527811629, 2997298789, 2985255523, 91457290, 3225100928]);
    read_burst_increment_linear(15, 132, [274997536, 1433945514, 3469528221, 3407888022, 2307110931, 2260482061]);
    read_burst_increment_linear(15, 296, [1335973279, 1203347855, 2087561720, 3687669943, 3485750943, 2927465564]);
    read_burst_increment_linear(15, 320, [2915811419, 1155413897, 2762879561, 3894623952, 3959341271, 2831678545]);
    read_burst_increment_linear(15, 140, [3469528221, 3407888022, 2307110931, 2260482061, 2846348883, 899669355, 3936758485, 2165787138]);
    read_burst_increment_linear(15, 172, [3612753582, 251652381, 3888476879, 293882147, 84501770, 3849521866, 2654030908, 2036907506]);
    read_burst_increment_linear(15, 72, [1924134885, 3151131255, 2301810194, 1206705039, 2033215986, 3883308750, 4093672168, 3804909253]);
    read_burst_increment_linear(15, 104, [777537884, 3733858493, 2527811629, 2997298789, 2985255523, 91457290, 3225100928, 274997536]);
    read_burst_increment_linear(15, 136, [1433945514, 3469528221, 3407888022, 2307110931, 2260482061, 2846348883, 899669355, 3936758485]);
    read_burst_increment_linear(15, 132, [274997536, 1433945514, 3469528221]);
    read_burst_increment_linear(15, 144, [3407888022, 2307110931, 2260482061]);
    read_burst_increment_linear(15, 156, [2846348883, 899669355, 3936758485]);
    read_burst_increment_linear(15, 168, [2165787138, 3612753582, 251652381]);
    read_burst_increment_linear(15, 180, [3888476879, 293882147, 84501770]);
    read_burst_increment_linear(15, 60, [3812041926, 3807872197, 3574846122]);
    read_burst_increment_linear(15, 72, [1924134885, 3151131255, 2301810194]);
    read_burst_increment_linear(15, 84, [1206705039, 2033215986, 3883308750]);
    read_burst_increment_linear(15, 96, [4093672168, 3804909253, 777537884]);
    read_burst_increment_linear(15, 108, [3733858493, 2527811629, 2997298789]);
    read_burst_increment_linear(15, 120, [2985255523, 91457290, 3225100928]);
    read_burst_increment_linear(15, 132, [274997536, 1433945514, 3469528221]);
    read_burst_increment_linear(15, 144, [3407888022, 2307110931, 2260482061]);
    read_burst_increment_linear(15, 104, [777537884, 3733858493]);
    read_burst_increment_linear(15, 112, [2527811629, 2997298789]);
    read_burst_increment_linear(15, 120, [2985255523, 91457290]);
    read_burst_increment_linear(15, 140, [3469528221, 3407888022, 2307110931, 2260482061, 2846348883, 899669355, 3936758485, 2165787138]);
    read_burst_increment_linear(15, 172, [3612753582, 251652381, 3888476879, 293882147, 84501770, 3849521866, 2654030908, 2036907506]);
    read_burst_increment_linear(15, 204, [1160667530, 549761857, 3964351704, 1008792440, 3297383049, 1975848427, 1526883766, 1665923526]);
    read_burst_increment_linear(15, 120, [2985255523, 91457290]);
    read_burst_increment_linear(15, 128, [3225100928, 274997536]);
    read_burst_increment_linear(15, 136, [1433945514, 3469528221]);
    read_burst_increment_linear(15, 144, [3407888022, 2307110931]);
    read_burst_increment_linear(15, 152, [2260482061, 2846348883]);
    read_burst_increment_linear(15, 160, [899669355, 3936758485]);
    read_burst_increment_linear(15, 168, [2165787138, 3612753582]);
    read_burst_increment_linear(15, 176, [251652381, 3888476879]);
    read_burst_increment_linear(15, 184, [293882147, 84501770]);
    read_burst_increment_linear(15, 56, [2097015289, 3812041926, 3807872197, 3574846122]);
    read_burst_increment_linear(15, 72, [1924134885, 3151131255, 2301810194, 1206705039]);
    read_burst_increment_linear(15, 88, [2033215986, 3883308750, 4093672168, 3804909253]);
    read_burst_increment_linear(15, 104, [777537884, 3733858493, 2527811629, 2997298789]);
    read_burst_increment_linear(15, 120, [2985255523, 91457290, 3225100928, 274997536]);
    read_burst_increment_linear(15, 136, [1433945514, 3469528221, 3407888022, 2307110931]);
    read_burst_increment_linear(15, 152, [2260482061, 2846348883, 899669355, 3936758485]);
    read_burst_increment_linear(15, 168, [2165787138, 3612753582, 251652381, 3888476879]);
    read_burst_increment_linear(15, 432, [2100664826, 2474490918, 966137715, 3515593891]);
    read_burst_increment_linear(15, 448, [2543429679, 3654455987, 2950190687, 573115716]);
    read_burst_increment_linear(15, 464, [2079915511, 3852154571, 4077460198, 757652314]);
    read_burst_increment_linear(15, 480, [349159721, 4135772909, 3981667546, 2996811365]);
    read_burst_increment_linear(15, 496, [3666535093, 4022244575, 1022433657, 573701956]);
    read_burst_increment_linear(15, 196, [2654030908, 2036907506, 1160667530]);
    read_burst_increment_linear(15, 208, [549761857, 3964351704, 1008792440]);
    read_burst_increment_linear(15, 220, [3297383049, 1975848427, 1526883766]);
    read_burst_increment_linear(15, 232, [1665923526, 1460999086, 3732210364]);
    read_burst_increment_linear(15, 244, [353361194, 2245499403, 3096952433]);
    read_burst_increment_linear(15, 324, [1155413897, 2762879561, 3894623952, 3959341271, 2831678545]);
    read_burst_increment_linear(15, 344, [1260466070, 102596364, 3777810114, 1683484104, 3145882231]);
    read_burst_increment_linear(15, 364, [519236925, 151837458, 3204776062, 921010541, 484042553]);
    read_burst_increment_linear(15, 232, [1665923526, 1460999086, 3732210364, 353361194, 2245499403, 3096952433, 1123172741, 670192975]);
    read_burst_increment_linear(15, 264, [2647416891, 486945594, 3206754942, 178932501, 2027527153, 1822182361, 824379234, 641071948]);
    read_burst_increment_linear(15, 296, [1335973279, 1203347855, 2087561720, 3687669943, 3485750943, 2927465564, 2915811419, 1155413897]);
    read_burst_increment_linear(15, 328, [2762879561, 3894623952, 3959341271, 2831678545, 1260466070, 102596364, 3777810114, 1683484104]);
    read_burst_increment_linear(15, 280, [2027527153, 1822182361, 824379234, 641071948]);
    read_burst_increment_linear(15, 296, [1335973279, 1203347855, 2087561720, 3687669943]);
    read_burst_increment_linear(15, 312, [3485750943, 2927465564, 2915811419, 1155413897]);
    read_burst_increment_linear(15, 304, [2087561720, 3687669943, 3485750943, 2927465564, 2915811419]);
    read_burst_increment_linear(15, 324, [1155413897, 2762879561, 3894623952, 3959341271, 2831678545]);
    read_burst_increment_linear(15, 264, [2647416891, 486945594]);
    read_burst_increment_linear(15, 272, [3206754942, 178932501]);
    read_burst_increment_linear(15, 280, [2027527153, 1822182361]);
    read_burst_increment_linear(15, 288, [824379234, 641071948]);
    read_burst_increment_linear(15, 296, [1335973279, 1203347855]);
    read_burst_increment_linear(15, 304, [2087561720, 3687669943]);
    read_burst_increment_linear(15, 312, [3485750943, 2927465564]);
    read_burst_increment_linear(15, 320, [2915811419, 1155413897]);
    read_burst_increment_linear(15, 328, [2762879561, 3894623952]);
    read_burst_increment_linear(15, 336, [3959341271, 2831678545]);
    read_burst_increment_linear(15, 344, [1260466070, 102596364]);
    read_burst_increment_linear(15, 352, [3777810114, 1683484104]);
    read_burst_increment_linear(15, 360, [3145882231, 519236925]);
    read_burst_increment_linear(15, 368, [151837458, 3204776062]);
    read_burst_increment_linear(15, 44, [512609597, 1993627629, 1177417612, 2097015289]);
    read_burst_increment_linear(15, 60, [3812041926, 3807872197, 3574846122, 1924134885]);
    read_burst_increment_linear(15, 76, [3151131255, 2301810194, 1206705039, 2033215986]);
    read_burst_increment_linear(15, 92, [3883308750, 4093672168, 3804909253, 777537884]);
    read_burst_increment_linear(15, 108, [3733858493, 2527811629, 2997298789, 2985255523]);
    read_burst_increment_linear(15, 248, [2245499403, 3096952433, 1123172741, 670192975]);
    read_burst_increment_linear(15, 264, [2647416891, 486945594, 3206754942, 178932501]);
    read_burst_increment_linear(15, 280, [2027527153, 1822182361, 824379234, 641071948]);
    read_burst_increment_linear(15, 296, [1335973279, 1203347855, 2087561720, 3687669943]);
    read_burst_increment_linear(15, 12, [2985317987, 112818957, 1189058957, 2999092325, 2302104082, 15983361, 114806029, 992211318]);
    read_burst_increment_linear(15, 44, [512609597, 1993627629, 1177417612, 2097015289, 3812041926, 3807872197, 3574846122, 1924134885]);
    read_burst_increment_linear(15, 76, [3151131255, 2301810194, 1206705039, 2033215986, 3883308750, 4093672168, 3804909253, 777537884]);
    read_burst_increment_linear(15, 60, [3812041926, 3807872197, 3574846122, 1924134885, 3151131255, 2301810194]);
    read_burst_increment_linear(15, 84, [1206705039, 2033215986, 3883308750, 4093672168, 3804909253, 777537884]);
    read_burst_increment_linear(15, 108, [3733858493, 2527811629, 2997298789, 2985255523, 91457290, 3225100928]);
    read_burst_increment_linear(15, 132, [274997536, 1433945514, 3469528221, 3407888022, 2307110931, 2260482061]);
    read_burst_increment_linear(15, 316, [2927465564, 2915811419, 1155413897, 2762879561, 3894623952, 3959341271, 2831678545, 1260466070]);
    read_burst_increment_linear(15, 408, [2683481663, 353152810]);
    read_burst_increment_linear(15, 416, [739599192, 3275700358]);
    read_burst_increment_linear(15, 424, [3340373134, 3459248796]);
    read_burst_increment_linear(15, 432, [2100664826, 2474490918]);
    read_burst_increment_linear(15, 440, [966137715, 3515593891]);
    read_burst_increment_linear(15, 448, [2543429679, 3654455987]);
    read_burst_increment_linear(15, 456, [2950190687, 573115716]);
    read_burst_increment_linear(15, 464, [2079915511, 3852154571]);
    read_burst_increment_linear(15, 472, [4077460198, 757652314]);
    read_burst_increment_linear(15, 236, [1460999086, 3732210364, 353361194, 2245499403]);
    read_burst_increment_linear(15, 252, [3096952433, 1123172741, 670192975, 2647416891]);
    read_burst_increment_linear(15, 268, [486945594, 3206754942, 178932501, 2027527153]);
    read_burst_increment_linear(15, 284, [1822182361, 824379234, 641071948, 1335973279]);
    read_burst_increment_linear(15, 68, [3574846122, 1924134885, 3151131255, 2301810194]);
    read_burst_increment_linear(15, 84, [1206705039, 2033215986, 3883308750, 4093672168]);
    read_burst_increment_linear(15, 100, [3804909253, 777537884, 3733858493, 2527811629]);
    read_burst_increment_linear(15, 28, [2302104082, 15983361, 114806029, 992211318, 512609597, 1993627629, 1177417612, 2097015289]);
    read_burst_increment_linear(15, 60, [3812041926, 3807872197, 3574846122, 1924134885, 3151131255, 2301810194, 1206705039, 2033215986]);
    read_burst_increment_linear(15, 252, [3096952433, 1123172741, 670192975, 2647416891]);
    read_burst_increment_linear(15, 268, [486945594, 3206754942, 178932501, 2027527153]);
    read_burst_increment_linear(15, 284, [1822182361, 824379234, 641071948, 1335973279]);
    read_burst_increment_linear(15, 300, [1203347855, 2087561720, 3687669943, 3485750943]);
    read_burst_increment_linear(15, 316, [2927465564, 2915811419, 1155413897, 2762879561]);
    read_burst_increment_linear(15, 332, [3894623952, 3959341271, 2831678545, 1260466070]);
    read_burst_increment_linear(15, 348, [102596364, 3777810114, 1683484104, 3145882231]);
    read_burst_increment_linear(15, 280, [2027527153, 1822182361, 824379234, 641071948, 1335973279, 1203347855]);
    read_burst_increment_linear(15, 304, [2087561720, 3687669943, 3485750943, 2927465564, 2915811419, 1155413897]);
    read_burst_increment_linear(15, 328, [2762879561, 3894623952, 3959341271, 2831678545, 1260466070, 102596364]);
    read_burst_increment_linear(15, 352, [3777810114, 1683484104, 3145882231, 519236925, 151837458, 3204776062]);
    read_burst_increment_linear(15, 376, [921010541, 484042553, 265457439, 3924555475, 1121529733, 3155462264]);
    read_burst_increment_linear(15, 368, [151837458, 3204776062, 921010541, 484042553, 265457439, 3924555475, 1121529733]);
    read_burst_increment_linear(15, 132, [274997536, 1433945514, 3469528221, 3407888022, 2307110931, 2260482061, 2846348883, 899669355]);
    read_burst_increment_linear(15, 164, [3936758485, 2165787138, 3612753582, 251652381, 3888476879, 293882147, 84501770, 3849521866]);
    read_burst_increment_linear(15, 132, [274997536, 1433945514]);
    read_burst_increment_linear(15, 140, [3469528221, 3407888022]);
    read_burst_increment_linear(15, 148, [2307110931, 2260482061]);
    read_burst_increment_linear(15, 156, [2846348883, 899669355]);
    read_burst_increment_linear(15, 164, [3936758485, 2165787138]);
    read_burst_increment_linear(15, 172, [3612753582, 251652381]);
    read_burst_increment_linear(15, 180, [3888476879, 293882147]);
    read_burst_increment_linear(15, 188, [84501770, 3849521866]);
    read_burst_increment_linear(15, 196, [2654030908, 2036907506]);
    read_burst_increment_linear(15, 204, [1160667530, 549761857]);
    read_burst_increment_linear(15, 212, [3964351704, 1008792440]);
    read_burst_increment_linear(15, 220, [3297383049, 1975848427]);
    read_burst_increment_linear(15, 424, [3340373134, 3459248796, 2100664826, 2474490918]);
    read_burst_increment_linear(15, 440, [966137715, 3515593891, 2543429679, 3654455987]);
    read_burst_increment_linear(15, 456, [2950190687, 573115716, 2079915511, 3852154571]);
    read_burst_increment_linear(15, 472, [4077460198, 757652314, 349159721, 4135772909]);
    read_burst_increment_linear(15, 56, [2097015289, 3812041926, 3807872197]);
    read_burst_increment_linear(15, 68, [3574846122, 1924134885, 3151131255]);
    read_burst_increment_linear(15, 388, [3924555475, 1121529733, 3155462264, 769284443, 613108553, 2683481663]);
    read_burst_increment_linear(15, 412, [353152810, 739599192, 3275700358, 3340373134, 3459248796, 2100664826]);
    read_burst_increment_linear(15, 436, [2474490918, 966137715, 3515593891, 2543429679, 3654455987, 2950190687]);
    read_burst_increment_linear(15, 460, [573115716, 2079915511, 3852154571, 4077460198, 757652314, 349159721]);
    read_burst_increment_linear(15, 264, [2647416891, 486945594, 3206754942, 178932501, 2027527153, 1822182361, 824379234, 641071948]);
    read_burst_increment_linear(15, 296, [1335973279, 1203347855, 2087561720, 3687669943, 3485750943, 2927465564, 2915811419, 1155413897]);
    read_burst_increment_linear(15, 328, [2762879561, 3894623952, 3959341271, 2831678545, 1260466070, 102596364, 3777810114, 1683484104]);
    read_burst_increment_linear(15, 360, [3145882231, 519236925, 151837458, 3204776062, 921010541, 484042553, 265457439, 3924555475]);
    read_burst_increment_linear(15, 252, [3096952433, 1123172741, 670192975, 2647416891, 486945594, 3206754942, 178932501, 2027527153]);
    read_burst_increment_linear(15, 284, [1822182361, 824379234, 641071948, 1335973279, 1203347855, 2087561720, 3687669943, 3485750943]);
    read_burst_increment_linear(15, 316, [2927465564, 2915811419, 1155413897, 2762879561, 3894623952, 3959341271, 2831678545, 1260466070]);
    read_burst_increment_linear(15, 224, [1975848427, 1526883766, 1665923526, 1460999086]);
    read_burst_increment_linear(15, 240, [3732210364, 353361194, 2245499403, 3096952433]);
    read_burst_increment_linear(15, 256, [1123172741, 670192975, 2647416891, 486945594]);
    read_burst_increment_linear(15, 272, [3206754942, 178932501, 2027527153, 1822182361]);
    read_burst_increment_linear(15, 288, [824379234, 641071948, 1335973279, 1203347855]);
    read_burst_increment_linear(15, 304, [2087561720, 3687669943, 3485750943, 2927465564]);
    read_burst_increment_linear(15, 320, [2915811419, 1155413897, 2762879561, 3894623952]);
    read_burst_increment_linear(15, 336, [3959341271, 2831678545, 1260466070, 102596364]);
    read_burst_increment_linear(15, 252, [3096952433, 1123172741]);
    read_burst_increment_linear(15, 260, [670192975, 2647416891]);
    read_burst_increment_linear(15, 268, [486945594, 3206754942]);
    read_burst_increment_linear(15, 276, [178932501, 2027527153]);
    read_burst_increment_linear(15, 284, [1822182361, 824379234]);
    read_burst_increment_linear(15, 292, [641071948, 1335973279]);
    read_burst_increment_linear(15, 300, [1203347855, 2087561720]);
    read_burst_increment_linear(15, 308, [3687669943, 3485750943]);
    read_burst_increment_linear(15, 316, [2927465564, 2915811419]);
    read_burst_increment_linear(15, 324, [1155413897, 2762879561]);
    read_burst_increment_linear(15, 52, [1177417612, 2097015289, 3812041926, 3807872197, 3574846122]);
    read_burst_increment_linear(15, 72, [1924134885, 3151131255, 2301810194, 1206705039, 2033215986]);
    read_burst_increment_linear(15, 92, [3883308750, 4093672168, 3804909253, 777537884, 3733858493]);
    read_burst_increment_linear(15, 112, [2527811629, 2997298789, 2985255523, 91457290, 3225100928]);
    read_burst_increment_linear(15, 128, [3225100928, 274997536, 1433945514]);
    read_burst_increment_linear(15, 140, [3469528221, 3407888022, 2307110931]);
    read_burst_increment_linear(15, 152, [2260482061, 2846348883, 899669355]);
    read_burst_increment_linear(15, 164, [3936758485, 2165787138, 3612753582]);
    read_burst_increment_linear(15, 176, [251652381, 3888476879, 293882147]);
    read_burst_increment_linear(15, 188, [84501770, 3849521866, 2654030908]);
    read_burst_increment_linear(15, 24, [2999092325, 2302104082, 15983361, 114806029, 992211318]);
    read_burst_increment_linear(15, 44, [512609597, 1993627629, 1177417612, 2097015289, 3812041926]);
    read_burst_increment_linear(15, 8, [2223298057, 2985317987, 112818957, 1189058957, 2999092325, 2302104082]);
    read_burst_increment_linear(15, 32, [15983361, 114806029, 992211318, 512609597, 1993627629, 1177417612]);
    read_burst_increment_linear(15, 56, [2097015289, 3812041926, 3807872197, 3574846122, 1924134885, 3151131255]);
    read_burst_increment_linear(15, 348, [102596364, 3777810114, 1683484104, 3145882231, 519236925]);
    read_burst_increment_linear(15, 368, [151837458, 3204776062, 921010541, 484042553, 265457439]);
    read_burst_increment_linear(15, 388, [3924555475, 1121529733, 3155462264, 769284443, 613108553]);
    read_burst_increment_linear(15, 408, [2683481663, 353152810, 739599192, 3275700358, 3340373134]);
    read_burst_increment_linear(15, 428, [3459248796, 2100664826, 2474490918, 966137715, 3515593891]);
    read_burst_increment_linear(15, 448, [2543429679, 3654455987, 2950190687, 573115716, 2079915511]);
    read_burst_increment_linear(15, 268, [486945594, 3206754942, 178932501]);
    read_burst_increment_linear(15, 280, [2027527153, 1822182361, 824379234]);
    read_burst_increment_linear(15, 292, [641071948, 1335973279, 1203347855]);
    read_burst_increment_linear(15, 304, [2087561720, 3687669943, 3485750943]);
    read_burst_increment_linear(15, 316, [2927465564, 2915811419, 1155413897]);
    read_burst_increment_linear(15, 148, [2307110931, 2260482061, 2846348883]);
    read_burst_increment_linear(15, 160, [899669355, 3936758485, 2165787138]);
    read_burst_increment_linear(15, 172, [3612753582, 251652381, 3888476879]);
    read_burst_increment_linear(15, 184, [293882147, 84501770, 3849521866]);
    read_burst_increment_linear(15, 196, [2654030908, 2036907506, 1160667530]);
    read_burst_increment_linear(15, 208, [549761857, 3964351704, 1008792440]);
    read_burst_increment_linear(15, 116, [2997298789, 2985255523, 91457290]);
    read_burst_increment_linear(15, 128, [3225100928, 274997536, 1433945514]);
    read_burst_increment_linear(15, 140, [3469528221, 3407888022, 2307110931]);
    read_burst_increment_linear(15, 152, [2260482061, 2846348883, 899669355]);
    read_burst_increment_linear(15, 108, [3733858493, 2527811629, 2997298789, 2985255523, 91457290]);
    read_burst_increment_linear(15, 128, [3225100928, 274997536, 1433945514, 3469528221, 3407888022]);
    read_burst_increment_linear(15, 148, [2307110931, 2260482061, 2846348883, 899669355, 3936758485]);
    read_burst_increment_linear(15, 168, [2165787138, 3612753582, 251652381, 3888476879, 293882147]);
    read_burst_increment_linear(15, 228, [1526883766, 1665923526, 1460999086, 3732210364, 353361194, 2245499403]);
    read_burst_increment_linear(15, 252, [3096952433, 1123172741, 670192975, 2647416891, 486945594, 3206754942]);
    read_burst_increment_linear(15, 68, [3574846122, 1924134885, 3151131255, 2301810194, 1206705039, 2033215986, 3883308750, 4093672168]);
    read_burst_increment_linear(15, 100, [3804909253, 777537884, 3733858493, 2527811629, 2997298789, 2985255523, 91457290, 3225100928]);
    read_burst_increment_linear(15, 396, [3155462264, 769284443, 613108553]);
    read_burst_increment_linear(15, 408, [2683481663, 353152810, 739599192]);
    read_burst_increment_linear(15, 196, [2654030908, 2036907506, 1160667530]);
    read_burst_increment_linear(15, 208, [549761857, 3964351704, 1008792440]);
    read_burst_increment_linear(15, 220, [3297383049, 1975848427, 1526883766]);
    read_burst_increment_linear(15, 232, [1665923526, 1460999086, 3732210364]);
    read_burst_increment_linear(15, 244, [353361194, 2245499403, 3096952433]);
    read_burst_increment_linear(15, 284, [1822182361, 824379234, 641071948, 1335973279, 1203347855]);
    read_burst_increment_linear(15, 304, [2087561720, 3687669943, 3485750943, 2927465564, 2915811419]);
    read_burst_increment_linear(15, 324, [1155413897, 2762879561, 3894623952, 3959341271, 2831678545]);
    read_burst_increment_linear(15, 344, [1260466070, 102596364, 3777810114, 1683484104, 3145882231]);
    read_burst_increment_linear(15, 364, [519236925, 151837458, 3204776062, 921010541, 484042553]);
    read_burst_increment_linear(15, 68, [3574846122, 1924134885, 3151131255, 2301810194, 1206705039, 2033215986, 3883308750]);
    read_burst_increment_linear(15, 28, [2302104082, 15983361]);
    read_burst_increment_linear(15, 36, [114806029, 992211318]);
    read_burst_increment_linear(15, 44, [512609597, 1993627629]);
    read_burst_increment_linear(15, 52, [1177417612, 2097015289]);
    read_burst_increment_linear(15, 60, [3812041926, 3807872197]);
    read_burst_increment_linear(15, 68, [3574846122, 1924134885]);
    read_burst_increment_linear(15, 76, [3151131255, 2301810194]);
    read_burst_increment_linear(15, 84, [1206705039, 2033215986]);
    read_burst_increment_linear(15, 92, [3883308750, 4093672168]);
    read_burst_increment_linear(15, 100, [3804909253, 777537884]);
    read_burst_increment_linear(15, 108, [3733858493, 2527811629]);
    read_burst_increment_linear(15, 116, [2997298789, 2985255523]);
    read_burst_increment_linear(15, 124, [91457290, 3225100928]);
    read_burst_increment_linear(15, 132, [274997536, 1433945514]);
    read_burst_increment_linear(15, 4, [3230228097, 2223298057, 2985317987, 112818957]);
    read_burst_increment_linear(15, 20, [1189058957, 2999092325, 2302104082, 15983361]);
    read_burst_increment_linear(15, 36, [114806029, 992211318, 512609597, 1993627629]);
    read_burst_increment_linear(15, 52, [1177417612, 2097015289, 3812041926, 3807872197]);
    read_burst_increment_linear(15, 68, [3574846122, 1924134885, 3151131255, 2301810194]);
    read_burst_increment_linear(15, 84, [1206705039, 2033215986, 3883308750, 4093672168]);
    read_burst_increment_linear(15, 100, [3804909253, 777537884, 3733858493, 2527811629]);
    read_burst_increment_linear(15, 116, [2997298789, 2985255523, 91457290, 3225100928]);
    read_burst_increment_linear(15, 148, [2307110931, 2260482061, 2846348883, 899669355, 3936758485, 2165787138, 3612753582, 251652381]);
    read_burst_increment_linear(15, 352, [3777810114, 1683484104]);
    read_burst_increment_linear(15, 360, [3145882231, 519236925]);
    read_burst_increment_linear(15, 368, [151837458, 3204776062]);
    read_burst_increment_linear(15, 376, [921010541, 484042553]);
    read_burst_increment_linear(15, 384, [265457439, 3924555475]);
    read_burst_increment_linear(15, 392, [1121529733, 3155462264]);
    read_burst_increment_linear(15, 400, [769284443, 613108553]);
    read_burst_increment_linear(15, 408, [2683481663, 353152810]);
    read_burst_increment_linear(15, 140, [3469528221, 3407888022]);
    read_burst_increment_linear(15, 148, [2307110931, 2260482061]);
    read_burst_increment_linear(15, 156, [2846348883, 899669355]);
    read_burst_increment_linear(15, 164, [3936758485, 2165787138]);
    read_burst_increment_linear(15, 172, [3612753582, 251652381]);
    read_burst_increment_linear(15, 180, [3888476879, 293882147]);
    read_burst_increment_linear(15, 188, [84501770, 3849521866]);
    read_burst_increment_linear(15, 196, [2654030908, 2036907506]);
    read_burst_increment_linear(15, 204, [1160667530, 549761857]);
    read_burst_increment_linear(15, 212, [3964351704, 1008792440]);
    read_burst_increment_linear(15, 220, [3297383049, 1975848427]);
    read_burst_increment_linear(15, 156, [2846348883, 899669355, 3936758485, 2165787138, 3612753582, 251652381, 3888476879, 293882147]);
    read_burst_increment_linear(15, 188, [84501770, 3849521866, 2654030908, 2036907506, 1160667530, 549761857, 3964351704, 1008792440]);
    read_burst_increment_linear(15, 220, [3297383049, 1975848427, 1526883766, 1665923526, 1460999086, 3732210364, 353361194, 2245499403]);
    read_burst_increment_linear(15, 296, [1335973279, 1203347855, 2087561720, 3687669943]);
    read_burst_increment_linear(15, 312, [3485750943, 2927465564, 2915811419, 1155413897]);
    read_burst_increment_linear(15, 328, [2762879561, 3894623952, 3959341271, 2831678545]);
    read_burst_increment_linear(15, 344, [1260466070, 102596364, 3777810114, 1683484104]);
    read_burst_increment_linear(15, 360, [3145882231, 519236925, 151837458, 3204776062]);
    read_burst_increment_linear(15, 376, [921010541, 484042553, 265457439, 3924555475]);
    read_burst_increment_linear(15, 392, [1121529733, 3155462264, 769284443, 613108553]);
    read_burst_increment_linear(15, 408, [2683481663, 353152810, 739599192, 3275700358]);
    read_burst_increment_linear(15, 112, [2527811629, 2997298789]);
    read_burst_increment_linear(15, 120, [2985255523, 91457290]);
    read_burst_increment_linear(15, 128, [3225100928, 274997536]);
    read_burst_increment_linear(15, 136, [1433945514, 3469528221]);
    read_burst_increment_linear(15, 144, [3407888022, 2307110931]);
    read_burst_increment_linear(15, 152, [2260482061, 2846348883]);
    read_burst_increment_linear(15, 160, [899669355, 3936758485]);
    read_burst_increment_linear(15, 168, [2165787138, 3612753582]);
    read_burst_increment_linear(15, 176, [251652381, 3888476879]);
    read_burst_increment_linear(15, 184, [293882147, 84501770]);
    read_burst_increment_linear(15, 192, [3849521866, 2654030908]);
    read_burst_increment_linear(15, 200, [2036907506, 1160667530]);
    read_burst_increment_linear(15, 208, [549761857, 3964351704]);
    read_burst_increment_linear(15, 372, [3204776062, 921010541, 484042553, 265457439, 3924555475]);
    read_burst_increment_linear(15, 392, [1121529733, 3155462264, 769284443, 613108553, 2683481663]);
    read_burst_increment_linear(15, 412, [353152810, 739599192, 3275700358, 3340373134, 3459248796]);
    read_burst_increment_linear(15, 432, [2100664826, 2474490918, 966137715, 3515593891, 2543429679]);
    read_burst_increment_linear(15, 128, [3225100928, 274997536, 1433945514, 3469528221, 3407888022, 2307110931, 2260482061]);
    read_burst_increment_linear(15, 156, [2846348883, 899669355, 3936758485, 2165787138, 3612753582, 251652381, 3888476879]);
    read_burst_increment_linear(15, 184, [293882147, 84501770, 3849521866, 2654030908, 2036907506, 1160667530, 549761857]);
    read_burst_increment_linear(15, 212, [3964351704, 1008792440, 3297383049, 1975848427, 1526883766, 1665923526, 1460999086]);
    read_burst_increment_linear(15, 404, [613108553, 2683481663, 353152810, 739599192, 3275700358]);
    read_burst_increment_linear(15, 424, [3340373134, 3459248796, 2100664826, 2474490918, 966137715]);
    read_burst_increment_linear(15, 444, [3515593891, 2543429679, 3654455987, 2950190687, 573115716]);
    read_burst_increment_linear(15, 384, [265457439, 3924555475, 1121529733, 3155462264]);
    read_burst_increment_linear(15, 400, [769284443, 613108553, 2683481663, 353152810]);
    read_burst_increment_linear(15, 416, [739599192, 3275700358, 3340373134, 3459248796]);
    read_burst_increment_linear(15, 432, [2100664826, 2474490918, 966137715, 3515593891]);
    read_burst_increment_linear(15, 136, [1433945514, 3469528221, 3407888022, 2307110931, 2260482061, 2846348883]);
    read_burst_increment_linear(15, 160, [899669355, 3936758485, 2165787138, 3612753582, 251652381, 3888476879]);
    read_burst_increment_linear(15, 184, [293882147, 84501770, 3849521866, 2654030908, 2036907506, 1160667530]);
    read_burst_increment_linear(15, 384, [265457439, 3924555475, 1121529733, 3155462264]);
    read_burst_increment_linear(15, 184, [293882147, 84501770, 3849521866, 2654030908, 2036907506, 1160667530]);
    read_burst_increment_linear(15, 364, [519236925, 151837458, 3204776062, 921010541]);
    read_burst_increment_linear(15, 380, [484042553, 265457439, 3924555475, 1121529733]);
    read_burst_increment_linear(15, 396, [3155462264, 769284443, 613108553, 2683481663]);
    read_burst_increment_linear(15, 76, [3151131255, 2301810194, 1206705039, 2033215986, 3883308750, 4093672168, 3804909253]);
    read_burst_increment_linear(15, 184, [293882147, 84501770, 3849521866, 2654030908, 2036907506, 1160667530, 549761857, 3964351704]);
    read_burst_increment_linear(15, 196, [2654030908, 2036907506, 1160667530, 549761857, 3964351704, 1008792440, 3297383049]);
    read_burst_increment_linear(15, 128, [3225100928, 274997536, 1433945514, 3469528221, 3407888022, 2307110931]);
    read_burst_increment_linear(15, 400, [769284443, 613108553]);
    read_burst_increment_linear(15, 408, [2683481663, 353152810]);
    read_burst_increment_linear(15, 416, [739599192, 3275700358]);
    read_burst_increment_linear(15, 424, [3340373134, 3459248796]);
    read_burst_increment_linear(15, 432, [2100664826, 2474490918]);
    read_burst_increment_linear(15, 440, [966137715, 3515593891]);
    read_burst_increment_linear(15, 448, [2543429679, 3654455987]);
    read_burst_increment_linear(15, 456, [2950190687, 573115716]);
    read_burst_increment_linear(15, 464, [2079915511, 3852154571]);
    read_burst_increment_linear(15, 472, [4077460198, 757652314]);
    read_burst_increment_linear(15, 480, [349159721, 4135772909]);
    read_burst_increment_linear(15, 488, [3981667546, 2996811365]);
    read_burst_increment_linear(15, 144, [3407888022, 2307110931, 2260482061, 2846348883, 899669355, 3936758485, 2165787138, 3612753582]);
    read_burst_increment_linear(15, 176, [251652381, 3888476879, 293882147, 84501770, 3849521866, 2654030908, 2036907506, 1160667530]);
    read_burst_increment_linear(15, 208, [549761857, 3964351704, 1008792440, 3297383049, 1975848427, 1526883766, 1665923526, 1460999086]);
    read_burst_increment_linear(15, 240, [3732210364, 353361194, 2245499403, 3096952433, 1123172741, 670192975, 2647416891, 486945594]);
    read_burst_increment_linear(15, 340, [2831678545, 1260466070, 102596364, 3777810114, 1683484104, 3145882231]);
    read_burst_increment_linear(15, 364, [519236925, 151837458, 3204776062, 921010541, 484042553, 265457439]);
    read_burst_increment_linear(15, 388, [3924555475, 1121529733, 3155462264, 769284443, 613108553, 2683481663]);
    read_burst_increment_linear(15, 8, [2223298057, 2985317987, 112818957, 1189058957, 2999092325, 2302104082, 15983361]);
    read_burst_increment_linear(15, 36, [114806029, 992211318, 512609597, 1993627629, 1177417612, 2097015289, 3812041926]);
    read_burst_increment_linear(15, 64, [3807872197, 3574846122, 1924134885, 3151131255, 2301810194, 1206705039, 2033215986]);
    read_burst_increment_linear(15, 92, [3883308750, 4093672168, 3804909253, 777537884, 3733858493, 2527811629, 2997298789]);
    read_burst_increment_linear(15, 300, [1203347855, 2087561720, 3687669943, 3485750943, 2927465564]);
    read_burst_increment_linear(15, 320, [2915811419, 1155413897, 2762879561, 3894623952, 3959341271]);
    read_burst_increment_linear(15, 340, [2831678545, 1260466070, 102596364, 3777810114, 1683484104]);
    read_burst_increment_linear(15, 360, [3145882231, 519236925, 151837458, 3204776062, 921010541]);
    read_burst_increment_linear(15, 400, [769284443, 613108553, 2683481663, 353152810, 739599192, 3275700358, 3340373134]);
    read_burst_increment_linear(15, 428, [3459248796, 2100664826, 2474490918, 966137715, 3515593891, 2543429679, 3654455987]);
    read_burst_increment_linear(15, 480, [349159721, 4135772909, 3981667546, 2996811365]);
    read_burst_increment_linear(15, 44, [512609597, 1993627629, 1177417612, 2097015289, 3812041926, 3807872197]);
    read_burst_increment_linear(15, 212, [3964351704, 1008792440, 3297383049, 1975848427, 1526883766, 1665923526]);
    read_burst_increment_linear(15, 236, [1460999086, 3732210364, 353361194, 2245499403, 3096952433, 1123172741]);
    read_burst_increment_linear(15, 300, [1203347855, 2087561720, 3687669943, 3485750943, 2927465564]);
    read_burst_increment_linear(15, 320, [2915811419, 1155413897, 2762879561, 3894623952, 3959341271]);
    read_burst_increment_linear(15, 340, [2831678545, 1260466070, 102596364, 3777810114, 1683484104]);
    read_burst_increment_linear(15, 360, [3145882231, 519236925, 151837458, 3204776062, 921010541]);
    read_burst_increment_linear(15, 380, [484042553, 265457439, 3924555475, 1121529733, 3155462264]);
    read_burst_increment_linear(15, 60, [3812041926, 3807872197, 3574846122]);
    read_burst_increment_linear(15, 72, [1924134885, 3151131255, 2301810194]);
    read_burst_increment_linear(15, 84, [1206705039, 2033215986, 3883308750]);
    read_burst_increment_linear(15, 88, [2033215986, 3883308750, 4093672168, 3804909253]);
    read_burst_increment_linear(15, 104, [777537884, 3733858493, 2527811629, 2997298789]);
    read_burst_increment_linear(15, 120, [2985255523, 91457290, 3225100928, 274997536]);
    read_burst_increment_linear(15, 136, [1433945514, 3469528221, 3407888022, 2307110931]);
    read_burst_increment_linear(15, 152, [2260482061, 2846348883, 899669355, 3936758485]);
    read_burst_increment_linear(15, 168, [2165787138, 3612753582, 251652381, 3888476879]);
    read_burst_increment_linear(15, 184, [293882147, 84501770, 3849521866, 2654030908]);
    read_burst_increment_linear(15, 144, [3407888022, 2307110931, 2260482061, 2846348883]);
    read_burst_increment_linear(15, 160, [899669355, 3936758485, 2165787138, 3612753582]);
    read_burst_increment_linear(15, 176, [251652381, 3888476879, 293882147, 84501770]);
    read_burst_increment_linear(15, 192, [3849521866, 2654030908, 2036907506, 1160667530]);
    read_burst_increment_linear(15, 208, [549761857, 3964351704, 1008792440, 3297383049]);
    read_burst_increment_linear(15, 224, [1975848427, 1526883766, 1665923526, 1460999086]);
    read_burst_increment_linear(15, 200, [2036907506, 1160667530, 549761857, 3964351704, 1008792440, 3297383049]);
    read_burst_increment_linear(15, 272, [3206754942, 178932501, 2027527153, 1822182361, 824379234, 641071948]);
    read_burst_increment_linear(15, 296, [1335973279, 1203347855, 2087561720, 3687669943, 3485750943, 2927465564]);
    read_burst_increment_linear(15, 320, [2915811419, 1155413897, 2762879561, 3894623952, 3959341271, 2831678545]);
    read_burst_increment_linear(15, 344, [1260466070, 102596364, 3777810114, 1683484104, 3145882231, 519236925]);
    read_burst_increment_linear(15, 364, [519236925, 151837458, 3204776062, 921010541, 484042553, 265457439, 3924555475]);
    read_burst_increment_linear(15, 392, [1121529733, 3155462264, 769284443, 613108553, 2683481663, 353152810, 739599192]);
    read_burst_increment_linear(15, 420, [3275700358, 3340373134, 3459248796, 2100664826, 2474490918, 966137715, 3515593891]);
    read_burst_increment_linear(15, 448, [2543429679, 3654455987, 2950190687, 573115716, 2079915511, 3852154571, 4077460198]);
    read_burst_increment_linear(15, 44, [512609597, 1993627629, 1177417612]);
    read_burst_increment_linear(15, 56, [2097015289, 3812041926, 3807872197]);
    read_burst_increment_linear(15, 68, [3574846122, 1924134885, 3151131255]);
    read_burst_increment_linear(15, 80, [2301810194, 1206705039, 2033215986]);
    read_burst_increment_linear(15, 92, [3883308750, 4093672168, 3804909253]);
    read_burst_increment_linear(15, 104, [777537884, 3733858493, 2527811629]);
    read_burst_increment_linear(15, 116, [2997298789, 2985255523, 91457290]);
    read_burst_increment_linear(15, 128, [3225100928, 274997536, 1433945514]);
    read_burst_increment_linear(15, 140, [3469528221, 3407888022, 2307110931]);
    read_burst_increment_linear(15, 152, [2260482061, 2846348883, 899669355]);
    read_burst_increment_linear(15, 248, [2245499403, 3096952433, 1123172741, 670192975, 2647416891]);
    read_burst_increment_linear(15, 268, [486945594, 3206754942, 178932501, 2027527153, 1822182361]);
    read_burst_increment_linear(15, 288, [824379234, 641071948, 1335973279, 1203347855, 2087561720]);
    read_burst_increment_linear(15, 308, [3687669943, 3485750943, 2927465564, 2915811419, 1155413897]);
    read_burst_increment_linear(15, 328, [2762879561, 3894623952, 3959341271, 2831678545, 1260466070]);
    read_burst_increment_linear(15, 348, [102596364, 3777810114, 1683484104, 3145882231, 519236925]);
    read_burst_increment_linear(15, 380, [484042553, 265457439, 3924555475, 1121529733, 3155462264, 769284443, 613108553, 2683481663]);
    read_burst_increment_linear(15, 412, [353152810, 739599192, 3275700358, 3340373134, 3459248796, 2100664826, 2474490918, 966137715]);
    read_burst_increment_linear(15, 444, [3515593891, 2543429679, 3654455987, 2950190687, 573115716, 2079915511, 3852154571, 4077460198]);
    read_burst_increment_linear(15, 476, [757652314, 349159721, 4135772909, 3981667546, 2996811365, 3666535093, 4022244575, 1022433657]);
    read_burst_increment_linear(15, 356, [1683484104, 3145882231, 519236925]);
    read_burst_increment_linear(15, 368, [151837458, 3204776062, 921010541]);
    read_burst_increment_linear(15, 380, [484042553, 265457439, 3924555475]);
    read_burst_increment_linear(15, 392, [1121529733, 3155462264, 769284443]);
    read_burst_increment_linear(15, 404, [613108553, 2683481663, 353152810]);
    read_burst_increment_linear(15, 416, [739599192, 3275700358, 3340373134]);
    read_burst_increment_linear(15, 428, [3459248796, 2100664826, 2474490918]);
    read_burst_increment_linear(15, 440, [966137715, 3515593891, 2543429679]);
    read_burst_increment_linear(15, 452, [3654455987, 2950190687, 573115716]);
    read_burst_increment_linear(15, 464, [2079915511, 3852154571, 4077460198]);
    read_burst_increment_linear(15, 24, [2999092325, 2302104082, 15983361, 114806029, 992211318, 512609597, 1993627629]);
    read_burst_increment_linear(15, 256, [1123172741, 670192975]);
    read_burst_increment_linear(15, 264, [2647416891, 486945594]);
    read_burst_increment_linear(15, 272, [3206754942, 178932501]);
    read_burst_increment_linear(15, 280, [2027527153, 1822182361]);
    read_burst_increment_linear(15, 288, [824379234, 641071948]);
    read_burst_increment_linear(15, 296, [1335973279, 1203347855]);
    read_burst_increment_linear(15, 304, [2087561720, 3687669943]);
    read_burst_increment_linear(15, 312, [3485750943, 2927465564]);
    read_burst_increment_linear(15, 320, [2915811419, 1155413897]);
    read_burst_increment_linear(15, 328, [2762879561, 3894623952]);
    read_burst_increment_linear(15, 336, [3959341271, 2831678545]);
    read_burst_increment_linear(15, 340, [2831678545, 1260466070, 102596364, 3777810114, 1683484104, 3145882231, 519236925, 151837458]);
    read_burst_increment_linear(15, 372, [3204776062, 921010541, 484042553, 265457439, 3924555475, 1121529733, 3155462264, 769284443]);
    read_burst_increment_linear(15, 404, [613108553, 2683481663, 353152810, 739599192, 3275700358, 3340373134, 3459248796, 2100664826]);
    read_burst_increment_linear(15, 416, [739599192, 3275700358, 3340373134, 3459248796, 2100664826, 2474490918, 966137715, 3515593891]);
    read_burst_increment_linear(15, 116, [2997298789, 2985255523]);
    read_burst_increment_linear(15, 124, [91457290, 3225100928]);
    read_burst_increment_linear(15, 132, [274997536, 1433945514]);
    read_burst_increment_linear(15, 140, [3469528221, 3407888022]);
    read_burst_increment_linear(15, 148, [2307110931, 2260482061]);
    read_burst_increment_linear(15, 156, [2846348883, 899669355]);
    read_burst_increment_linear(15, 164, [3936758485, 2165787138]);
    read_burst_increment_linear(15, 172, [3612753582, 251652381]);
    read_burst_increment_linear(15, 180, [3888476879, 293882147]);
    read_burst_increment_linear(15, 92, [3883308750, 4093672168, 3804909253, 777537884, 3733858493]);
    read_burst_increment_linear(15, 332, [3894623952, 3959341271, 2831678545, 1260466070, 102596364]);
    read_burst_increment_linear(15, 352, [3777810114, 1683484104, 3145882231, 519236925, 151837458]);
    read_burst_increment_linear(15, 372, [3204776062, 921010541, 484042553, 265457439, 3924555475]);
    read_burst_increment_linear(15, 392, [1121529733, 3155462264, 769284443, 613108553, 2683481663]);
    read_burst_increment_linear(15, 412, [353152810, 739599192, 3275700358, 3340373134, 3459248796]);
    read_burst_increment_linear(15, 128, [3225100928, 274997536, 1433945514]);
    read_burst_increment_linear(15, 140, [3469528221, 3407888022, 2307110931]);
    read_burst_increment_linear(15, 152, [2260482061, 2846348883, 899669355]);
    read_burst_increment_linear(15, 64, [3807872197, 3574846122, 1924134885, 3151131255, 2301810194, 1206705039, 2033215986]);
    read_burst_increment_linear(15, 92, [3883308750, 4093672168, 3804909253, 777537884, 3733858493, 2527811629, 2997298789]);
    read_burst_increment_linear(15, 120, [2985255523, 91457290, 3225100928, 274997536, 1433945514, 3469528221, 3407888022]);
    read_burst_increment_linear(15, 228, [1526883766, 1665923526, 1460999086, 3732210364, 353361194]);
    read_burst_increment_linear(15, 176, [251652381, 3888476879, 293882147, 84501770, 3849521866, 2654030908]);
    read_burst_increment_linear(15, 200, [2036907506, 1160667530, 549761857, 3964351704, 1008792440, 3297383049]);
    read_burst_increment_linear(15, 224, [1975848427, 1526883766, 1665923526, 1460999086, 3732210364, 353361194]);
    read_burst_increment_linear(15, 248, [2245499403, 3096952433, 1123172741, 670192975, 2647416891, 486945594]);
    read_burst_increment_linear(15, 272, [3206754942, 178932501, 2027527153, 1822182361, 824379234, 641071948]);
    read_burst_increment_linear(15, 388, [3924555475, 1121529733, 3155462264]);
    read_burst_increment_linear(15, 400, [769284443, 613108553, 2683481663]);
    read_burst_increment_linear(15, 412, [353152810, 739599192, 3275700358]);
    read_burst_increment_linear(15, 424, [3340373134, 3459248796, 2100664826]);
    read_burst_increment_linear(15, 436, [2474490918, 966137715, 3515593891]);
    read_burst_increment_linear(15, 448, [2543429679, 3654455987, 2950190687]);
    read_burst_increment_linear(15, 312, [3485750943, 2927465564, 2915811419, 1155413897]);
    read_burst_increment_linear(15, 328, [2762879561, 3894623952, 3959341271, 2831678545]);
    read_burst_increment_linear(15, 344, [1260466070, 102596364, 3777810114, 1683484104]);
    read_burst_increment_linear(15, 360, [3145882231, 519236925, 151837458, 3204776062]);
    read_burst_increment_linear(15, 376, [921010541, 484042553, 265457439, 3924555475]);
    read_burst_increment_linear(15, 392, [1121529733, 3155462264, 769284443, 613108553]);
    read_burst_increment_linear(15, 408, [2683481663, 353152810, 739599192, 3275700358]);
    read_burst_increment_linear(15, 64, [3807872197, 3574846122, 1924134885, 3151131255, 2301810194, 1206705039]);
    read_burst_increment_linear(15, 88, [2033215986, 3883308750, 4093672168, 3804909253, 777537884, 3733858493]);
    read_burst_increment_linear(15, 112, [2527811629, 2997298789, 2985255523, 91457290, 3225100928, 274997536]);
    read_burst_increment_linear(15, 136, [1433945514, 3469528221, 3407888022, 2307110931, 2260482061, 2846348883]);
    read_burst_increment_linear(15, 300, [1203347855, 2087561720, 3687669943, 3485750943, 2927465564, 2915811419]);
    read_burst_increment_linear(15, 324, [1155413897, 2762879561, 3894623952, 3959341271, 2831678545, 1260466070]);
    read_burst_increment_linear(15, 348, [102596364, 3777810114, 1683484104, 3145882231, 519236925, 151837458]);
    read_burst_increment_linear(15, 372, [3204776062, 921010541, 484042553, 265457439, 3924555475, 1121529733]);
    read_burst_increment_linear(15, 396, [3155462264, 769284443, 613108553, 2683481663, 353152810, 739599192]);
    read_burst_increment_linear(15, 248, [2245499403, 3096952433, 1123172741, 670192975, 2647416891, 486945594]);
    read_burst_increment_linear(15, 248, [2245499403, 3096952433]);
    read_burst_increment_linear(15, 256, [1123172741, 670192975]);
    read_burst_increment_linear(15, 264, [2647416891, 486945594]);
    read_burst_increment_linear(15, 272, [3206754942, 178932501]);
    read_burst_increment_linear(15, 280, [2027527153, 1822182361]);
    read_burst_increment_linear(15, 288, [824379234, 641071948]);
    read_burst_increment_linear(15, 296, [1335973279, 1203347855]);
    read_burst_increment_linear(15, 304, [2087561720, 3687669943]);
    read_burst_increment_linear(15, 312, [3485750943, 2927465564]);
    read_burst_increment_linear(15, 112, [2527811629, 2997298789, 2985255523, 91457290, 3225100928, 274997536, 1433945514]);
    read_burst_increment_linear(15, 140, [3469528221, 3407888022, 2307110931, 2260482061, 2846348883, 899669355, 3936758485]);
    read_burst_increment_linear(15, 168, [2165787138, 3612753582, 251652381, 3888476879, 293882147, 84501770, 3849521866]);
    read_burst_increment_linear(15, 196, [2654030908, 2036907506, 1160667530, 549761857, 3964351704, 1008792440, 3297383049]);
    read_burst_increment_linear(15, 340, [2831678545, 1260466070, 102596364, 3777810114, 1683484104, 3145882231, 519236925, 151837458]);
    read_burst_increment_linear(15, 372, [3204776062, 921010541, 484042553, 265457439, 3924555475, 1121529733, 3155462264, 769284443]);
    read_burst_increment_linear(15, 404, [613108553, 2683481663, 353152810, 739599192, 3275700358, 3340373134, 3459248796, 2100664826]);
    read_burst_increment_linear(15, 436, [2474490918, 966137715, 3515593891, 2543429679, 3654455987, 2950190687, 573115716, 2079915511]);
    read_burst_increment_linear(15, 256, [1123172741, 670192975]);
    read_burst_increment_linear(15, 264, [2647416891, 486945594]);
    read_burst_increment_linear(15, 272, [3206754942, 178932501]);
    read_burst_increment_linear(15, 280, [2027527153, 1822182361]);
    read_burst_increment_linear(15, 288, [824379234, 641071948]);
    read_burst_increment_linear(15, 296, [1335973279, 1203347855]);
    read_burst_increment_linear(15, 304, [2087561720, 3687669943]);
    read_burst_increment_linear(15, 312, [3485750943, 2927465564]);
    read_burst_increment_linear(15, 320, [2915811419, 1155413897]);
    read_burst_increment_linear(15, 328, [2762879561, 3894623952]);
    read_burst_increment_linear(15, 336, [3959341271, 2831678545]);
    read_burst_increment_linear(15, 148, [2307110931, 2260482061, 2846348883, 899669355, 3936758485, 2165787138]);
    read_burst_increment_linear(15, 172, [3612753582, 251652381, 3888476879, 293882147, 84501770, 3849521866]);
    read_burst_increment_linear(15, 332, [3894623952, 3959341271, 2831678545, 1260466070, 102596364]);
    read_burst_increment_linear(15, 352, [3777810114, 1683484104, 3145882231, 519236925, 151837458]);
    read_burst_increment_linear(15, 372, [3204776062, 921010541, 484042553, 265457439, 3924555475]);
    read_burst_increment_linear(15, 392, [1121529733, 3155462264, 769284443, 613108553, 2683481663]);
    read_burst_increment_linear(15, 340, [2831678545, 1260466070, 102596364, 3777810114, 1683484104, 3145882231, 519236925]);
    read_burst_increment_linear(15, 368, [151837458, 3204776062, 921010541, 484042553, 265457439, 3924555475, 1121529733]);
    read_burst_increment_linear(15, 32, [15983361, 114806029, 992211318, 512609597]);
    read_burst_increment_linear(15, 48, [1993627629, 1177417612, 2097015289, 3812041926]);
    read_burst_increment_linear(15, 64, [3807872197, 3574846122, 1924134885, 3151131255]);
    read_burst_increment_linear(15, 80, [2301810194, 1206705039, 2033215986, 3883308750]);
    read_burst_increment_linear(15, 96, [4093672168, 3804909253, 777537884, 3733858493]);
    read_burst_increment_linear(15, 112, [2527811629, 2997298789, 2985255523, 91457290]);
    read_burst_increment_linear(15, 128, [3225100928, 274997536, 1433945514, 3469528221]);
    read_burst_increment_linear(15, 144, [3407888022, 2307110931, 2260482061, 2846348883]);
    read_burst_increment_linear(15, 304, [2087561720, 3687669943, 3485750943]);
    read_burst_increment_linear(15, 316, [2927465564, 2915811419, 1155413897]);
    read_burst_increment_linear(15, 328, [2762879561, 3894623952, 3959341271]);
    read_burst_increment_linear(15, 340, [2831678545, 1260466070, 102596364]);
    read_burst_increment_linear(15, 420, [3275700358, 3340373134, 3459248796, 2100664826, 2474490918]);
    read_burst_increment_linear(15, 440, [966137715, 3515593891, 2543429679, 3654455987, 2950190687]);
    read_burst_increment_linear(15, 460, [573115716, 2079915511, 3852154571, 4077460198, 757652314]);
    read_burst_increment_linear(15, 228, [1526883766, 1665923526, 1460999086, 3732210364, 353361194, 2245499403, 3096952433, 1123172741]);
    read_burst_increment_linear(15, 260, [670192975, 2647416891, 486945594, 3206754942, 178932501, 2027527153, 1822182361, 824379234]);
    read_burst_increment_linear(15, 292, [641071948, 1335973279, 1203347855, 2087561720, 3687669943, 3485750943, 2927465564, 2915811419]);
    read_burst_increment_linear(15, 188, [84501770, 3849521866, 2654030908, 2036907506, 1160667530, 549761857, 3964351704]);
    read_burst_increment_linear(15, 216, [1008792440, 3297383049, 1975848427, 1526883766, 1665923526, 1460999086, 3732210364]);
    read_burst_increment_linear(15, 244, [353361194, 2245499403, 3096952433, 1123172741, 670192975, 2647416891, 486945594]);
    read_burst_increment_linear(15, 112, [2527811629, 2997298789, 2985255523, 91457290]);
    read_burst_increment_linear(15, 128, [3225100928, 274997536, 1433945514, 3469528221]);
    read_burst_increment_linear(15, 144, [3407888022, 2307110931, 2260482061, 2846348883]);
    read_burst_increment_linear(15, 160, [899669355, 3936758485, 2165787138, 3612753582]);
    read_burst_increment_linear(15, 176, [251652381, 3888476879, 293882147, 84501770]);
    read_burst_increment_linear(15, 192, [3849521866, 2654030908, 2036907506, 1160667530]);
    read_burst_increment_linear(15, 24, [2999092325, 2302104082, 15983361, 114806029, 992211318, 512609597, 1993627629]);
    read_burst_increment_linear(15, 52, [1177417612, 2097015289, 3812041926, 3807872197, 3574846122, 1924134885, 3151131255]);
    read_burst_increment_linear(15, 80, [2301810194, 1206705039, 2033215986, 3883308750, 4093672168, 3804909253, 777537884]);
    read_burst_increment_linear(15, 196, [2654030908, 2036907506, 1160667530, 549761857, 3964351704, 1008792440, 3297383049, 1975848427]);
    read_burst_increment_linear(15, 228, [1526883766, 1665923526, 1460999086, 3732210364, 353361194, 2245499403, 3096952433, 1123172741]);
    read_burst_increment_linear(15, 260, [670192975, 2647416891, 486945594, 3206754942, 178932501, 2027527153, 1822182361, 824379234]);
    read_burst_increment_linear(15, 380, [484042553, 265457439]);
    read_burst_increment_linear(15, 388, [3924555475, 1121529733]);
    read_burst_increment_linear(15, 396, [3155462264, 769284443]);
    read_burst_increment_linear(15, 404, [613108553, 2683481663]);
    read_burst_increment_linear(15, 412, [353152810, 739599192]);
    read_burst_increment_linear(15, 420, [3275700358, 3340373134]);
    read_burst_increment_linear(15, 428, [3459248796, 2100664826]);
    read_burst_increment_linear(15, 436, [2474490918, 966137715]);
    read_burst_increment_linear(15, 444, [3515593891, 2543429679]);
    read_burst_increment_linear(15, 452, [3654455987, 2950190687]);
    read_burst_increment_linear(15, 460, [573115716, 2079915511]);
    read_burst_increment_linear(15, 468, [3852154571, 4077460198]);
    read_burst_increment_linear(15, 476, [757652314, 349159721]);
    read_burst_increment_linear(15, 264, [2647416891, 486945594, 3206754942, 178932501, 2027527153, 1822182361, 824379234, 641071948]);
    read_burst_increment_linear(15, 296, [1335973279, 1203347855, 2087561720, 3687669943, 3485750943, 2927465564, 2915811419, 1155413897]);
    read_burst_increment_linear(15, 328, [2762879561, 3894623952, 3959341271, 2831678545, 1260466070, 102596364, 3777810114, 1683484104]);
    read_burst_increment_linear(15, 360, [3145882231, 519236925, 151837458, 3204776062, 921010541, 484042553, 265457439, 3924555475]);
    read_burst_increment_linear(15, 272, [3206754942, 178932501, 2027527153, 1822182361, 824379234, 641071948, 1335973279, 1203347855]);
    read_burst_increment_linear(15, 304, [2087561720, 3687669943, 3485750943, 2927465564, 2915811419, 1155413897, 2762879561, 3894623952]);
    read_burst_increment_linear(15, 0, [303379748, 3230228097, 2223298057, 2985317987, 112818957, 1189058957]);
    read_burst_increment_linear(15, 24, [2999092325, 2302104082, 15983361, 114806029, 992211318, 512609597]);
    read_burst_increment_linear(15, 176, [251652381, 3888476879, 293882147, 84501770]);
    read_burst_increment_linear(15, 192, [3849521866, 2654030908, 2036907506, 1160667530]);
    read_burst_increment_linear(15, 208, [549761857, 3964351704, 1008792440, 3297383049]);
    read_burst_increment_linear(15, 224, [1975848427, 1526883766, 1665923526, 1460999086]);
    read_burst_increment_linear(15, 240, [3732210364, 353361194, 2245499403, 3096952433]);
    read_burst_increment_linear(15, 256, [1123172741, 670192975, 2647416891, 486945594]);
    read_burst_increment_linear(15, 272, [3206754942, 178932501, 2027527153, 1822182361]);
    read_burst_increment_linear(15, 288, [824379234, 641071948, 1335973279, 1203347855]);
    read_burst_increment_linear(15, 140, [3469528221, 3407888022, 2307110931, 2260482061]);
    read_burst_increment_linear(15, 156, [2846348883, 899669355, 3936758485, 2165787138]);
    read_burst_increment_linear(15, 172, [3612753582, 251652381, 3888476879, 293882147]);
    read_burst_increment_linear(15, 188, [84501770, 3849521866, 2654030908, 2036907506]);
    read_burst_increment_linear(15, 204, [1160667530, 549761857, 3964351704, 1008792440]);
    read_burst_increment_linear(15, 220, [3297383049, 1975848427, 1526883766, 1665923526]);
    read_burst_increment_linear(15, 256, [1123172741, 670192975, 2647416891, 486945594, 3206754942, 178932501]);
    read_burst_increment_linear(15, 280, [2027527153, 1822182361, 824379234, 641071948, 1335973279, 1203347855]);
    read_burst_increment_linear(15, 396, [3155462264, 769284443, 613108553, 2683481663, 353152810, 739599192]);
    read_burst_increment_linear(15, 420, [3275700358, 3340373134, 3459248796, 2100664826, 2474490918, 966137715]);
    read_burst_increment_linear(15, 268, [486945594, 3206754942]);
    read_burst_increment_linear(15, 276, [178932501, 2027527153]);
    read_burst_increment_linear(15, 284, [1822182361, 824379234]);
    read_burst_increment_linear(15, 40, [992211318, 512609597, 1993627629, 1177417612, 2097015289]);
    read_burst_increment_linear(15, 60, [3812041926, 3807872197, 3574846122, 1924134885, 3151131255]);
    read_burst_increment_linear(15, 80, [2301810194, 1206705039, 2033215986, 3883308750, 4093672168]);
    read_burst_increment_linear(15, 8, [2223298057, 2985317987, 112818957, 1189058957]);
    read_burst_increment_linear(15, 24, [2999092325, 2302104082, 15983361, 114806029]);
    read_burst_increment_linear(15, 40, [992211318, 512609597, 1993627629, 1177417612]);
    read_burst_increment_linear(15, 56, [2097015289, 3812041926, 3807872197, 3574846122]);
    read_burst_increment_linear(15, 72, [1924134885, 3151131255, 2301810194, 1206705039]);
    read_burst_increment_linear(15, 88, [2033215986, 3883308750, 4093672168, 3804909253]);
    read_burst_increment_linear(15, 104, [777537884, 3733858493, 2527811629, 2997298789]);
    read_burst_increment_linear(15, 120, [2985255523, 91457290, 3225100928, 274997536]);
    read_burst_increment_linear(15, 52, [1177417612, 2097015289, 3812041926, 3807872197]);
    read_burst_increment_linear(15, 68, [3574846122, 1924134885, 3151131255, 2301810194]);
    read_burst_increment_linear(15, 84, [1206705039, 2033215986, 3883308750, 4093672168]);
    read_burst_increment_linear(15, 100, [3804909253, 777537884, 3733858493, 2527811629]);
    read_burst_increment_linear(15, 116, [2997298789, 2985255523, 91457290, 3225100928]);
    read_burst_increment_linear(15, 132, [274997536, 1433945514, 3469528221, 3407888022]);
    read_burst_increment_linear(15, 148, [2307110931, 2260482061, 2846348883, 899669355]);
    read_burst_increment_linear(15, 108, [3733858493, 2527811629, 2997298789, 2985255523]);
    read_burst_increment_linear(15, 124, [91457290, 3225100928, 274997536, 1433945514]);
    read_burst_increment_linear(15, 140, [3469528221, 3407888022, 2307110931, 2260482061]);
    read_burst_increment_linear(15, 156, [2846348883, 899669355, 3936758485, 2165787138]);
    read_burst_increment_linear(15, 328, [2762879561, 3894623952, 3959341271, 2831678545, 1260466070]);
    read_burst_increment_linear(15, 348, [102596364, 3777810114, 1683484104, 3145882231, 519236925]);
    read_burst_increment_linear(15, 368, [151837458, 3204776062, 921010541, 484042553, 265457439]);
    read_burst_increment_linear(15, 388, [3924555475, 1121529733, 3155462264, 769284443, 613108553]);
    read_burst_increment_linear(15, 408, [2683481663, 353152810, 739599192, 3275700358, 3340373134]);
    read_burst_increment_linear(15, 428, [3459248796, 2100664826, 2474490918, 966137715, 3515593891]);
    read_burst_increment_linear(15, 164, [3936758485, 2165787138, 3612753582, 251652381, 3888476879, 293882147, 84501770]);
    read_burst_increment_linear(15, 192, [3849521866, 2654030908, 2036907506, 1160667530, 549761857, 3964351704, 1008792440]);
    read_burst_increment_linear(15, 220, [3297383049, 1975848427, 1526883766, 1665923526, 1460999086, 3732210364, 353361194]);
    read_burst_increment_linear(15, 208, [549761857, 3964351704, 1008792440]);
    read_burst_increment_linear(15, 220, [3297383049, 1975848427, 1526883766]);
    read_burst_increment_linear(15, 232, [1665923526, 1460999086, 3732210364]);
    read_burst_increment_linear(15, 244, [353361194, 2245499403, 3096952433]);
    read_burst_increment_linear(15, 256, [1123172741, 670192975, 2647416891]);
    read_burst_increment_linear(15, 268, [486945594, 3206754942, 178932501]);
    read_burst_increment_linear(15, 280, [2027527153, 1822182361, 824379234]);
    read_burst_increment_linear(15, 292, [641071948, 1335973279, 1203347855]);
    read_burst_increment_linear(15, 304, [2087561720, 3687669943, 3485750943]);
    read_burst_increment_linear(15, 316, [2927465564, 2915811419, 1155413897]);
    read_burst_increment_linear(15, 52, [1177417612, 2097015289]);
    read_burst_increment_linear(15, 60, [3812041926, 3807872197]);
    read_burst_increment_linear(15, 68, [3574846122, 1924134885]);
    read_burst_increment_linear(15, 76, [3151131255, 2301810194]);
    read_burst_increment_linear(15, 84, [1206705039, 2033215986]);
    read_burst_increment_linear(15, 92, [3883308750, 4093672168]);
    read_burst_increment_linear(15, 100, [3804909253, 777537884]);
    read_burst_increment_linear(15, 108, [3733858493, 2527811629]);
    read_burst_increment_linear(15, 116, [2997298789, 2985255523]);
    read_burst_increment_linear(15, 124, [91457290, 3225100928]);
    read_burst_increment_linear(15, 132, [274997536, 1433945514]);
    read_burst_increment_linear(15, 152, [2260482061, 2846348883, 899669355, 3936758485]);
    read_burst_increment_linear(15, 168, [2165787138, 3612753582, 251652381, 3888476879]);
    read_burst_increment_linear(15, 8, [2223298057, 2985317987]);
    read_burst_increment_linear(15, 16, [112818957, 1189058957]);
    read_burst_increment_linear(15, 24, [2999092325, 2302104082]);
    read_burst_increment_linear(15, 32, [15983361, 114806029]);
    read_burst_increment_linear(15, 40, [992211318, 512609597]);
    read_burst_increment_linear(15, 48, [1993627629, 1177417612]);
    read_burst_increment_linear(15, 56, [2097015289, 3812041926]);
    read_burst_increment_linear(15, 64, [3807872197, 3574846122]);
    read_burst_increment_linear(15, 72, [1924134885, 3151131255]);
    read_burst_increment_linear(15, 80, [2301810194, 1206705039]);
    read_burst_increment_linear(15, 88, [2033215986, 3883308750]);
    read_burst_increment_linear(15, 96, [4093672168, 3804909253]);
    read_burst_increment_linear(15, 104, [777537884, 3733858493]);
    read_burst_increment_linear(15, 112, [2527811629, 2997298789]);
    read_burst_increment_linear(15, 120, [2985255523, 91457290]);
    read_burst_increment_linear(15, 128, [3225100928, 274997536]);
    read_burst_increment_linear(15, 212, [3964351704, 1008792440, 3297383049, 1975848427]);
    read_burst_increment_linear(15, 228, [1526883766, 1665923526, 1460999086, 3732210364]);
    read_burst_increment_linear(15, 244, [353361194, 2245499403, 3096952433, 1123172741]);
    read_burst_increment_linear(15, 260, [670192975, 2647416891, 486945594, 3206754942]);
    read_burst_increment_linear(15, 276, [178932501, 2027527153, 1822182361, 824379234]);
    read_burst_increment_linear(15, 292, [641071948, 1335973279, 1203347855, 2087561720, 3687669943]);
    read_burst_increment_linear(15, 312, [3485750943, 2927465564, 2915811419, 1155413897, 2762879561]);
    read_burst_increment_linear(15, 332, [3894623952, 3959341271, 2831678545, 1260466070, 102596364]);
    read_burst_increment_linear(15, 352, [3777810114, 1683484104, 3145882231, 519236925, 151837458]);
    read_burst_increment_linear(15, 316, [2927465564, 2915811419, 1155413897, 2762879561, 3894623952, 3959341271, 2831678545, 1260466070]);
    read_burst_increment_linear(15, 348, [102596364, 3777810114, 1683484104, 3145882231, 519236925, 151837458, 3204776062, 921010541]);
    read_burst_increment_linear(15, 436, [2474490918, 966137715, 3515593891, 2543429679, 3654455987, 2950190687]);
    read_burst_increment_linear(15, 460, [573115716, 2079915511, 3852154571, 4077460198, 757652314, 349159721]);
    read_burst_increment_linear(15, 304, [2087561720, 3687669943, 3485750943, 2927465564]);
    read_burst_increment_linear(15, 236, [1460999086, 3732210364, 353361194, 2245499403]);
    read_burst_increment_linear(15, 252, [3096952433, 1123172741, 670192975, 2647416891]);
    read_burst_increment_linear(15, 268, [486945594, 3206754942, 178932501, 2027527153]);
    read_burst_increment_linear(15, 284, [1822182361, 824379234, 641071948, 1335973279]);
    read_burst_increment_linear(15, 176, [251652381, 3888476879]);
    read_burst_increment_linear(15, 184, [293882147, 84501770]);
    read_burst_increment_linear(15, 192, [3849521866, 2654030908]);
    read_burst_increment_linear(15, 200, [2036907506, 1160667530]);
    read_burst_increment_linear(15, 208, [549761857, 3964351704]);
    read_burst_increment_linear(15, 216, [1008792440, 3297383049]);
    read_burst_increment_linear(15, 224, [1975848427, 1526883766]);
    read_burst_increment_linear(15, 232, [1665923526, 1460999086]);
    read_burst_increment_linear(15, 240, [3732210364, 353361194]);
    read_burst_increment_linear(15, 248, [2245499403, 3096952433]);
    read_burst_increment_linear(15, 256, [1123172741, 670192975]);
    read_burst_increment_linear(15, 264, [2647416891, 486945594]);
    read_burst_increment_linear(15, 296, [1335973279, 1203347855, 2087561720, 3687669943, 3485750943, 2927465564, 2915811419, 1155413897]);
    read_burst_increment_linear(15, 376, [921010541, 484042553, 265457439, 3924555475]);
    read_burst_increment_linear(15, 392, [1121529733, 3155462264, 769284443, 613108553]);
    read_burst_increment_linear(15, 408, [2683481663, 353152810, 739599192, 3275700358]);
    read_burst_increment_linear(15, 424, [3340373134, 3459248796, 2100664826, 2474490918]);
    read_burst_increment_linear(15, 440, [966137715, 3515593891, 2543429679, 3654455987]);
    read_burst_increment_linear(15, 456, [2950190687, 573115716, 2079915511, 3852154571]);
    read_burst_increment_linear(15, 260, [670192975, 2647416891, 486945594, 3206754942, 178932501]);
    read_burst_increment_linear(15, 280, [2027527153, 1822182361, 824379234, 641071948, 1335973279]);
    read_burst_increment_linear(15, 300, [1203347855, 2087561720, 3687669943, 3485750943, 2927465564]);
    read_burst_increment_linear(15, 320, [2915811419, 1155413897, 2762879561, 3894623952, 3959341271]);
    read_burst_increment_linear(15, 340, [2831678545, 1260466070, 102596364, 3777810114, 1683484104]);
    read_burst_increment_linear(15, 360, [3145882231, 519236925, 151837458, 3204776062, 921010541]);
    read_burst_increment_linear(15, 84, [1206705039, 2033215986, 3883308750]);
    read_burst_increment_linear(15, 392, [1121529733, 3155462264, 769284443, 613108553, 2683481663, 353152810]);
    read_burst_increment_linear(15, 416, [739599192, 3275700358, 3340373134, 3459248796, 2100664826, 2474490918]);
    read_burst_increment_linear(15, 244, [353361194, 2245499403, 3096952433, 1123172741, 670192975, 2647416891]);
    read_burst_increment_linear(15, 268, [486945594, 3206754942, 178932501, 2027527153, 1822182361, 824379234]);
    read_burst_increment_linear(15, 104, [777537884, 3733858493, 2527811629]);
    read_burst_increment_linear(15, 116, [2997298789, 2985255523, 91457290]);
    read_burst_increment_linear(15, 128, [3225100928, 274997536, 1433945514]);
    read_burst_increment_linear(15, 140, [3469528221, 3407888022, 2307110931]);
    read_burst_increment_linear(15, 152, [2260482061, 2846348883, 899669355]);
    read_burst_increment_linear(15, 164, [3936758485, 2165787138, 3612753582]);
    read_burst_increment_linear(15, 164, [3936758485, 2165787138]);
    read_burst_increment_linear(15, 172, [3612753582, 251652381]);
    read_burst_increment_linear(15, 180, [3888476879, 293882147]);
    read_burst_increment_linear(15, 188, [84501770, 3849521866]);
    read_burst_increment_linear(15, 200, [2036907506, 1160667530, 549761857, 3964351704]);
    read_burst_increment_linear(15, 216, [1008792440, 3297383049, 1975848427, 1526883766]);
    read_burst_increment_linear(15, 232, [1665923526, 1460999086, 3732210364, 353361194]);
    read_burst_increment_linear(15, 248, [2245499403, 3096952433, 1123172741, 670192975]);
    read_burst_increment_linear(15, 264, [2647416891, 486945594, 3206754942, 178932501]);
    read_burst_increment_linear(15, 280, [2027527153, 1822182361, 824379234, 641071948]);
    read_burst_increment_linear(15, 296, [1335973279, 1203347855, 2087561720, 3687669943]);
    read_burst_increment_linear(15, 68, [3574846122, 1924134885]);
    read_burst_increment_linear(15, 76, [3151131255, 2301810194]);
    read_burst_increment_linear(15, 84, [1206705039, 2033215986]);
    read_burst_increment_linear(15, 92, [3883308750, 4093672168]);
    read_burst_increment_linear(15, 100, [3804909253, 777537884]);
    read_burst_increment_linear(15, 108, [3733858493, 2527811629]);
    read_burst_increment_linear(15, 116, [2997298789, 2985255523]);
    read_burst_increment_linear(15, 124, [91457290, 3225100928]);
    read_burst_increment_linear(15, 132, [274997536, 1433945514]);
    read_burst_increment_linear(15, 140, [3469528221, 3407888022]);
    read_burst_increment_linear(15, 148, [2307110931, 2260482061]);
    read_burst_increment_linear(15, 156, [2846348883, 899669355]);
    read_burst_increment_linear(15, 164, [3936758485, 2165787138]);
    read_burst_increment_linear(15, 172, [3612753582, 251652381]);
    read_burst_increment_linear(15, 180, [3888476879, 293882147]);
    read_burst_increment_linear(15, 384, [265457439, 3924555475, 1121529733, 3155462264]);
    read_burst_increment_linear(15, 400, [769284443, 613108553, 2683481663, 353152810]);
    read_burst_increment_linear(15, 416, [739599192, 3275700358, 3340373134, 3459248796]);
    read_burst_increment_linear(15, 44, [512609597, 1993627629, 1177417612, 2097015289, 3812041926]);
    read_burst_increment_linear(15, 200, [2036907506, 1160667530, 549761857, 3964351704, 1008792440]);
    read_burst_increment_linear(15, 220, [3297383049, 1975848427, 1526883766, 1665923526, 1460999086]);
    read_burst_increment_linear(15, 240, [3732210364, 353361194, 2245499403, 3096952433, 1123172741]);
    read_burst_increment_linear(15, 92, [3883308750, 4093672168]);
    read_burst_increment_linear(15, 112, [2527811629, 2997298789, 2985255523, 91457290, 3225100928, 274997536]);
    read_burst_increment_linear(15, 400, [769284443, 613108553, 2683481663]);
    read_burst_increment_linear(15, 412, [353152810, 739599192, 3275700358]);
    read_burst_increment_linear(15, 424, [3340373134, 3459248796, 2100664826]);
    read_burst_increment_linear(15, 436, [2474490918, 966137715, 3515593891]);
    read_burst_increment_linear(15, 452, [3654455987, 2950190687, 573115716, 2079915511, 3852154571]);
    read_burst_increment_linear(15, 472, [4077460198, 757652314, 349159721, 4135772909, 3981667546]);
    read_burst_increment_linear(15, 492, [2996811365, 3666535093, 4022244575, 1022433657, 573701956]);
    read_burst_increment_linear(15, 32, [15983361, 114806029, 992211318]);
    read_burst_increment_linear(15, 44, [512609597, 1993627629, 1177417612]);
    read_burst_increment_linear(15, 56, [2097015289, 3812041926, 3807872197]);
    read_burst_increment_linear(15, 68, [3574846122, 1924134885, 3151131255]);
    read_burst_increment_linear(15, 80, [2301810194, 1206705039, 2033215986]);
    read_burst_increment_linear(15, 92, [3883308750, 4093672168, 3804909253]);
    read_burst_increment_linear(15, 104, [777537884, 3733858493, 2527811629]);
    read_burst_increment_linear(15, 116, [2997298789, 2985255523, 91457290]);
    read_burst_increment_linear(15, 128, [3225100928, 274997536, 1433945514]);
    read_burst_increment_linear(15, 28, [2302104082, 15983361]);
    read_burst_increment_linear(15, 36, [114806029, 992211318]);
    read_burst_increment_linear(15, 44, [512609597, 1993627629]);
    read_burst_increment_linear(15, 52, [1177417612, 2097015289]);
    read_burst_increment_linear(15, 60, [3812041926, 3807872197]);
    read_burst_increment_linear(15, 68, [3574846122, 1924134885]);
    read_burst_increment_linear(15, 76, [3151131255, 2301810194]);
    read_burst_increment_linear(15, 84, [1206705039, 2033215986]);
    read_burst_increment_linear(15, 92, [3883308750, 4093672168]);
    read_burst_increment_linear(15, 100, [3804909253, 777537884]);
    read_burst_increment_linear(15, 108, [3733858493, 2527811629]);
    read_burst_increment_linear(15, 116, [2997298789, 2985255523]);
    read_burst_increment_linear(15, 124, [91457290, 3225100928]);
    read_burst_increment_linear(15, 132, [274997536, 1433945514]);
    read_burst_increment_linear(15, 12, [2985317987, 112818957, 1189058957, 2999092325, 2302104082]);
    read_burst_increment_linear(15, 32, [15983361, 114806029, 992211318, 512609597, 1993627629]);
    read_burst_increment_linear(15, 52, [1177417612, 2097015289, 3812041926, 3807872197, 3574846122]);
    read_burst_increment_linear(15, 72, [1924134885, 3151131255, 2301810194, 1206705039, 2033215986]);
    read_burst_increment_linear(15, 320, [2915811419, 1155413897, 2762879561, 3894623952, 3959341271]);
    read_burst_increment_linear(15, 340, [2831678545, 1260466070, 102596364, 3777810114, 1683484104]);
    read_burst_increment_linear(15, 360, [3145882231, 519236925, 151837458, 3204776062, 921010541]);
    read_burst_increment_linear(15, 84, [1206705039, 2033215986]);
    read_burst_increment_linear(15, 92, [3883308750, 4093672168]);
    read_burst_increment_linear(15, 100, [3804909253, 777537884]);
    read_burst_increment_linear(15, 108, [3733858493, 2527811629]);
    read_burst_increment_linear(15, 116, [2997298789, 2985255523]);
    read_burst_increment_linear(15, 124, [91457290, 3225100928]);
    read_burst_increment_linear(15, 132, [274997536, 1433945514]);
    read_burst_increment_linear(15, 140, [3469528221, 3407888022]);
    read_burst_increment_linear(15, 148, [2307110931, 2260482061]);
    read_burst_increment_linear(15, 156, [2846348883, 899669355]);
    read_burst_increment_linear(15, 164, [3936758485, 2165787138]);
    read_burst_increment_linear(15, 172, [3612753582, 251652381]);
    read_burst_increment_linear(15, 180, [3888476879, 293882147]);
    read_burst_increment_linear(15, 424, [3340373134, 3459248796, 2100664826]);
    read_burst_increment_linear(15, 88, [2033215986, 3883308750, 4093672168, 3804909253]);
    read_burst_increment_linear(15, 104, [777537884, 3733858493, 2527811629, 2997298789]);
    read_burst_increment_linear(15, 120, [2985255523, 91457290, 3225100928, 274997536]);
    read_burst_increment_linear(15, 136, [1433945514, 3469528221, 3407888022, 2307110931]);
    read_burst_increment_linear(15, 196, [2654030908, 2036907506]);
    read_burst_increment_linear(15, 204, [1160667530, 549761857]);
    read_burst_increment_linear(15, 180, [3888476879, 293882147, 84501770, 3849521866, 2654030908, 2036907506, 1160667530, 549761857]);
    read_burst_increment_linear(15, 212, [3964351704, 1008792440, 3297383049, 1975848427, 1526883766, 1665923526, 1460999086, 3732210364]);
    read_burst_increment_linear(15, 244, [353361194, 2245499403, 3096952433, 1123172741, 670192975, 2647416891, 486945594, 3206754942]);
    read_burst_increment_linear(15, 276, [178932501, 2027527153, 1822182361, 824379234, 641071948, 1335973279, 1203347855, 2087561720]);
    read_burst_increment_linear(15, 76, [3151131255, 2301810194, 1206705039, 2033215986, 3883308750, 4093672168, 3804909253]);
    read_burst_increment_linear(15, 104, [777537884, 3733858493, 2527811629, 2997298789, 2985255523, 91457290, 3225100928]);
    read_burst_increment_linear(15, 384, [265457439, 3924555475, 1121529733, 3155462264, 769284443, 613108553]);
    read_burst_increment_linear(15, 408, [2683481663, 353152810, 739599192, 3275700358, 3340373134, 3459248796]);
    read_burst_increment_linear(15, 432, [2100664826, 2474490918, 966137715, 3515593891, 2543429679, 3654455987]);
    read_burst_increment_linear(15, 456, [2950190687, 573115716, 2079915511, 3852154571, 4077460198, 757652314]);
    read_burst_increment_linear(15, 480, [349159721, 4135772909, 3981667546, 2996811365, 3666535093, 4022244575]);
    read_burst_increment_linear(15, 252, [3096952433, 1123172741, 670192975, 2647416891]);
    read_burst_increment_linear(15, 268, [486945594, 3206754942, 178932501, 2027527153]);
    read_burst_increment_linear(15, 284, [1822182361, 824379234, 641071948, 1335973279]);
    read_burst_increment_linear(15, 208, [549761857, 3964351704]);
    read_burst_increment_linear(15, 216, [1008792440, 3297383049]);
    read_burst_increment_linear(15, 224, [1975848427, 1526883766]);
    read_burst_increment_linear(15, 232, [1665923526, 1460999086]);
    read_burst_increment_linear(15, 240, [3732210364, 353361194]);
    read_burst_increment_linear(15, 248, [2245499403, 3096952433]);
    read_burst_increment_linear(15, 256, [1123172741, 670192975]);
    read_burst_increment_linear(15, 200, [2036907506, 1160667530, 549761857, 3964351704, 1008792440, 3297383049]);
    read_burst_increment_linear(15, 224, [1975848427, 1526883766, 1665923526, 1460999086, 3732210364, 353361194]);
    read_burst_increment_linear(15, 248, [2245499403, 3096952433, 1123172741, 670192975, 2647416891, 486945594]);
    read_burst_increment_linear(15, 272, [3206754942, 178932501, 2027527153, 1822182361, 824379234, 641071948]);
    read_burst_increment_linear(15, 192, [3849521866, 2654030908, 2036907506, 1160667530, 549761857, 3964351704, 1008792440, 3297383049]);
    read_burst_increment_linear(15, 224, [1975848427, 1526883766, 1665923526, 1460999086, 3732210364, 353361194, 2245499403, 3096952433]);
    read_burst_increment_linear(15, 340, [2831678545, 1260466070, 102596364, 3777810114]);
    read_burst_increment_linear(15, 356, [1683484104, 3145882231, 519236925, 151837458]);
    read_burst_increment_linear(15, 372, [3204776062, 921010541, 484042553, 265457439]);
    read_burst_increment_linear(15, 388, [3924555475, 1121529733, 3155462264, 769284443]);
    read_burst_increment_linear(15, 220, [3297383049, 1975848427, 1526883766, 1665923526, 1460999086]);
    read_burst_increment_linear(15, 240, [3732210364, 353361194, 2245499403, 3096952433, 1123172741]);
    read_burst_increment_linear(15, 260, [670192975, 2647416891, 486945594, 3206754942, 178932501]);
    read_burst_increment_linear(15, 280, [2027527153, 1822182361, 824379234, 641071948, 1335973279]);
    read_burst_increment_linear(15, 300, [1203347855, 2087561720, 3687669943, 3485750943, 2927465564]);
    read_burst_increment_linear(15, 320, [2915811419, 1155413897, 2762879561, 3894623952, 3959341271]);
    read_burst_increment_linear(15, 80, [2301810194, 1206705039, 2033215986, 3883308750, 4093672168, 3804909253, 777537884]);
    read_burst_increment_linear(15, 108, [3733858493, 2527811629, 2997298789, 2985255523, 91457290, 3225100928, 274997536]);
    read_burst_increment_linear(15, 136, [1433945514, 3469528221, 3407888022, 2307110931, 2260482061, 2846348883, 899669355]);
    read_burst_increment_linear(15, 164, [3936758485, 2165787138, 3612753582, 251652381, 3888476879, 293882147, 84501770]);
    read_burst_increment_linear(15, 300, [1203347855, 2087561720, 3687669943, 3485750943]);
    read_burst_increment_linear(15, 316, [2927465564, 2915811419, 1155413897, 2762879561]);
    read_burst_increment_linear(15, 332, [3894623952, 3959341271, 2831678545, 1260466070]);
    read_burst_increment_linear(15, 348, [102596364, 3777810114, 1683484104, 3145882231]);
    read_burst_increment_linear(15, 364, [519236925, 151837458, 3204776062, 921010541]);
    read_burst_increment_linear(15, 380, [484042553, 265457439, 3924555475, 1121529733]);
    read_burst_increment_linear(15, 396, [3155462264, 769284443, 613108553, 2683481663]);
    read_burst_increment_linear(15, 256, [1123172741, 670192975, 2647416891]);
    read_burst_increment_linear(15, 268, [486945594, 3206754942, 178932501]);
    read_burst_increment_linear(15, 280, [2027527153, 1822182361, 824379234]);
    read_burst_increment_linear(15, 292, [641071948, 1335973279, 1203347855]);
    read_burst_increment_linear(15, 304, [2087561720, 3687669943, 3485750943]);
    read_burst_increment_linear(15, 316, [2927465564, 2915811419, 1155413897]);
    read_burst_increment_linear(15, 328, [2762879561, 3894623952, 3959341271]);
    read_burst_increment_linear(15, 260, [670192975, 2647416891, 486945594, 3206754942]);
    read_burst_increment_linear(15, 276, [178932501, 2027527153, 1822182361, 824379234]);
    read_burst_increment_linear(15, 292, [641071948, 1335973279, 1203347855, 2087561720]);
    read_burst_increment_linear(15, 308, [3687669943, 3485750943, 2927465564, 2915811419]);
    read_burst_increment_linear(15, 324, [1155413897, 2762879561, 3894623952, 3959341271]);
    read_burst_increment_linear(15, 340, [2831678545, 1260466070, 102596364, 3777810114]);
    read_burst_increment_linear(15, 140, [3469528221, 3407888022, 2307110931, 2260482061, 2846348883, 899669355, 3936758485, 2165787138]);
    read_burst_increment_linear(15, 172, [3612753582, 251652381, 3888476879, 293882147, 84501770, 3849521866, 2654030908, 2036907506]);
    read_burst_increment_linear(15, 204, [1160667530, 549761857, 3964351704, 1008792440, 3297383049, 1975848427, 1526883766, 1665923526]);
    read_burst_increment_linear(15, 204, [1160667530, 549761857, 3964351704, 1008792440, 3297383049, 1975848427, 1526883766]);
    read_burst_increment_linear(15, 76, [3151131255, 2301810194, 1206705039, 2033215986]);
    read_burst_increment_linear(15, 92, [3883308750, 4093672168, 3804909253, 777537884]);
    read_burst_increment_linear(15, 108, [3733858493, 2527811629, 2997298789, 2985255523]);
    read_burst_increment_linear(15, 124, [91457290, 3225100928, 274997536, 1433945514]);
    read_burst_increment_linear(15, 140, [3469528221, 3407888022, 2307110931, 2260482061]);
    read_burst_increment_linear(15, 156, [2846348883, 899669355, 3936758485, 2165787138]);
    read_burst_increment_linear(15, 172, [3612753582, 251652381, 3888476879, 293882147]);
    read_burst_increment_linear(15, 188, [84501770, 3849521866, 2654030908, 2036907506]);
    read_burst_increment_linear(15, 220, [3297383049, 1975848427]);
    read_burst_increment_linear(15, 228, [1526883766, 1665923526]);
    read_burst_increment_linear(15, 236, [1460999086, 3732210364]);
    read_burst_increment_linear(15, 420, [3275700358, 3340373134, 3459248796]);
    read_burst_increment_linear(15, 432, [2100664826, 2474490918, 966137715]);
    read_burst_increment_linear(15, 444, [3515593891, 2543429679, 3654455987]);
    read_burst_increment_linear(15, 456, [2950190687, 573115716, 2079915511]);
    read_burst_increment_linear(15, 468, [3852154571, 4077460198, 757652314]);
    read_burst_increment_linear(15, 480, [349159721, 4135772909, 3981667546]);
    read_burst_increment_linear(15, 492, [2996811365, 3666535093, 4022244575]);
    read_burst_increment_linear(15, 84, [1206705039, 2033215986, 3883308750, 4093672168]);
    read_burst_increment_linear(15, 100, [3804909253, 777537884, 3733858493, 2527811629]);
    read_burst_increment_linear(15, 180, [3888476879, 293882147, 84501770, 3849521866]);
    read_burst_increment_linear(15, 196, [2654030908, 2036907506, 1160667530, 549761857]);
    read_burst_increment_linear(15, 212, [3964351704, 1008792440, 3297383049, 1975848427]);
    read_burst_increment_linear(15, 228, [1526883766, 1665923526, 1460999086, 3732210364]);
    read_burst_increment_linear(15, 244, [353361194, 2245499403, 3096952433, 1123172741]);
    read_burst_increment_linear(15, 260, [670192975, 2647416891, 486945594, 3206754942]);
    read_burst_increment_linear(15, 276, [178932501, 2027527153, 1822182361, 824379234]);
    read_burst_increment_linear(15, 52, [1177417612, 2097015289, 3812041926, 3807872197, 3574846122, 1924134885]);
    read_burst_increment_linear(15, 76, [3151131255, 2301810194, 1206705039, 2033215986, 3883308750, 4093672168]);
    read_burst_increment_linear(15, 16, [112818957, 1189058957, 2999092325, 2302104082]);
    read_burst_increment_linear(15, 32, [15983361, 114806029, 992211318, 512609597]);
    read_burst_increment_linear(15, 288, [824379234, 641071948]);
    read_burst_increment_linear(15, 296, [1335973279, 1203347855]);
    read_burst_increment_linear(15, 248, [2245499403, 3096952433, 1123172741, 670192975]);
    read_burst_increment_linear(15, 264, [2647416891, 486945594, 3206754942, 178932501]);
    read_burst_increment_linear(15, 280, [2027527153, 1822182361, 824379234, 641071948]);
    read_burst_increment_linear(15, 372, [3204776062, 921010541, 484042553, 265457439, 3924555475]);
    read_burst_increment_linear(15, 392, [1121529733, 3155462264, 769284443, 613108553, 2683481663]);
    read_burst_increment_linear(15, 412, [353152810, 739599192, 3275700358, 3340373134, 3459248796]);
    read_burst_increment_linear(15, 432, [2100664826, 2474490918, 966137715, 3515593891, 2543429679]);
    read_burst_increment_linear(15, 196, [2654030908, 2036907506, 1160667530]);
    read_burst_increment_linear(15, 208, [549761857, 3964351704, 1008792440]);
    read_burst_increment_linear(15, 220, [3297383049, 1975848427, 1526883766]);
    read_burst_increment_linear(15, 384, [265457439, 3924555475, 1121529733, 3155462264, 769284443, 613108553]);
    read_burst_increment_linear(15, 408, [2683481663, 353152810, 739599192, 3275700358, 3340373134, 3459248796]);
    read_burst_increment_linear(15, 120, [2985255523, 91457290, 3225100928]);
    read_burst_increment_linear(15, 132, [274997536, 1433945514, 3469528221]);
    read_burst_increment_linear(15, 144, [3407888022, 2307110931, 2260482061]);
    read_burst_increment_linear(15, 156, [2846348883, 899669355, 3936758485]);
    read_burst_increment_linear(15, 168, [2165787138, 3612753582, 251652381]);
    read_burst_increment_linear(15, 180, [3888476879, 293882147, 84501770]);
    read_burst_increment_linear(15, 44, [512609597, 1993627629, 1177417612, 2097015289, 3812041926, 3807872197]);
    read_burst_increment_linear(15, 68, [3574846122, 1924134885, 3151131255, 2301810194, 1206705039, 2033215986]);
    read_burst_increment_linear(15, 92, [3883308750, 4093672168, 3804909253, 777537884, 3733858493, 2527811629]);
    read_burst_increment_linear(15, 76, [3151131255, 2301810194, 1206705039, 2033215986]);
    read_burst_increment_linear(15, 92, [3883308750, 4093672168, 3804909253, 777537884]);
    read_burst_increment_linear(15, 108, [3733858493, 2527811629, 2997298789, 2985255523]);
    read_burst_increment_linear(15, 124, [91457290, 3225100928, 274997536, 1433945514]);
    read_burst_increment_linear(15, 140, [3469528221, 3407888022, 2307110931, 2260482061]);
    read_burst_increment_linear(15, 156, [2846348883, 899669355, 3936758485, 2165787138]);
    read_burst_increment_linear(15, 172, [3612753582, 251652381, 3888476879, 293882147]);
    read_burst_increment_linear(15, 188, [84501770, 3849521866, 2654030908, 2036907506]);
    read_burst_increment_linear(15, 112, [2527811629, 2997298789, 2985255523, 91457290]);
    read_burst_increment_linear(15, 128, [3225100928, 274997536, 1433945514, 3469528221]);
    read_burst_increment_linear(15, 184, [293882147, 84501770, 3849521866]);
    read_burst_increment_linear(15, 196, [2654030908, 2036907506, 1160667530]);
    read_burst_increment_linear(15, 208, [549761857, 3964351704, 1008792440]);
    read_burst_increment_linear(15, 220, [3297383049, 1975848427, 1526883766]);
    read_burst_increment_linear(15, 232, [1665923526, 1460999086, 3732210364]);
    read_burst_increment_linear(15, 244, [353361194, 2245499403, 3096952433]);
    read_burst_increment_linear(15, 356, [1683484104, 3145882231, 519236925, 151837458, 3204776062, 921010541]);
    read_burst_increment_linear(15, 380, [484042553, 265457439, 3924555475, 1121529733, 3155462264, 769284443]);
    read_burst_increment_linear(15, 404, [613108553, 2683481663, 353152810, 739599192, 3275700358, 3340373134]);
    read_burst_increment_linear(15, 428, [3459248796, 2100664826, 2474490918, 966137715, 3515593891, 2543429679]);
    read_burst_increment_linear(15, 452, [3654455987, 2950190687, 573115716, 2079915511, 3852154571, 4077460198]);
    read_burst_increment_linear(15, 384, [265457439, 3924555475]);
    read_burst_increment_linear(15, 392, [1121529733, 3155462264]);
    read_burst_increment_linear(15, 400, [769284443, 613108553]);
    read_burst_increment_linear(15, 408, [2683481663, 353152810]);
    read_burst_increment_linear(15, 216, [1008792440, 3297383049, 1975848427, 1526883766, 1665923526, 1460999086, 3732210364, 353361194]);
    read_burst_increment_linear(15, 248, [2245499403, 3096952433, 1123172741, 670192975, 2647416891, 486945594, 3206754942, 178932501]);
    read_burst_increment_linear(15, 280, [2027527153, 1822182361, 824379234, 641071948, 1335973279, 1203347855, 2087561720, 3687669943]);
    read_burst_increment_linear(15, 384, [265457439, 3924555475, 1121529733, 3155462264, 769284443]);
    read_burst_increment_linear(15, 404, [613108553, 2683481663, 353152810, 739599192, 3275700358]);
    read_burst_increment_linear(15, 424, [3340373134, 3459248796, 2100664826, 2474490918, 966137715]);
    read_burst_increment_linear(15, 444, [3515593891, 2543429679, 3654455987, 2950190687, 573115716]);
    read_burst_increment_linear(15, 464, [2079915511, 3852154571, 4077460198, 757652314, 349159721]);
    read_burst_increment_linear(15, 268, [486945594, 3206754942, 178932501, 2027527153, 1822182361, 824379234, 641071948, 1335973279]);
    read_burst_increment_linear(15, 300, [1203347855, 2087561720, 3687669943, 3485750943, 2927465564, 2915811419, 1155413897, 2762879561]);
    read_burst_increment_linear(15, 332, [3894623952, 3959341271, 2831678545, 1260466070, 102596364, 3777810114, 1683484104, 3145882231]);
    read_burst_increment_linear(15, 364, [519236925, 151837458, 3204776062, 921010541, 484042553, 265457439, 3924555475, 1121529733]);
    read_burst_increment_linear(15, 396, [3155462264, 769284443, 613108553, 2683481663]);
    read_burst_increment_linear(15, 412, [353152810, 739599192, 3275700358, 3340373134]);
    read_burst_increment_linear(15, 428, [3459248796, 2100664826, 2474490918, 966137715]);
    read_burst_increment_linear(15, 444, [3515593891, 2543429679, 3654455987, 2950190687]);
    read_burst_increment_linear(15, 460, [573115716, 2079915511, 3852154571, 4077460198]);
    read_burst_increment_linear(15, 476, [757652314, 349159721, 4135772909, 3981667546]);
    read_burst_increment_linear(15, 356, [1683484104, 3145882231, 519236925]);
    read_burst_increment_linear(15, 380, [484042553, 265457439, 3924555475, 1121529733]);
    read_burst_increment_linear(15, 396, [3155462264, 769284443, 613108553, 2683481663]);
    read_burst_increment_linear(15, 412, [353152810, 739599192, 3275700358, 3340373134]);
    read_burst_increment_linear(15, 428, [3459248796, 2100664826, 2474490918, 966137715]);
    read_burst_increment_linear(15, 444, [3515593891, 2543429679, 3654455987, 2950190687]);
    read_burst_increment_linear(15, 136, [1433945514, 3469528221, 3407888022]);
    read_burst_increment_linear(15, 20, [1189058957, 2999092325, 2302104082]);
    read_burst_increment_linear(15, 32, [15983361, 114806029, 992211318]);
    read_burst_increment_linear(15, 44, [512609597, 1993627629, 1177417612]);
    read_burst_increment_linear(15, 56, [2097015289, 3812041926, 3807872197]);
    read_burst_increment_linear(15, 208, [549761857, 3964351704, 1008792440, 3297383049, 1975848427, 1526883766, 1665923526]);
    read_burst_increment_linear(15, 236, [1460999086, 3732210364, 353361194, 2245499403, 3096952433, 1123172741, 670192975]);
    read_burst_increment_linear(15, 264, [2647416891, 486945594, 3206754942, 178932501, 2027527153, 1822182361, 824379234]);
    read_burst_increment_linear(15, 184, [293882147, 84501770, 3849521866, 2654030908, 2036907506, 1160667530]);
    read_burst_increment_linear(15, 208, [549761857, 3964351704, 1008792440, 3297383049, 1975848427, 1526883766]);
    read_burst_increment_linear(15, 232, [1665923526, 1460999086, 3732210364, 353361194, 2245499403, 3096952433]);
    read_burst_increment_linear(15, 256, [1123172741, 670192975, 2647416891, 486945594, 3206754942, 178932501]);
    read_burst_increment_linear(15, 280, [2027527153, 1822182361, 824379234, 641071948, 1335973279, 1203347855]);
    read_burst_increment_linear(15, 172, [3612753582, 251652381, 3888476879, 293882147, 84501770, 3849521866]);
    read_burst_increment_linear(15, 196, [2654030908, 2036907506, 1160667530, 549761857, 3964351704, 1008792440]);
    read_burst_increment_linear(15, 220, [3297383049, 1975848427, 1526883766, 1665923526, 1460999086, 3732210364]);
    read_burst_increment_linear(15, 148, [2307110931, 2260482061, 2846348883, 899669355, 3936758485]);
    read_burst_increment_linear(15, 168, [2165787138, 3612753582, 251652381, 3888476879, 293882147]);
    read_burst_increment_linear(15, 188, [84501770, 3849521866, 2654030908, 2036907506, 1160667530]);
    read_burst_increment_linear(15, 208, [549761857, 3964351704, 1008792440, 3297383049, 1975848427]);
    read_burst_increment_linear(15, 48, [1993627629, 1177417612, 2097015289]);
    read_burst_increment_linear(15, 136, [1433945514, 3469528221, 3407888022, 2307110931, 2260482061]);
    read_burst_increment_linear(15, 156, [2846348883, 899669355, 3936758485, 2165787138, 3612753582]);
    read_burst_increment_linear(15, 176, [251652381, 3888476879, 293882147, 84501770, 3849521866]);
    read_burst_increment_linear(15, 196, [2654030908, 2036907506, 1160667530, 549761857, 3964351704]);
    read_burst_increment_linear(15, 216, [1008792440, 3297383049, 1975848427, 1526883766, 1665923526]);
    read_burst_increment_linear(15, 160, [899669355, 3936758485]);
    read_burst_increment_linear(15, 168, [2165787138, 3612753582]);
    read_burst_increment_linear(15, 176, [251652381, 3888476879]);
    read_burst_increment_linear(15, 184, [293882147, 84501770]);
    read_burst_increment_linear(15, 192, [3849521866, 2654030908]);
    read_burst_increment_linear(15, 200, [2036907506, 1160667530]);
    read_burst_increment_linear(15, 208, [549761857, 3964351704]);
    read_burst_increment_linear(15, 216, [1008792440, 3297383049]);
    read_burst_increment_linear(15, 224, [1975848427, 1526883766]);
    read_burst_increment_linear(15, 232, [1665923526, 1460999086]);
    read_burst_increment_linear(15, 240, [3732210364, 353361194]);
    read_burst_increment_linear(15, 248, [2245499403, 3096952433]);
    read_burst_increment_linear(15, 328, [2762879561, 3894623952, 3959341271, 2831678545, 1260466070, 102596364, 3777810114]);
    read_burst_increment_linear(15, 356, [1683484104, 3145882231, 519236925, 151837458, 3204776062, 921010541, 484042553]);
    read_burst_increment_linear(15, 384, [265457439, 3924555475, 1121529733, 3155462264, 769284443, 613108553, 2683481663]);
    read_burst_increment_linear(15, 412, [353152810, 739599192, 3275700358, 3340373134, 3459248796, 2100664826, 2474490918]);
    read_burst_increment_linear(15, 120, [2985255523, 91457290, 3225100928, 274997536, 1433945514, 3469528221, 3407888022, 2307110931]);
    read_burst_increment_linear(15, 152, [2260482061, 2846348883, 899669355, 3936758485, 2165787138, 3612753582, 251652381, 3888476879]);
    read_burst_increment_linear(15, 60, [3812041926, 3807872197, 3574846122, 1924134885]);
    read_burst_increment_linear(15, 280, [2027527153, 1822182361, 824379234, 641071948, 1335973279, 1203347855, 2087561720]);
    read_burst_increment_linear(15, 308, [3687669943, 3485750943, 2927465564, 2915811419, 1155413897, 2762879561, 3894623952]);
    read_burst_increment_linear(15, 336, [3959341271, 2831678545, 1260466070, 102596364, 3777810114, 1683484104, 3145882231]);
    read_burst_increment_linear(15, 348, [102596364, 3777810114, 1683484104]);
    read_burst_increment_linear(15, 360, [3145882231, 519236925, 151837458]);
    read_burst_increment_linear(15, 372, [3204776062, 921010541, 484042553]);
    read_burst_increment_linear(15, 384, [265457439, 3924555475, 1121529733]);
    read_burst_increment_linear(15, 396, [3155462264, 769284443, 613108553]);
    read_burst_increment_linear(15, 408, [2683481663, 353152810, 739599192]);
    read_burst_increment_linear(15, 420, [3275700358, 3340373134, 3459248796]);
    read_burst_increment_linear(15, 312, [3485750943, 2927465564, 2915811419, 1155413897]);
    read_burst_increment_linear(15, 328, [2762879561, 3894623952, 3959341271, 2831678545]);
    read_burst_increment_linear(15, 344, [1260466070, 102596364, 3777810114, 1683484104]);
    read_burst_increment_linear(15, 360, [3145882231, 519236925, 151837458, 3204776062]);
    read_burst_increment_linear(15, 376, [921010541, 484042553, 265457439, 3924555475]);
    read_burst_increment_linear(15, 8, [2223298057, 2985317987, 112818957, 1189058957, 2999092325, 2302104082, 15983361, 114806029]);
    read_burst_increment_linear(15, 40, [992211318, 512609597, 1993627629, 1177417612, 2097015289, 3812041926, 3807872197, 3574846122]);
    read_burst_increment_linear(15, 72, [1924134885, 3151131255, 2301810194, 1206705039, 2033215986, 3883308750, 4093672168, 3804909253]);
    read_burst_increment_linear(15, 420, [3275700358, 3340373134, 3459248796, 2100664826, 2474490918, 966137715]);
    read_burst_increment_linear(15, 444, [3515593891, 2543429679, 3654455987, 2950190687, 573115716, 2079915511]);
    read_burst_increment_linear(15, 340, [2831678545, 1260466070]);
    read_burst_increment_linear(15, 348, [102596364, 3777810114]);
    read_burst_increment_linear(15, 356, [1683484104, 3145882231]);
    read_burst_increment_linear(15, 96, [4093672168, 3804909253, 777537884, 3733858493]);
    read_burst_increment_linear(15, 112, [2527811629, 2997298789, 2985255523, 91457290]);
    read_burst_increment_linear(15, 128, [3225100928, 274997536, 1433945514, 3469528221]);
    read_burst_increment_linear(15, 144, [3407888022, 2307110931, 2260482061, 2846348883]);
    read_burst_increment_linear(15, 160, [899669355, 3936758485, 2165787138, 3612753582]);
    read_burst_increment_linear(15, 300, [1203347855, 2087561720, 3687669943, 3485750943]);
    read_burst_increment_linear(15, 316, [2927465564, 2915811419, 1155413897, 2762879561]);
    read_burst_increment_linear(15, 332, [3894623952, 3959341271, 2831678545, 1260466070]);
    read_burst_increment_linear(15, 348, [102596364, 3777810114, 1683484104, 3145882231]);
    read_burst_increment_linear(15, 364, [519236925, 151837458, 3204776062, 921010541]);
    read_burst_increment_linear(15, 296, [1335973279, 1203347855, 2087561720, 3687669943, 3485750943]);
    read_burst_increment_linear(15, 316, [2927465564, 2915811419, 1155413897, 2762879561, 3894623952]);
    read_burst_increment_linear(15, 336, [3959341271, 2831678545, 1260466070, 102596364, 3777810114]);
    read_burst_increment_linear(15, 356, [1683484104, 3145882231, 519236925, 151837458, 3204776062]);
    read_burst_increment_linear(15, 188, [84501770, 3849521866, 2654030908, 2036907506]);
    read_burst_increment_linear(15, 204, [1160667530, 549761857, 3964351704, 1008792440]);
    read_burst_increment_linear(15, 124, [91457290, 3225100928, 274997536]);
    read_burst_increment_linear(15, 136, [1433945514, 3469528221, 3407888022]);
    read_burst_increment_linear(15, 148, [2307110931, 2260482061, 2846348883]);
    read_burst_increment_linear(15, 160, [899669355, 3936758485, 2165787138]);
    read_burst_increment_linear(15, 404, [613108553, 2683481663, 353152810, 739599192, 3275700358]);
    read_burst_increment_linear(15, 424, [3340373134, 3459248796, 2100664826, 2474490918, 966137715]);
    read_burst_increment_linear(15, 144, [3407888022, 2307110931]);
    read_burst_increment_linear(15, 152, [2260482061, 2846348883]);
    read_burst_increment_linear(15, 160, [899669355, 3936758485]);
    read_burst_increment_linear(15, 168, [2165787138, 3612753582]);
    read_burst_increment_linear(15, 68, [3574846122, 1924134885, 3151131255, 2301810194]);
    read_burst_increment_linear(15, 328, [2762879561, 3894623952, 3959341271, 2831678545, 1260466070]);
    read_burst_increment_linear(15, 348, [102596364, 3777810114, 1683484104, 3145882231, 519236925]);
    read_burst_increment_linear(15, 368, [151837458, 3204776062, 921010541, 484042553, 265457439]);
    read_burst_increment_linear(15, 388, [3924555475, 1121529733, 3155462264, 769284443, 613108553]);
    read_burst_increment_linear(15, 408, [2683481663, 353152810, 739599192, 3275700358, 3340373134]);
    read_burst_increment_linear(15, 156, [2846348883, 899669355, 3936758485, 2165787138, 3612753582, 251652381]);
    read_burst_increment_linear(15, 180, [3888476879, 293882147, 84501770, 3849521866, 2654030908, 2036907506]);
    read_burst_increment_linear(15, 204, [1160667530, 549761857, 3964351704, 1008792440, 3297383049, 1975848427]);
    read_burst_increment_linear(15, 228, [1526883766, 1665923526, 1460999086, 3732210364, 353361194, 2245499403]);
    read_burst_increment_linear(15, 180, [3888476879, 293882147, 84501770, 3849521866, 2654030908, 2036907506]);
    read_burst_increment_linear(15, 204, [1160667530, 549761857, 3964351704, 1008792440, 3297383049, 1975848427]);
    read_burst_increment_linear(15, 228, [1526883766, 1665923526, 1460999086, 3732210364, 353361194, 2245499403]);
    read_burst_increment_linear(15, 40, [992211318, 512609597, 1993627629]);
    read_burst_increment_linear(15, 280, [2027527153, 1822182361, 824379234, 641071948, 1335973279, 1203347855, 2087561720]);
    read_burst_increment_linear(15, 308, [3687669943, 3485750943, 2927465564, 2915811419, 1155413897, 2762879561, 3894623952]);
    read_burst_increment_linear(15, 368, [151837458, 3204776062]);
    read_burst_increment_linear(15, 304, [2087561720, 3687669943, 3485750943, 2927465564, 2915811419, 1155413897, 2762879561, 3894623952]);
    read_burst_increment_linear(15, 336, [3959341271, 2831678545, 1260466070, 102596364, 3777810114, 1683484104, 3145882231, 519236925]);
    read_burst_increment_linear(15, 368, [151837458, 3204776062, 921010541, 484042553, 265457439, 3924555475, 1121529733, 3155462264]);
    read_burst_increment_linear(15, 228, [1526883766, 1665923526, 1460999086, 3732210364, 353361194, 2245499403, 3096952433, 1123172741]);
    read_burst_increment_linear(15, 260, [670192975, 2647416891, 486945594, 3206754942, 178932501, 2027527153, 1822182361, 824379234]);
    read_burst_increment_linear(15, 292, [641071948, 1335973279, 1203347855, 2087561720, 3687669943, 3485750943, 2927465564, 2915811419]);
    read_burst_increment_linear(15, 164, [3936758485, 2165787138, 3612753582]);
    read_burst_increment_linear(15, 176, [251652381, 3888476879, 293882147]);
    read_burst_increment_linear(15, 188, [84501770, 3849521866, 2654030908]);
    read_burst_increment_linear(15, 200, [2036907506, 1160667530, 549761857]);
    read_burst_increment_linear(15, 212, [3964351704, 1008792440, 3297383049]);
    read_burst_increment_linear(15, 224, [1975848427, 1526883766, 1665923526]);
    read_burst_increment_linear(15, 236, [1460999086, 3732210364, 353361194]);
    read_burst_increment_linear(15, 248, [2245499403, 3096952433, 1123172741]);
    read_burst_increment_linear(15, 24, [2999092325, 2302104082, 15983361, 114806029, 992211318, 512609597, 1993627629, 1177417612]);
    read_burst_increment_linear(15, 56, [2097015289, 3812041926, 3807872197, 3574846122, 1924134885, 3151131255, 2301810194, 1206705039]);
    read_burst_increment_linear(15, 88, [2033215986, 3883308750, 4093672168, 3804909253, 777537884, 3733858493, 2527811629, 2997298789]);
    read_burst_increment_linear(15, 256, [1123172741, 670192975, 2647416891, 486945594, 3206754942, 178932501]);
    read_burst_increment_linear(15, 280, [2027527153, 1822182361, 824379234, 641071948, 1335973279, 1203347855]);
    read_burst_increment_linear(15, 304, [2087561720, 3687669943, 3485750943, 2927465564, 2915811419, 1155413897]);
    read_burst_increment_linear(15, 328, [2762879561, 3894623952, 3959341271, 2831678545, 1260466070, 102596364]);
    read_burst_increment_linear(15, 352, [3777810114, 1683484104, 3145882231, 519236925, 151837458, 3204776062]);
    read_burst_increment_linear(15, 428, [3459248796, 2100664826, 2474490918]);
    read_burst_increment_linear(15, 440, [966137715, 3515593891, 2543429679]);
    read_burst_increment_linear(15, 452, [3654455987, 2950190687, 573115716]);
    read_burst_increment_linear(15, 464, [2079915511, 3852154571, 4077460198]);
    read_burst_increment_linear(15, 476, [757652314, 349159721, 4135772909]);
    read_burst_increment_linear(15, 488, [3981667546, 2996811365, 3666535093]);
    read_burst_increment_linear(15, 500, [4022244575, 1022433657, 573701956]);
    read_burst_increment_linear(15, 140, [3469528221, 3407888022, 2307110931, 2260482061, 2846348883, 899669355, 3936758485, 2165787138]);
    read_burst_increment_linear(15, 172, [3612753582, 251652381, 3888476879, 293882147, 84501770, 3849521866, 2654030908, 2036907506]);
    read_burst_increment_linear(15, 204, [1160667530, 549761857, 3964351704, 1008792440, 3297383049, 1975848427, 1526883766, 1665923526]);
    read_burst_increment_linear(15, 236, [1460999086, 3732210364, 353361194, 2245499403, 3096952433, 1123172741, 670192975, 2647416891]);
    read_burst_increment_linear(15, 132, [274997536, 1433945514, 3469528221, 3407888022]);
    read_burst_increment_linear(15, 148, [2307110931, 2260482061, 2846348883, 899669355]);
    read_burst_increment_linear(15, 164, [3936758485, 2165787138, 3612753582, 251652381]);
    read_burst_increment_linear(15, 428, [3459248796, 2100664826, 2474490918, 966137715]);
    read_burst_increment_linear(15, 444, [3515593891, 2543429679, 3654455987, 2950190687]);
    read_burst_increment_linear(15, 460, [573115716, 2079915511, 3852154571, 4077460198]);
    read_burst_increment_linear(15, 476, [757652314, 349159721, 4135772909, 3981667546]);
    read_burst_increment_linear(15, 44, [512609597, 1993627629, 1177417612, 2097015289, 3812041926]);
    read_burst_increment_linear(15, 64, [3807872197, 3574846122, 1924134885, 3151131255, 2301810194]);
    read_burst_increment_linear(15, 84, [1206705039, 2033215986, 3883308750, 4093672168, 3804909253]);
    read_burst_increment_linear(15, 104, [777537884, 3733858493, 2527811629, 2997298789, 2985255523]);
    read_burst_increment_linear(15, 124, [91457290, 3225100928, 274997536, 1433945514, 3469528221]);
    read_burst_increment_linear(15, 144, [3407888022, 2307110931, 2260482061, 2846348883, 899669355]);
    read_burst_increment_linear(15, 28, [2302104082, 15983361, 114806029, 992211318]);
    read_burst_increment_linear(15, 44, [512609597, 1993627629, 1177417612, 2097015289]);
    read_burst_increment_linear(15, 60, [3812041926, 3807872197, 3574846122, 1924134885]);
    read_burst_increment_linear(15, 76, [3151131255, 2301810194, 1206705039, 2033215986]);
    read_burst_increment_linear(15, 92, [3883308750, 4093672168, 3804909253, 777537884]);
    read_burst_increment_linear(15, 108, [3733858493, 2527811629, 2997298789, 2985255523]);
    read_burst_increment_linear(15, 8, [2223298057, 2985317987, 112818957, 1189058957, 2999092325, 2302104082, 15983361]);
    read_burst_increment_linear(15, 36, [114806029, 992211318, 512609597, 1993627629, 1177417612, 2097015289, 3812041926]);
    read_burst_increment_linear(15, 188, [84501770, 3849521866, 2654030908, 2036907506, 1160667530, 549761857, 3964351704, 1008792440]);
    read_burst_increment_linear(15, 220, [3297383049, 1975848427, 1526883766, 1665923526, 1460999086, 3732210364, 353361194, 2245499403]);
    read_burst_increment_linear(15, 252, [3096952433, 1123172741, 670192975, 2647416891, 486945594, 3206754942, 178932501, 2027527153]);
    read_burst_increment_linear(15, 228, [1526883766, 1665923526, 1460999086, 3732210364, 353361194]);
    read_burst_increment_linear(15, 8, [2223298057, 2985317987, 112818957, 1189058957, 2999092325, 2302104082]);
    read_burst_increment_linear(15, 32, [15983361, 114806029, 992211318, 512609597, 1993627629]);
    read_burst_increment_linear(15, 52, [1177417612, 2097015289, 3812041926, 3807872197, 3574846122]);
    read_burst_increment_linear(15, 72, [1924134885, 3151131255, 2301810194, 1206705039, 2033215986]);
    read_burst_increment_linear(15, 92, [3883308750, 4093672168, 3804909253, 777537884, 3733858493]);
    read_burst_increment_linear(15, 112, [2527811629, 2997298789, 2985255523, 91457290, 3225100928]);
    read_burst_increment_linear(15, 300, [1203347855, 2087561720, 3687669943]);
    read_burst_increment_linear(15, 312, [3485750943, 2927465564, 2915811419]);
    read_burst_increment_linear(15, 324, [1155413897, 2762879561, 3894623952]);
    read_burst_increment_linear(15, 280, [2027527153, 1822182361, 824379234, 641071948]);
    read_burst_increment_linear(15, 296, [1335973279, 1203347855, 2087561720, 3687669943]);
    read_burst_increment_linear(15, 312, [3485750943, 2927465564, 2915811419, 1155413897]);
    read_burst_increment_linear(15, 328, [2762879561, 3894623952, 3959341271, 2831678545]);
    read_burst_increment_linear(15, 344, [1260466070, 102596364, 3777810114, 1683484104]);
    read_burst_increment_linear(15, 360, [3145882231, 519236925, 151837458, 3204776062]);
    read_burst_increment_linear(15, 376, [921010541, 484042553, 265457439, 3924555475]);
    read_burst_increment_linear(15, 376, [921010541, 484042553, 265457439, 3924555475, 1121529733]);
    read_burst_increment_linear(15, 32, [15983361, 114806029, 992211318, 512609597]);
    read_burst_increment_linear(15, 48, [1993627629, 1177417612, 2097015289, 3812041926]);
    read_burst_increment_linear(15, 64, [3807872197, 3574846122, 1924134885, 3151131255]);
    read_burst_increment_linear(15, 80, [2301810194, 1206705039, 2033215986, 3883308750]);
    read_burst_increment_linear(15, 96, [4093672168, 3804909253, 777537884, 3733858493]);
    read_burst_increment_linear(15, 284, [1822182361, 824379234, 641071948, 1335973279]);
    read_burst_increment_linear(15, 300, [1203347855, 2087561720, 3687669943, 3485750943]);
    read_burst_increment_linear(15, 80, [2301810194, 1206705039]);
    read_burst_increment_linear(15, 88, [2033215986, 3883308750]);
    read_burst_increment_linear(15, 96, [4093672168, 3804909253]);
    read_burst_increment_linear(15, 104, [777537884, 3733858493]);
    read_burst_increment_linear(15, 112, [2527811629, 2997298789]);
    read_burst_increment_linear(15, 376, [921010541, 484042553, 265457439]);
    read_burst_increment_linear(15, 388, [3924555475, 1121529733, 3155462264]);
    read_burst_increment_linear(15, 400, [769284443, 613108553, 2683481663]);
    read_burst_increment_linear(15, 412, [353152810, 739599192, 3275700358]);
    read_burst_increment_linear(15, 424, [3340373134, 3459248796, 2100664826]);
    read_burst_increment_linear(15, 436, [2474490918, 966137715, 3515593891]);
    read_burst_increment_linear(15, 448, [2543429679, 3654455987, 2950190687]);
    read_burst_increment_linear(15, 460, [573115716, 2079915511, 3852154571]);
    read_burst_increment_linear(15, 472, [4077460198, 757652314, 349159721]);
    read_burst_increment_linear(15, 80, [2301810194, 1206705039, 2033215986, 3883308750, 4093672168, 3804909253, 777537884, 3733858493]);
    read_burst_increment_linear(15, 112, [2527811629, 2997298789, 2985255523, 91457290, 3225100928, 274997536, 1433945514, 3469528221]);
    read_burst_increment_linear(15, 144, [3407888022, 2307110931, 2260482061, 2846348883, 899669355, 3936758485, 2165787138, 3612753582]);
    read_burst_increment_linear(15, 260, [670192975, 2647416891, 486945594]);
    read_burst_increment_linear(15, 272, [3206754942, 178932501, 2027527153]);
    read_burst_increment_linear(15, 284, [1822182361, 824379234, 641071948]);
    read_burst_increment_linear(15, 296, [1335973279, 1203347855, 2087561720]);
    read_burst_increment_linear(15, 308, [3687669943, 3485750943, 2927465564]);
    read_burst_increment_linear(15, 320, [2915811419, 1155413897, 2762879561]);
    read_burst_increment_linear(15, 332, [3894623952, 3959341271, 2831678545]);
    read_burst_increment_linear(15, 280, [2027527153, 1822182361, 824379234, 641071948, 1335973279, 1203347855, 2087561720, 3687669943]);
    read_burst_increment_linear(15, 312, [3485750943, 2927465564, 2915811419, 1155413897, 2762879561, 3894623952, 3959341271, 2831678545]);
    read_burst_increment_linear(15, 112, [2527811629, 2997298789, 2985255523, 91457290, 3225100928, 274997536]);
    read_burst_increment_linear(15, 136, [1433945514, 3469528221, 3407888022, 2307110931, 2260482061, 2846348883]);
    read_burst_increment_linear(15, 160, [899669355, 3936758485, 2165787138, 3612753582, 251652381, 3888476879]);
    read_burst_increment_linear(15, 184, [293882147, 84501770, 3849521866, 2654030908, 2036907506, 1160667530]);
    read_burst_increment_linear(15, 208, [549761857, 3964351704, 1008792440, 3297383049, 1975848427, 1526883766]);
    read_burst_increment_linear(15, 84, [1206705039, 2033215986, 3883308750, 4093672168, 3804909253, 777537884, 3733858493, 2527811629]);
    read_burst_increment_linear(15, 116, [2997298789, 2985255523, 91457290, 3225100928, 274997536, 1433945514, 3469528221, 3407888022]);
    read_burst_increment_linear(15, 160, [899669355, 3936758485, 2165787138, 3612753582, 251652381, 3888476879, 293882147]);
    read_burst_increment_linear(15, 188, [84501770, 3849521866, 2654030908, 2036907506, 1160667530, 549761857, 3964351704]);
    read_burst_increment_linear(15, 52, [1177417612, 2097015289, 3812041926, 3807872197, 3574846122, 1924134885]);
    read_burst_increment_linear(15, 76, [3151131255, 2301810194, 1206705039, 2033215986, 3883308750, 4093672168]);
    read_burst_increment_linear(15, 100, [3804909253, 777537884, 3733858493, 2527811629, 2997298789, 2985255523]);
    read_burst_increment_linear(15, 124, [91457290, 3225100928, 274997536, 1433945514, 3469528221, 3407888022]);
    read_burst_increment_linear(15, 360, [3145882231, 519236925, 151837458, 3204776062, 921010541, 484042553, 265457439]);
    read_burst_increment_linear(15, 388, [3924555475, 1121529733, 3155462264, 769284443, 613108553, 2683481663, 353152810]);
    read_burst_increment_linear(15, 120, [2985255523, 91457290, 3225100928, 274997536, 1433945514, 3469528221, 3407888022]);
    read_burst_increment_linear(15, 148, [2307110931, 2260482061, 2846348883, 899669355, 3936758485, 2165787138, 3612753582]);
    read_burst_increment_linear(15, 176, [251652381, 3888476879, 293882147, 84501770, 3849521866, 2654030908, 2036907506]);
    read_burst_increment_linear(15, 204, [1160667530, 549761857, 3964351704, 1008792440, 3297383049, 1975848427, 1526883766]);
    read_burst_increment_linear(15, 240, [3732210364, 353361194, 2245499403, 3096952433, 1123172741, 670192975]);
    read_burst_increment_linear(15, 264, [2647416891, 486945594, 3206754942, 178932501, 2027527153, 1822182361]);
    read_burst_increment_linear(15, 180, [3888476879, 293882147, 84501770]);
    read_burst_increment_linear(15, 192, [3849521866, 2654030908, 2036907506]);
    read_burst_increment_linear(15, 204, [1160667530, 549761857, 3964351704]);
    read_burst_increment_linear(15, 216, [1008792440, 3297383049, 1975848427]);
    read_burst_increment_linear(15, 228, [1526883766, 1665923526, 1460999086]);
    read_burst_increment_linear(15, 240, [3732210364, 353361194, 2245499403]);
    read_burst_increment_linear(15, 252, [3096952433, 1123172741, 670192975]);
    read_burst_increment_linear(15, 24, [2999092325, 2302104082, 15983361]);
    read_burst_increment_linear(15, 36, [114806029, 992211318, 512609597]);
    read_burst_increment_linear(15, 48, [1993627629, 1177417612, 2097015289]);
    read_burst_increment_linear(15, 60, [3812041926, 3807872197, 3574846122]);
    read_burst_increment_linear(15, 72, [1924134885, 3151131255, 2301810194]);
    read_burst_increment_linear(15, 232, [1665923526, 1460999086, 3732210364, 353361194, 2245499403, 3096952433]);
    read_burst_increment_linear(15, 160, [899669355, 3936758485, 2165787138, 3612753582, 251652381]);
    read_burst_increment_linear(15, 180, [3888476879, 293882147, 84501770, 3849521866, 2654030908]);
    read_burst_increment_linear(15, 200, [2036907506, 1160667530, 549761857, 3964351704, 1008792440]);
    read_burst_increment_linear(15, 220, [3297383049, 1975848427, 1526883766, 1665923526, 1460999086]);
    read_burst_increment_linear(15, 240, [3732210364, 353361194, 2245499403, 3096952433, 1123172741]);
    read_burst_increment_linear(15, 268, [486945594, 3206754942, 178932501]);
    read_burst_increment_linear(15, 280, [2027527153, 1822182361, 824379234]);
    read_burst_increment_linear(15, 292, [641071948, 1335973279, 1203347855]);
    read_burst_increment_linear(15, 304, [2087561720, 3687669943, 3485750943]);
    read_burst_increment_linear(15, 316, [2927465564, 2915811419, 1155413897]);
    read_burst_increment_linear(15, 328, [2762879561, 3894623952, 3959341271]);
    read_burst_increment_linear(15, 388, [3924555475, 1121529733, 3155462264, 769284443, 613108553, 2683481663]);
    read_burst_increment_linear(15, 412, [353152810, 739599192, 3275700358, 3340373134, 3459248796, 2100664826]);
    read_burst_increment_linear(15, 436, [2474490918, 966137715, 3515593891, 2543429679, 3654455987, 2950190687]);
    read_burst_increment_linear(15, 460, [573115716, 2079915511, 3852154571, 4077460198, 757652314, 349159721]);
    read_burst_increment_linear(15, 484, [4135772909, 3981667546, 2996811365, 3666535093, 4022244575, 1022433657]);
    read_burst_increment_linear(15, 80, [2301810194, 1206705039, 2033215986, 3883308750, 4093672168]);
    read_burst_increment_linear(15, 100, [3804909253, 777537884, 3733858493, 2527811629, 2997298789]);
    read_burst_increment_linear(15, 256, [1123172741, 670192975, 2647416891]);
    read_burst_increment_linear(15, 268, [486945594, 3206754942, 178932501]);
    read_burst_increment_linear(15, 280, [2027527153, 1822182361, 824379234]);
    read_burst_increment_linear(15, 292, [641071948, 1335973279, 1203347855]);
    read_burst_increment_linear(15, 208, [549761857, 3964351704, 1008792440, 3297383049, 1975848427, 1526883766, 1665923526]);
    read_burst_increment_linear(15, 236, [1460999086, 3732210364, 353361194, 2245499403, 3096952433, 1123172741, 670192975]);
    read_burst_increment_linear(15, 184, [293882147, 84501770, 3849521866, 2654030908]);
    read_burst_increment_linear(15, 268, [486945594, 3206754942, 178932501]);
    read_burst_increment_linear(15, 280, [2027527153, 1822182361, 824379234]);
    read_burst_increment_linear(15, 292, [641071948, 1335973279, 1203347855]);
    read_burst_increment_linear(15, 304, [2087561720, 3687669943, 3485750943]);
    read_burst_increment_linear(15, 316, [2927465564, 2915811419, 1155413897]);
    read_burst_increment_linear(15, 328, [2762879561, 3894623952, 3959341271]);
    read_burst_increment_linear(15, 340, [2831678545, 1260466070, 102596364]);
    read_burst_increment_linear(15, 352, [3777810114, 1683484104, 3145882231]);
    read_burst_increment_linear(15, 364, [519236925, 151837458, 3204776062]);
    read_burst_increment_linear(15, 380, [484042553, 265457439, 3924555475]);
    read_burst_increment_linear(15, 392, [1121529733, 3155462264, 769284443]);
    read_burst_increment_linear(15, 404, [613108553, 2683481663, 353152810]);
    read_burst_increment_linear(15, 416, [739599192, 3275700358, 3340373134]);
    read_burst_increment_linear(15, 428, [3459248796, 2100664826, 2474490918]);
    read_burst_increment_linear(15, 440, [966137715, 3515593891, 2543429679]);
    read_burst_increment_linear(15, 28, [2302104082, 15983361, 114806029, 992211318, 512609597]);
    read_burst_increment_linear(15, 48, [1993627629, 1177417612, 2097015289, 3812041926, 3807872197]);
    read_burst_increment_linear(15, 212, [3964351704, 1008792440, 3297383049, 1975848427, 1526883766]);
    read_burst_increment_linear(15, 232, [1665923526, 1460999086, 3732210364, 353361194, 2245499403]);
    read_burst_increment_linear(15, 252, [3096952433, 1123172741, 670192975, 2647416891, 486945594]);
    read_burst_increment_linear(15, 272, [3206754942, 178932501, 2027527153, 1822182361, 824379234]);
    read_burst_increment_linear(15, 292, [641071948, 1335973279, 1203347855, 2087561720, 3687669943]);
    read_burst_increment_linear(15, 220, [3297383049, 1975848427, 1526883766, 1665923526]);
    read_burst_increment_linear(15, 236, [1460999086, 3732210364, 353361194, 2245499403]);
    read_burst_increment_linear(15, 252, [3096952433, 1123172741, 670192975, 2647416891]);
    read_burst_increment_linear(15, 268, [486945594, 3206754942, 178932501, 2027527153]);
    read_burst_increment_linear(15, 284, [1822182361, 824379234, 641071948, 1335973279]);
    read_burst_increment_linear(15, 300, [1203347855, 2087561720, 3687669943, 3485750943]);
    read_burst_increment_linear(15, 316, [2927465564, 2915811419, 1155413897, 2762879561]);
    read_burst_increment_linear(15, 332, [3894623952, 3959341271, 2831678545, 1260466070]);
    read_burst_increment_linear(15, 152, [2260482061, 2846348883, 899669355, 3936758485, 2165787138, 3612753582]);
    read_burst_increment_linear(15, 176, [251652381, 3888476879, 293882147, 84501770, 3849521866, 2654030908]);
    read_burst_increment_linear(15, 200, [2036907506, 1160667530, 549761857, 3964351704, 1008792440, 3297383049]);
    read_burst_increment_linear(15, 264, [2647416891, 486945594]);
    read_burst_increment_linear(15, 272, [3206754942, 178932501]);
    read_burst_increment_linear(15, 280, [2027527153, 1822182361]);
    read_burst_increment_linear(15, 288, [824379234, 641071948]);
    read_burst_increment_linear(15, 296, [1335973279, 1203347855]);
    read_burst_increment_linear(15, 224, [1975848427, 1526883766, 1665923526, 1460999086]);
    read_burst_increment_linear(15, 240, [3732210364, 353361194, 2245499403, 3096952433]);
    read_burst_increment_linear(15, 256, [1123172741, 670192975, 2647416891, 486945594]);
    read_burst_increment_linear(15, 272, [3206754942, 178932501, 2027527153, 1822182361]);
    read_burst_increment_linear(15, 288, [824379234, 641071948, 1335973279, 1203347855]);
    read_burst_increment_linear(15, 304, [2087561720, 3687669943, 3485750943, 2927465564]);
    read_burst_increment_linear(15, 4, [3230228097, 2223298057, 2985317987, 112818957, 1189058957, 2999092325, 2302104082, 15983361]);
    read_burst_increment_linear(15, 276, [178932501, 2027527153, 1822182361, 824379234, 641071948, 1335973279]);
    read_burst_increment_linear(15, 300, [1203347855, 2087561720, 3687669943, 3485750943, 2927465564, 2915811419]);
    read_burst_increment_linear(15, 324, [1155413897, 2762879561, 3894623952, 3959341271, 2831678545, 1260466070]);
    read_burst_increment_linear(15, 348, [102596364, 3777810114, 1683484104, 3145882231, 519236925, 151837458]);
    read_burst_increment_linear(15, 460, [573115716, 2079915511, 3852154571, 4077460198, 757652314, 349159721]);
    read_burst_increment_linear(15, 288, [824379234, 641071948, 1335973279, 1203347855, 2087561720, 3687669943, 3485750943]);
    read_burst_increment_linear(15, 316, [2927465564, 2915811419, 1155413897, 2762879561, 3894623952, 3959341271, 2831678545]);
    read_burst_increment_linear(15, 256, [1123172741, 670192975, 2647416891, 486945594]);
    read_burst_increment_linear(15, 272, [3206754942, 178932501, 2027527153, 1822182361]);
    read_burst_increment_linear(15, 288, [824379234, 641071948, 1335973279, 1203347855]);
    read_burst_increment_linear(15, 304, [2087561720, 3687669943, 3485750943, 2927465564]);
    read_burst_increment_linear(15, 320, [2915811419, 1155413897, 2762879561, 3894623952]);
    read_burst_increment_linear(15, 336, [3959341271, 2831678545, 1260466070, 102596364]);
    read_burst_increment_linear(15, 352, [3777810114, 1683484104, 3145882231, 519236925]);
    read_burst_increment_linear(15, 368, [151837458, 3204776062, 921010541, 484042553]);
    read_burst_increment_linear(15, 64, [3807872197, 3574846122, 1924134885, 3151131255, 2301810194, 1206705039]);
    read_burst_increment_linear(15, 88, [2033215986, 3883308750, 4093672168, 3804909253, 777537884, 3733858493]);
    read_burst_increment_linear(15, 112, [2527811629, 2997298789, 2985255523, 91457290, 3225100928, 274997536]);
    read_burst_increment_linear(15, 136, [1433945514, 3469528221, 3407888022, 2307110931, 2260482061, 2846348883]);
    read_burst_increment_linear(15, 160, [899669355, 3936758485, 2165787138, 3612753582, 251652381, 3888476879]);
    read_burst_increment_linear(15, 260, [670192975, 2647416891, 486945594]);
    read_burst_increment_linear(15, 272, [3206754942, 178932501, 2027527153]);
    read_burst_increment_linear(15, 284, [1822182361, 824379234, 641071948]);
    read_burst_increment_linear(15, 260, [670192975, 2647416891, 486945594]);
    read_burst_increment_linear(15, 272, [3206754942, 178932501, 2027527153]);
    read_burst_increment_linear(15, 284, [1822182361, 824379234, 641071948]);
    read_burst_increment_linear(15, 296, [1335973279, 1203347855, 2087561720]);
    read_burst_increment_linear(15, 292, [641071948, 1335973279]);
    read_burst_increment_linear(15, 300, [1203347855, 2087561720]);
    read_burst_increment_linear(15, 308, [3687669943, 3485750943]);
    read_burst_increment_linear(15, 316, [2927465564, 2915811419]);
    read_burst_increment_linear(15, 324, [1155413897, 2762879561]);
    read_burst_increment_linear(15, 332, [3894623952, 3959341271]);
    read_burst_increment_linear(15, 340, [2831678545, 1260466070]);
    read_burst_increment_linear(15, 372, [3204776062, 921010541, 484042553, 265457439, 3924555475]);
    read_burst_increment_linear(15, 392, [1121529733, 3155462264, 769284443, 613108553, 2683481663]);
    read_burst_increment_linear(15, 412, [353152810, 739599192, 3275700358, 3340373134, 3459248796]);
    read_burst_increment_linear(15, 432, [2100664826, 2474490918, 966137715, 3515593891, 2543429679]);
    read_burst_increment_linear(15, 452, [3654455987, 2950190687, 573115716, 2079915511, 3852154571]);
    read_burst_increment_linear(15, 472, [4077460198, 757652314, 349159721, 4135772909, 3981667546]);
    read_burst_increment_linear(15, 200, [2036907506, 1160667530, 549761857]);
    read_burst_increment_linear(15, 212, [3964351704, 1008792440, 3297383049]);
    read_burst_increment_linear(15, 224, [1975848427, 1526883766, 1665923526]);
    read_burst_increment_linear(15, 76, [3151131255, 2301810194]);
    read_burst_increment_linear(15, 84, [1206705039, 2033215986]);
    read_burst_increment_linear(15, 92, [3883308750, 4093672168]);
    read_burst_increment_linear(15, 344, [1260466070, 102596364, 3777810114, 1683484104]);
    read_burst_increment_linear(15, 360, [3145882231, 519236925, 151837458, 3204776062]);
    read_burst_increment_linear(15, 376, [921010541, 484042553, 265457439, 3924555475]);
    read_burst_increment_linear(15, 392, [1121529733, 3155462264, 769284443, 613108553]);
    read_burst_increment_linear(15, 408, [2683481663, 353152810, 739599192, 3275700358]);
    read_burst_increment_linear(15, 424, [3340373134, 3459248796, 2100664826, 2474490918]);
    read_burst_increment_linear(15, 88, [2033215986, 3883308750, 4093672168, 3804909253, 777537884, 3733858493, 2527811629, 2997298789]);
    read_burst_increment_linear(15, 356, [1683484104, 3145882231, 519236925, 151837458, 3204776062, 921010541, 484042553, 265457439]);
    read_burst_increment_linear(15, 260, [670192975, 2647416891, 486945594, 3206754942, 178932501, 2027527153, 1822182361, 824379234]);
    read_burst_increment_linear(15, 292, [641071948, 1335973279, 1203347855, 2087561720, 3687669943, 3485750943, 2927465564, 2915811419]);
    read_burst_increment_linear(15, 124, [91457290, 3225100928, 274997536]);
    read_burst_increment_linear(15, 136, [1433945514, 3469528221, 3407888022]);
    read_burst_increment_linear(15, 148, [2307110931, 2260482061, 2846348883]);
    read_burst_increment_linear(15, 160, [899669355, 3936758485, 2165787138]);
    read_burst_increment_linear(15, 172, [3612753582, 251652381, 3888476879]);
    read_burst_increment_linear(15, 184, [293882147, 84501770, 3849521866]);
    read_burst_increment_linear(15, 196, [2654030908, 2036907506, 1160667530]);
    read_burst_increment_linear(15, 364, [519236925, 151837458, 3204776062, 921010541, 484042553, 265457439, 3924555475, 1121529733]);
    read_burst_increment_linear(15, 52, [1177417612, 2097015289, 3812041926]);
    read_burst_increment_linear(15, 64, [3807872197, 3574846122, 1924134885]);
    read_burst_increment_linear(15, 76, [3151131255, 2301810194, 1206705039]);
    read_burst_increment_linear(15, 88, [2033215986, 3883308750, 4093672168]);
    read_burst_increment_linear(15, 100, [3804909253, 777537884, 3733858493]);
    read_burst_increment_linear(15, 112, [2527811629, 2997298789, 2985255523]);
    read_burst_increment_linear(15, 124, [91457290, 3225100928, 274997536]);
    read_burst_increment_linear(15, 212, [3964351704, 1008792440, 3297383049, 1975848427, 1526883766, 1665923526, 1460999086, 3732210364]);
    read_burst_increment_linear(15, 244, [353361194, 2245499403, 3096952433, 1123172741, 670192975, 2647416891, 486945594, 3206754942]);
    read_burst_increment_linear(15, 276, [178932501, 2027527153, 1822182361, 824379234, 641071948, 1335973279, 1203347855, 2087561720]);
    read_burst_increment_linear(15, 308, [3687669943, 3485750943, 2927465564, 2915811419, 1155413897, 2762879561, 3894623952, 3959341271]);
    read_burst_increment_linear(15, 316, [2927465564, 2915811419]);
    read_burst_increment_linear(15, 324, [1155413897, 2762879561]);
    read_burst_increment_linear(15, 332, [3894623952, 3959341271]);
    read_burst_increment_linear(15, 340, [2831678545, 1260466070]);
    read_burst_increment_linear(15, 348, [102596364, 3777810114]);
    read_burst_increment_linear(15, 356, [1683484104, 3145882231]);
    read_burst_increment_linear(15, 364, [519236925, 151837458]);
    read_burst_increment_linear(15, 372, [3204776062, 921010541]);
    read_burst_increment_linear(15, 380, [484042553, 265457439]);
    read_burst_increment_linear(15, 388, [3924555475, 1121529733]);
    read_burst_increment_linear(15, 396, [3155462264, 769284443]);
    read_burst_increment_linear(15, 404, [613108553, 2683481663]);
    read_burst_increment_linear(15, 412, [353152810, 739599192]);
    read_burst_increment_linear(15, 420, [3275700358, 3340373134]);
    read_burst_increment_linear(15, 428, [3459248796, 2100664826]);
    read_burst_increment_linear(15, 436, [2474490918, 966137715]);
    read_burst_increment_linear(15, 460, [573115716, 2079915511]);
    read_burst_increment_linear(15, 468, [3852154571, 4077460198]);
    read_burst_increment_linear(15, 476, [757652314, 349159721]);
    read_burst_increment_linear(15, 484, [4135772909, 3981667546]);
    read_burst_increment_linear(15, 492, [2996811365, 3666535093]);
    read_burst_increment_linear(15, 500, [4022244575, 1022433657]);
    read_burst_increment_linear(15, 140, [3469528221, 3407888022]);
    read_burst_increment_linear(15, 148, [2307110931, 2260482061]);
    read_burst_increment_linear(15, 156, [2846348883, 899669355]);
    read_burst_increment_linear(15, 164, [3936758485, 2165787138]);
    read_burst_increment_linear(15, 172, [3612753582, 251652381]);
    read_burst_increment_linear(15, 180, [3888476879, 293882147]);
    read_burst_increment_linear(15, 188, [84501770, 3849521866]);
    read_burst_increment_linear(15, 196, [2654030908, 2036907506]);
    read_burst_increment_linear(15, 204, [1160667530, 549761857]);
    read_burst_increment_linear(15, 212, [3964351704, 1008792440]);
    read_burst_increment_linear(15, 220, [3297383049, 1975848427]);
    read_burst_increment_linear(15, 228, [1526883766, 1665923526]);
    read_burst_increment_linear(15, 396, [3155462264, 769284443, 613108553]);
    read_burst_increment_linear(15, 408, [2683481663, 353152810, 739599192]);
    read_burst_increment_linear(15, 420, [3275700358, 3340373134, 3459248796]);
    read_burst_increment_linear(15, 432, [2100664826, 2474490918, 966137715]);
    read_burst_increment_linear(15, 444, [3515593891, 2543429679, 3654455987]);
    read_burst_increment_linear(15, 456, [2950190687, 573115716, 2079915511]);
    read_burst_increment_linear(15, 468, [3852154571, 4077460198, 757652314]);
    read_burst_increment_linear(15, 480, [349159721, 4135772909, 3981667546]);
    read_burst_increment_linear(15, 492, [2996811365, 3666535093, 4022244575]);
    read_burst_increment_linear(15, 224, [1975848427, 1526883766]);
    read_burst_increment_linear(15, 232, [1665923526, 1460999086]);
    read_burst_increment_linear(15, 240, [3732210364, 353361194]);
    read_burst_increment_linear(15, 248, [2245499403, 3096952433]);
    read_burst_increment_linear(15, 256, [1123172741, 670192975]);
    read_burst_increment_linear(15, 264, [2647416891, 486945594]);
    read_burst_increment_linear(15, 272, [3206754942, 178932501]);
    read_burst_increment_linear(15, 280, [2027527153, 1822182361]);
    read_burst_increment_linear(15, 288, [824379234, 641071948]);
    read_burst_increment_linear(15, 296, [1335973279, 1203347855]);
    read_burst_increment_linear(15, 304, [2087561720, 3687669943]);
    read_burst_increment_linear(15, 312, [3485750943, 2927465564]);
    read_burst_increment_linear(15, 320, [2915811419, 1155413897]);
    read_burst_increment_linear(15, 328, [2762879561, 3894623952]);
    read_burst_increment_linear(15, 336, [3959341271, 2831678545]);
    read_burst_increment_linear(15, 344, [1260466070, 102596364, 3777810114, 1683484104, 3145882231, 519236925]);
    read_burst_increment_linear(15, 368, [151837458, 3204776062, 921010541, 484042553, 265457439, 3924555475]);
    read_burst_increment_linear(15, 392, [1121529733, 3155462264, 769284443, 613108553, 2683481663, 353152810]);
    read_burst_increment_linear(15, 416, [739599192, 3275700358, 3340373134, 3459248796, 2100664826, 2474490918]);
    read_burst_increment_linear(15, 440, [966137715, 3515593891, 2543429679, 3654455987, 2950190687, 573115716]);
    read_burst_increment_linear(15, 372, [3204776062, 921010541, 484042553, 265457439, 3924555475, 1121529733, 3155462264]);
    read_burst_increment_linear(15, 216, [1008792440, 3297383049, 1975848427, 1526883766, 1665923526]);
    read_burst_increment_linear(15, 236, [1460999086, 3732210364, 353361194, 2245499403, 3096952433]);
    read_burst_increment_linear(15, 256, [1123172741, 670192975, 2647416891, 486945594, 3206754942]);
    read_burst_increment_linear(15, 276, [178932501, 2027527153, 1822182361, 824379234, 641071948]);
    read_burst_increment_linear(15, 296, [1335973279, 1203347855, 2087561720, 3687669943, 3485750943]);
    read_burst_increment_linear(15, 316, [2927465564, 2915811419, 1155413897, 2762879561, 3894623952]);
    read_burst_increment_linear(15, 240, [3732210364, 353361194, 2245499403, 3096952433, 1123172741, 670192975]);
    read_burst_increment_linear(15, 264, [2647416891, 486945594, 3206754942, 178932501, 2027527153, 1822182361]);
    read_burst_increment_linear(15, 288, [824379234, 641071948, 1335973279, 1203347855, 2087561720, 3687669943]);
    read_burst_increment_linear(15, 312, [3485750943, 2927465564, 2915811419, 1155413897, 2762879561, 3894623952]);
    read_burst_increment_linear(15, 120, [2985255523, 91457290, 3225100928, 274997536, 1433945514, 3469528221]);
    read_burst_increment_linear(15, 144, [3407888022, 2307110931, 2260482061, 2846348883, 899669355, 3936758485]);
    read_burst_increment_linear(15, 168, [2165787138, 3612753582, 251652381, 3888476879, 293882147, 84501770]);
    read_burst_increment_linear(15, 192, [3849521866, 2654030908, 2036907506, 1160667530, 549761857, 3964351704]);
    read_burst_increment_linear(15, 356, [1683484104, 3145882231]);
    read_burst_increment_linear(15, 364, [519236925, 151837458]);
    read_burst_increment_linear(15, 372, [3204776062, 921010541]);
    read_burst_increment_linear(15, 380, [484042553, 265457439]);
    read_burst_increment_linear(15, 388, [3924555475, 1121529733]);
    read_burst_increment_linear(15, 396, [3155462264, 769284443]);
    read_burst_increment_linear(15, 404, [613108553, 2683481663]);
    read_burst_increment_linear(15, 80, [2301810194, 1206705039, 2033215986, 3883308750]);
    read_burst_increment_linear(15, 96, [4093672168, 3804909253, 777537884, 3733858493]);
    read_burst_increment_linear(15, 112, [2527811629, 2997298789, 2985255523, 91457290]);
    read_burst_increment_linear(15, 128, [3225100928, 274997536, 1433945514, 3469528221]);
    read_burst_increment_linear(15, 144, [3407888022, 2307110931, 2260482061, 2846348883]);
    read_burst_increment_linear(15, 160, [899669355, 3936758485, 2165787138, 3612753582]);
    read_burst_increment_linear(15, 252, [3096952433, 1123172741, 670192975, 2647416891, 486945594, 3206754942, 178932501, 2027527153]);
    read_burst_increment_linear(15, 284, [1822182361, 824379234, 641071948, 1335973279, 1203347855, 2087561720, 3687669943, 3485750943]);
    read_burst_increment_linear(15, 384, [265457439, 3924555475, 1121529733, 3155462264, 769284443, 613108553]);
    read_burst_increment_linear(15, 408, [2683481663, 353152810, 739599192, 3275700358, 3340373134, 3459248796]);
    read_burst_increment_linear(15, 432, [2100664826, 2474490918, 966137715, 3515593891, 2543429679, 3654455987]);
    read_burst_increment_linear(15, 292, [641071948, 1335973279, 1203347855, 2087561720]);
    read_burst_increment_linear(15, 308, [3687669943, 3485750943, 2927465564, 2915811419]);
    read_burst_increment_linear(15, 324, [1155413897, 2762879561, 3894623952, 3959341271]);
    read_burst_increment_linear(15, 340, [2831678545, 1260466070, 102596364, 3777810114]);
    read_burst_increment_linear(15, 356, [1683484104, 3145882231, 519236925, 151837458]);
    read_burst_increment_linear(15, 372, [3204776062, 921010541, 484042553, 265457439]);
    read_burst_increment_linear(15, 308, [3687669943, 3485750943]);
    read_burst_increment_linear(15, 316, [2927465564, 2915811419]);
    read_burst_increment_linear(15, 112, [2527811629, 2997298789, 2985255523, 91457290, 3225100928, 274997536, 1433945514]);
    read_burst_increment_linear(15, 320, [2915811419, 1155413897, 2762879561, 3894623952, 3959341271, 2831678545]);
    read_burst_increment_linear(15, 344, [1260466070, 102596364, 3777810114, 1683484104, 3145882231, 519236925]);
    read_burst_increment_linear(15, 368, [151837458, 3204776062, 921010541, 484042553, 265457439, 3924555475]);
    read_burst_increment_linear(15, 392, [1121529733, 3155462264, 769284443, 613108553, 2683481663, 353152810]);
    read_burst_increment_linear(15, 24, [2999092325, 2302104082, 15983361, 114806029, 992211318, 512609597, 1993627629]);
    read_burst_increment_linear(15, 52, [1177417612, 2097015289, 3812041926, 3807872197, 3574846122, 1924134885, 3151131255]);
    read_burst_increment_linear(15, 72, [1924134885, 3151131255]);
    read_burst_increment_linear(15, 80, [2301810194, 1206705039]);
    read_burst_increment_linear(15, 88, [2033215986, 3883308750]);
    read_burst_increment_linear(15, 96, [4093672168, 3804909253]);
    read_burst_increment_linear(15, 104, [777537884, 3733858493]);
    read_burst_increment_linear(15, 112, [2527811629, 2997298789]);
    read_burst_increment_linear(15, 120, [2985255523, 91457290]);
    read_burst_increment_linear(15, 128, [3225100928, 274997536]);
    read_burst_increment_linear(15, 136, [1433945514, 3469528221]);
    read_burst_increment_linear(15, 144, [3407888022, 2307110931]);
    read_burst_increment_linear(15, 152, [2260482061, 2846348883]);
    read_burst_increment_linear(15, 160, [899669355, 3936758485]);
    read_burst_increment_linear(15, 168, [2165787138, 3612753582]);
    read_burst_increment_linear(15, 176, [251652381, 3888476879]);
    read_burst_increment_linear(15, 184, [293882147, 84501770]);
    read_burst_increment_linear(15, 192, [3849521866, 2654030908]);
    read_burst_increment_linear(15, 380, [484042553, 265457439, 3924555475, 1121529733, 3155462264]);
    read_burst_increment_linear(15, 400, [769284443, 613108553, 2683481663, 353152810, 739599192]);
    read_burst_increment_linear(15, 420, [3275700358, 3340373134, 3459248796, 2100664826, 2474490918]);
    read_burst_increment_linear(15, 440, [966137715, 3515593891, 2543429679, 3654455987, 2950190687]);
    read_burst_increment_linear(15, 460, [573115716, 2079915511, 3852154571, 4077460198, 757652314]);
    read_burst_increment_linear(15, 480, [349159721, 4135772909, 3981667546, 2996811365, 3666535093]);
    read_burst_increment_linear(15, 116, [2997298789, 2985255523, 91457290, 3225100928, 274997536, 1433945514, 3469528221, 3407888022]);
    read_burst_increment_linear(15, 148, [2307110931, 2260482061, 2846348883, 899669355, 3936758485, 2165787138, 3612753582, 251652381]);
    read_burst_increment_linear(15, 180, [3888476879, 293882147, 84501770, 3849521866, 2654030908, 2036907506, 1160667530, 549761857]);
    read_burst_increment_linear(15, 172, [3612753582, 251652381, 3888476879, 293882147, 84501770, 3849521866]);
    read_burst_increment_linear(15, 196, [2654030908, 2036907506, 1160667530, 549761857, 3964351704, 1008792440]);
    read_burst_increment_linear(15, 220, [3297383049, 1975848427, 1526883766, 1665923526, 1460999086, 3732210364]);
    read_burst_increment_linear(15, 244, [353361194, 2245499403, 3096952433, 1123172741, 670192975, 2647416891]);
    read_burst_increment_linear(15, 268, [486945594, 3206754942, 178932501, 2027527153, 1822182361, 824379234]);
    read_burst_increment_linear(15, 388, [3924555475, 1121529733, 3155462264, 769284443, 613108553, 2683481663]);
    read_burst_increment_linear(15, 412, [353152810, 739599192, 3275700358, 3340373134, 3459248796, 2100664826]);
    read_burst_increment_linear(15, 436, [2474490918, 966137715, 3515593891, 2543429679, 3654455987, 2950190687]);
    read_burst_increment_linear(15, 460, [573115716, 2079915511, 3852154571, 4077460198, 757652314, 349159721]);
    read_burst_increment_linear(15, 484, [4135772909, 3981667546, 2996811365, 3666535093, 4022244575, 1022433657]);
    read_burst_increment_linear(15, 344, [1260466070, 102596364]);
    read_burst_increment_linear(15, 352, [3777810114, 1683484104]);
    read_burst_increment_linear(15, 360, [3145882231, 519236925]);
    read_burst_increment_linear(15, 368, [151837458, 3204776062]);
    read_burst_increment_linear(15, 376, [921010541, 484042553]);
    read_burst_increment_linear(15, 384, [265457439, 3924555475]);
    read_burst_increment_linear(15, 76, [3151131255, 2301810194, 1206705039, 2033215986, 3883308750, 4093672168, 3804909253, 777537884]);
    read_burst_increment_linear(15, 432, [2100664826, 2474490918, 966137715, 3515593891, 2543429679, 3654455987]);
    read_burst_increment_linear(15, 456, [2950190687, 573115716, 2079915511, 3852154571, 4077460198, 757652314]);
    read_burst_increment_linear(15, 304, [2087561720, 3687669943, 3485750943, 2927465564, 2915811419, 1155413897, 2762879561, 3894623952]);
    read_burst_increment_linear(15, 268, [486945594, 3206754942]);
    read_burst_increment_linear(15, 276, [178932501, 2027527153]);
    read_burst_increment_linear(15, 284, [1822182361, 824379234]);
    read_burst_increment_linear(15, 292, [641071948, 1335973279]);
    read_burst_increment_linear(15, 300, [1203347855, 2087561720]);
    read_burst_increment_linear(15, 32, [15983361, 114806029, 992211318, 512609597, 1993627629, 1177417612, 2097015289]);
    read_burst_increment_linear(15, 44, [512609597, 1993627629, 1177417612, 2097015289, 3812041926, 3807872197]);
    read_burst_increment_linear(15, 68, [3574846122, 1924134885, 3151131255, 2301810194, 1206705039, 2033215986]);
    read_burst_increment_linear(15, 92, [3883308750, 4093672168, 3804909253, 777537884, 3733858493, 2527811629]);
    read_burst_increment_linear(15, 116, [2997298789, 2985255523, 91457290, 3225100928, 274997536, 1433945514]);
    read_burst_increment_linear(15, 192, [3849521866, 2654030908, 2036907506, 1160667530]);
    read_burst_increment_linear(15, 208, [549761857, 3964351704, 1008792440, 3297383049]);
    read_burst_increment_linear(15, 224, [1975848427, 1526883766, 1665923526, 1460999086]);
    read_burst_increment_linear(15, 240, [3732210364, 353361194, 2245499403, 3096952433]);
    read_burst_increment_linear(15, 372, [3204776062, 921010541, 484042553, 265457439, 3924555475]);
    read_burst_increment_linear(15, 392, [1121529733, 3155462264, 769284443, 613108553, 2683481663]);
    read_burst_increment_linear(15, 412, [353152810, 739599192, 3275700358, 3340373134, 3459248796]);
    read_burst_increment_linear(15, 216, [1008792440, 3297383049, 1975848427]);
    read_burst_increment_linear(15, 228, [1526883766, 1665923526, 1460999086]);
    read_burst_increment_linear(15, 240, [3732210364, 353361194, 2245499403]);
    read_burst_increment_linear(15, 252, [3096952433, 1123172741, 670192975]);
    read_burst_increment_linear(15, 264, [2647416891, 486945594, 3206754942]);
    read_burst_increment_linear(15, 276, [178932501, 2027527153, 1822182361]);
    read_burst_increment_linear(15, 288, [824379234, 641071948, 1335973279]);
    read_burst_increment_linear(15, 300, [1203347855, 2087561720, 3687669943]);
    read_burst_increment_linear(15, 36, [114806029, 992211318, 512609597]);
    read_burst_increment_linear(15, 48, [1993627629, 1177417612, 2097015289]);
    read_burst_increment_linear(15, 316, [2927465564, 2915811419, 1155413897, 2762879561, 3894623952, 3959341271, 2831678545, 1260466070]);
    read_burst_increment_linear(15, 348, [102596364, 3777810114, 1683484104, 3145882231, 519236925, 151837458, 3204776062, 921010541]);
    read_burst_increment_linear(15, 380, [484042553, 265457439, 3924555475, 1121529733, 3155462264, 769284443, 613108553, 2683481663]);
    read_burst_increment_linear(15, 100, [3804909253, 777537884, 3733858493, 2527811629, 2997298789, 2985255523, 91457290, 3225100928]);
    read_burst_increment_linear(15, 132, [274997536, 1433945514, 3469528221, 3407888022, 2307110931, 2260482061, 2846348883, 899669355]);
    read_burst_increment_linear(15, 80, [2301810194, 1206705039, 2033215986, 3883308750, 4093672168, 3804909253, 777537884, 3733858493]);
    read_burst_increment_linear(15, 112, [2527811629, 2997298789, 2985255523, 91457290, 3225100928, 274997536, 1433945514, 3469528221]);
    read_burst_increment_linear(15, 144, [3407888022, 2307110931, 2260482061, 2846348883, 899669355, 3936758485, 2165787138, 3612753582]);
    read_burst_increment_linear(15, 336, [3959341271, 2831678545, 1260466070, 102596364]);
    read_burst_increment_linear(15, 352, [3777810114, 1683484104, 3145882231, 519236925]);
    read_burst_increment_linear(15, 368, [151837458, 3204776062, 921010541, 484042553]);
    read_burst_increment_linear(15, 384, [265457439, 3924555475, 1121529733, 3155462264]);
    read_burst_increment_linear(15, 400, [769284443, 613108553, 2683481663, 353152810]);
    read_burst_increment_linear(15, 416, [739599192, 3275700358, 3340373134, 3459248796]);
    read_burst_increment_linear(15, 432, [2100664826, 2474490918, 966137715, 3515593891]);
    read_burst_increment_linear(15, 344, [1260466070, 102596364, 3777810114, 1683484104, 3145882231]);
    read_burst_increment_linear(15, 364, [519236925, 151837458, 3204776062, 921010541, 484042553]);
    read_burst_increment_linear(15, 384, [265457439, 3924555475, 1121529733, 3155462264, 769284443]);
    read_burst_increment_linear(15, 180, [3888476879, 293882147, 84501770, 3849521866, 2654030908, 2036907506, 1160667530]);
    read_burst_increment_linear(15, 208, [549761857, 3964351704, 1008792440, 3297383049, 1975848427, 1526883766, 1665923526]);
    read_burst_increment_linear(15, 236, [1460999086, 3732210364, 353361194, 2245499403, 3096952433, 1123172741, 670192975]);
    read_burst_increment_linear(15, 300, [1203347855, 2087561720, 3687669943, 3485750943, 2927465564, 2915811419]);
    read_burst_increment_linear(15, 88, [2033215986, 3883308750, 4093672168, 3804909253]);
    read_burst_increment_linear(15, 104, [777537884, 3733858493, 2527811629, 2997298789]);
    read_burst_increment_linear(15, 120, [2985255523, 91457290, 3225100928, 274997536]);
    read_burst_increment_linear(15, 136, [1433945514, 3469528221, 3407888022, 2307110931]);
    read_burst_increment_linear(15, 152, [2260482061, 2846348883, 899669355, 3936758485]);
    read_burst_increment_linear(15, 168, [2165787138, 3612753582, 251652381, 3888476879]);
    read_burst_increment_linear(15, 184, [293882147, 84501770, 3849521866, 2654030908]);
    read_burst_increment_linear(15, 440, [966137715, 3515593891, 2543429679, 3654455987]);
    read_burst_increment_linear(15, 456, [2950190687, 573115716, 2079915511, 3852154571]);
    read_burst_increment_linear(15, 128, [3225100928, 274997536]);
    read_burst_increment_linear(15, 136, [1433945514, 3469528221]);
    read_burst_increment_linear(15, 144, [3407888022, 2307110931]);
    read_burst_increment_linear(15, 152, [2260482061, 2846348883]);
    read_burst_increment_linear(15, 160, [899669355, 3936758485]);
    read_burst_increment_linear(15, 168, [2165787138, 3612753582]);
    read_burst_increment_linear(15, 176, [251652381, 3888476879]);
    read_burst_increment_linear(15, 184, [293882147, 84501770]);
    read_burst_increment_linear(15, 192, [3849521866, 2654030908]);
    read_burst_increment_linear(15, 200, [2036907506, 1160667530]);
    read_burst_increment_linear(15, 152, [2260482061, 2846348883, 899669355]);
    read_burst_increment_linear(15, 164, [3936758485, 2165787138, 3612753582]);
    read_burst_increment_linear(15, 176, [251652381, 3888476879, 293882147]);
    read_burst_increment_linear(15, 188, [84501770, 3849521866, 2654030908]);
    read_burst_increment_linear(15, 200, [2036907506, 1160667530, 549761857]);
    read_burst_increment_linear(15, 212, [3964351704, 1008792440, 3297383049]);
    read_burst_increment_linear(15, 224, [1975848427, 1526883766, 1665923526]);
    read_burst_increment_linear(15, 236, [1460999086, 3732210364, 353361194]);
    read_burst_increment_linear(15, 248, [2245499403, 3096952433, 1123172741]);
    read_burst_increment_linear(15, 260, [670192975, 2647416891, 486945594]);
    read_burst_increment_linear(15, 16, [112818957, 1189058957, 2999092325, 2302104082, 15983361, 114806029, 992211318, 512609597]);
    read_burst_increment_linear(15, 48, [1993627629, 1177417612, 2097015289, 3812041926, 3807872197, 3574846122, 1924134885, 3151131255]);
    read_burst_increment_linear(15, 80, [2301810194, 1206705039, 2033215986, 3883308750, 4093672168, 3804909253, 777537884, 3733858493]);
    read_burst_increment_linear(15, 388, [3924555475, 1121529733, 3155462264, 769284443, 613108553, 2683481663, 353152810]);
    read_burst_increment_linear(15, 416, [739599192, 3275700358, 3340373134, 3459248796, 2100664826, 2474490918, 966137715]);
    read_burst_increment_linear(15, 444, [3515593891, 2543429679, 3654455987, 2950190687, 573115716, 2079915511, 3852154571]);
    read_burst_increment_linear(15, 224, [1975848427, 1526883766, 1665923526, 1460999086]);
    read_burst_increment_linear(15, 240, [3732210364, 353361194, 2245499403, 3096952433]);
    read_burst_increment_linear(15, 256, [1123172741, 670192975, 2647416891, 486945594]);
    read_burst_increment_linear(15, 272, [3206754942, 178932501, 2027527153, 1822182361]);
    read_burst_increment_linear(15, 288, [824379234, 641071948, 1335973279, 1203347855]);
    read_burst_increment_linear(15, 304, [2087561720, 3687669943, 3485750943, 2927465564]);
    read_burst_increment_linear(15, 320, [2915811419, 1155413897, 2762879561, 3894623952]);
    read_burst_increment_linear(15, 336, [3959341271, 2831678545, 1260466070, 102596364]);
    read_burst_increment_linear(15, 292, [641071948, 1335973279, 1203347855, 2087561720, 3687669943, 3485750943, 2927465564]);
    read_burst_increment_linear(15, 72, [1924134885, 3151131255, 2301810194]);
    read_burst_increment_linear(15, 84, [1206705039, 2033215986, 3883308750]);
    read_burst_increment_linear(15, 96, [4093672168, 3804909253, 777537884]);
    read_burst_increment_linear(15, 108, [3733858493, 2527811629, 2997298789]);
    read_burst_increment_linear(15, 120, [2985255523, 91457290, 3225100928]);
    read_burst_increment_linear(15, 132, [274997536, 1433945514, 3469528221]);
    read_burst_increment_linear(15, 144, [3407888022, 2307110931, 2260482061]);
    read_burst_increment_linear(15, 380, [484042553, 265457439, 3924555475, 1121529733, 3155462264, 769284443]);
    read_burst_increment_linear(15, 404, [613108553, 2683481663, 353152810, 739599192, 3275700358, 3340373134]);
    read_burst_increment_linear(15, 176, [251652381, 3888476879, 293882147, 84501770, 3849521866, 2654030908, 2036907506, 1160667530]);
    read_burst_increment_linear(15, 208, [549761857, 3964351704, 1008792440, 3297383049, 1975848427, 1526883766, 1665923526, 1460999086]);
    read_burst_increment_linear(15, 240, [3732210364, 353361194, 2245499403, 3096952433, 1123172741, 670192975, 2647416891, 486945594]);
    read_burst_increment_linear(15, 64, [3807872197, 3574846122, 1924134885]);
    read_burst_increment_linear(15, 76, [3151131255, 2301810194, 1206705039]);
    read_burst_increment_linear(15, 88, [2033215986, 3883308750, 4093672168]);
    read_burst_increment_linear(15, 340, [2831678545, 1260466070, 102596364, 3777810114, 1683484104, 3145882231, 519236925]);
    read_burst_increment_linear(15, 368, [151837458, 3204776062, 921010541, 484042553, 265457439, 3924555475, 1121529733]);
    read_burst_increment_linear(15, 312, [3485750943, 2927465564]);
    read_burst_increment_linear(15, 320, [2915811419, 1155413897]);
    read_burst_increment_linear(15, 328, [2762879561, 3894623952]);
    read_burst_increment_linear(15, 336, [3959341271, 2831678545]);
    read_burst_increment_linear(15, 344, [1260466070, 102596364]);
    read_burst_increment_linear(15, 352, [3777810114, 1683484104]);
    read_burst_increment_linear(15, 360, [3145882231, 519236925]);
    read_burst_increment_linear(15, 368, [151837458, 3204776062]);
    read_burst_increment_linear(15, 376, [921010541, 484042553]);
    read_burst_increment_linear(15, 384, [265457439, 3924555475]);
    read_burst_increment_linear(15, 392, [1121529733, 3155462264]);
    read_burst_increment_linear(15, 400, [769284443, 613108553]);
    read_burst_increment_linear(15, 408, [2683481663, 353152810]);
    read_burst_increment_linear(15, 416, [739599192, 3275700358]);
    read_burst_increment_linear(15, 312, [3485750943, 2927465564]);
    read_burst_increment_linear(15, 320, [2915811419, 1155413897]);
    read_burst_increment_linear(15, 328, [2762879561, 3894623952]);
    read_burst_increment_linear(15, 336, [3959341271, 2831678545]);
    read_burst_increment_linear(15, 344, [1260466070, 102596364]);
    read_burst_increment_linear(15, 352, [3777810114, 1683484104]);
    read_burst_increment_linear(15, 360, [3145882231, 519236925]);
    read_burst_increment_linear(15, 368, [151837458, 3204776062]);
    read_burst_increment_linear(15, 376, [921010541, 484042553]);
    read_burst_increment_linear(15, 384, [265457439, 3924555475]);
    read_burst_increment_linear(15, 392, [1121529733, 3155462264]);
    read_burst_increment_linear(15, 400, [769284443, 613108553]);
    read_burst_increment_linear(15, 332, [3894623952, 3959341271, 2831678545]);
    read_burst_increment_linear(15, 344, [1260466070, 102596364, 3777810114]);
    read_burst_increment_linear(15, 356, [1683484104, 3145882231, 519236925]);
    read_burst_increment_linear(15, 368, [151837458, 3204776062, 921010541]);
    read_burst_increment_linear(15, 380, [484042553, 265457439, 3924555475]);
    read_burst_increment_linear(15, 392, [1121529733, 3155462264, 769284443]);
    read_burst_increment_linear(15, 404, [613108553, 2683481663, 353152810]);
    read_burst_increment_linear(15, 416, [739599192, 3275700358, 3340373134]);
    read_burst_increment_linear(15, 428, [3459248796, 2100664826, 2474490918]);
    read_burst_increment_linear(15, 332, [3894623952, 3959341271, 2831678545]);
    read_burst_increment_linear(15, 344, [1260466070, 102596364, 3777810114]);
    read_burst_increment_linear(15, 356, [1683484104, 3145882231, 519236925]);
    read_burst_increment_linear(15, 368, [151837458, 3204776062, 921010541]);
    read_burst_increment_linear(15, 380, [484042553, 265457439, 3924555475]);
    read_burst_increment_linear(15, 392, [1121529733, 3155462264, 769284443]);
    read_burst_increment_linear(15, 404, [613108553, 2683481663, 353152810]);
    read_burst_increment_linear(15, 164, [3936758485, 2165787138, 3612753582, 251652381, 3888476879, 293882147, 84501770, 3849521866]);
    read_burst_increment_linear(15, 196, [2654030908, 2036907506, 1160667530, 549761857, 3964351704, 1008792440, 3297383049, 1975848427]);
    read_burst_increment_linear(15, 228, [1526883766, 1665923526, 1460999086, 3732210364, 353361194, 2245499403, 3096952433, 1123172741]);
    read_burst_increment_linear(15, 260, [670192975, 2647416891, 486945594, 3206754942, 178932501, 2027527153, 1822182361, 824379234]);
    read_burst_increment_linear(15, 400, [769284443, 613108553]);
    read_burst_increment_linear(15, 408, [2683481663, 353152810]);
    read_burst_increment_linear(15, 416, [739599192, 3275700358]);
    read_burst_increment_linear(15, 424, [3340373134, 3459248796]);
    read_burst_increment_linear(15, 432, [2100664826, 2474490918]);
    read_burst_increment_linear(15, 440, [966137715, 3515593891]);
    read_burst_increment_linear(15, 368, [151837458, 3204776062]);
    read_burst_increment_linear(15, 376, [921010541, 484042553]);
    read_burst_increment_linear(15, 384, [265457439, 3924555475]);
    read_burst_increment_linear(15, 392, [1121529733, 3155462264]);
    read_burst_increment_linear(15, 400, [769284443, 613108553]);
    read_burst_increment_linear(15, 408, [2683481663, 353152810]);
    read_burst_increment_linear(15, 416, [739599192, 3275700358]);
    read_burst_increment_linear(15, 424, [3340373134, 3459248796]);
    read_burst_increment_linear(15, 432, [2100664826, 2474490918]);
    read_burst_increment_linear(15, 440, [966137715, 3515593891]);
    read_burst_increment_linear(15, 340, [2831678545, 1260466070]);
    read_burst_increment_linear(15, 348, [102596364, 3777810114]);
    read_burst_increment_linear(15, 356, [1683484104, 3145882231]);
    read_burst_increment_linear(15, 364, [519236925, 151837458]);
    read_burst_increment_linear(15, 372, [3204776062, 921010541]);
    read_burst_increment_linear(15, 304, [2087561720, 3687669943, 3485750943, 2927465564]);
    read_burst_increment_linear(15, 320, [2915811419, 1155413897, 2762879561, 3894623952]);
    read_burst_increment_linear(15, 336, [3959341271, 2831678545, 1260466070, 102596364]);
    read_burst_increment_linear(15, 352, [3777810114, 1683484104, 3145882231, 519236925]);
    read_burst_increment_linear(15, 368, [151837458, 3204776062, 921010541, 484042553]);
    read_burst_increment_linear(15, 384, [265457439, 3924555475, 1121529733, 3155462264]);
    read_burst_increment_linear(15, 400, [769284443, 613108553, 2683481663, 353152810]);
    read_burst_increment_linear(15, 416, [739599192, 3275700358, 3340373134, 3459248796]);
    read_burst_increment_linear(15, 228, [1526883766, 1665923526, 1460999086, 3732210364]);
    read_burst_increment_linear(15, 244, [353361194, 2245499403, 3096952433, 1123172741]);
    read_burst_increment_linear(15, 328, [2762879561, 3894623952, 3959341271]);
    read_burst_increment_linear(15, 340, [2831678545, 1260466070, 102596364]);
    read_burst_increment_linear(15, 352, [3777810114, 1683484104, 3145882231]);
    read_burst_increment_linear(15, 364, [519236925, 151837458, 3204776062]);
    read_burst_increment_linear(15, 376, [921010541, 484042553, 265457439]);
    read_burst_increment_linear(15, 388, [3924555475, 1121529733, 3155462264]);
    read_burst_increment_linear(15, 400, [769284443, 613108553, 2683481663]);
    read_burst_increment_linear(15, 412, [353152810, 739599192, 3275700358]);
    read_burst_increment_linear(15, 340, [2831678545, 1260466070, 102596364]);
    read_burst_increment_linear(15, 352, [3777810114, 1683484104, 3145882231]);
    read_burst_increment_linear(15, 364, [519236925, 151837458, 3204776062]);
    read_burst_increment_linear(15, 376, [921010541, 484042553, 265457439]);
    read_burst_increment_linear(15, 388, [3924555475, 1121529733, 3155462264]);
    read_burst_increment_linear(15, 400, [769284443, 613108553, 2683481663]);
    read_burst_increment_linear(15, 412, [353152810, 739599192, 3275700358]);
    read_burst_increment_linear(15, 424, [3340373134, 3459248796, 2100664826]);
    read_burst_increment_linear(15, 436, [2474490918, 966137715, 3515593891]);
    read_burst_increment_linear(15, 448, [2543429679, 3654455987, 2950190687]);
    read_burst_increment_linear(15, 244, [353361194, 2245499403, 3096952433, 1123172741, 670192975]);
    read_burst_increment_linear(15, 264, [2647416891, 486945594, 3206754942, 178932501, 2027527153]);
    read_burst_increment_linear(15, 284, [1822182361, 824379234, 641071948, 1335973279, 1203347855]);
    read_burst_increment_linear(15, 304, [2087561720, 3687669943, 3485750943, 2927465564, 2915811419]);
    read_burst_increment_linear(15, 324, [1155413897, 2762879561, 3894623952, 3959341271, 2831678545]);
    read_burst_increment_linear(15, 344, [1260466070, 102596364, 3777810114, 1683484104, 3145882231]);
    read_burst_increment_linear(15, 56, [2097015289, 3812041926, 3807872197, 3574846122, 1924134885, 3151131255, 2301810194]);
    read_burst_increment_linear(15, 84, [1206705039, 2033215986, 3883308750, 4093672168, 3804909253, 777537884, 3733858493]);
    read_burst_increment_linear(15, 112, [2527811629, 2997298789, 2985255523, 91457290, 3225100928, 274997536, 1433945514]);
    read_burst_increment_linear(15, 68, [3574846122, 1924134885, 3151131255, 2301810194, 1206705039, 2033215986]);
    read_burst_increment_linear(15, 92, [3883308750, 4093672168, 3804909253, 777537884, 3733858493, 2527811629]);
    read_burst_increment_linear(15, 116, [2997298789, 2985255523, 91457290, 3225100928, 274997536, 1433945514]);
    read_burst_increment_linear(15, 140, [3469528221, 3407888022, 2307110931, 2260482061, 2846348883, 899669355]);
    read_burst_increment_linear(15, 256, [1123172741, 670192975, 2647416891]);
    read_burst_increment_linear(15, 268, [486945594, 3206754942, 178932501]);
    read_burst_increment_linear(15, 280, [2027527153, 1822182361, 824379234]);
    read_burst_increment_linear(15, 292, [641071948, 1335973279, 1203347855]);
    read_burst_increment_linear(15, 304, [2087561720, 3687669943, 3485750943]);
    read_burst_increment_linear(15, 316, [2927465564, 2915811419, 1155413897]);
    read_burst_increment_linear(15, 328, [2762879561, 3894623952, 3959341271]);
    read_burst_increment_linear(15, 340, [2831678545, 1260466070, 102596364]);
    read_burst_increment_linear(15, 352, [3777810114, 1683484104, 3145882231]);
    read_burst_increment_linear(15, 364, [519236925, 151837458, 3204776062]);
    read_burst_increment_linear(15, 28, [2302104082, 15983361, 114806029]);
    read_burst_increment_linear(15, 40, [992211318, 512609597, 1993627629]);
    read_burst_increment_linear(15, 52, [1177417612, 2097015289, 3812041926]);
    read_burst_increment_linear(15, 64, [3807872197, 3574846122, 1924134885]);
    read_burst_increment_linear(15, 76, [3151131255, 2301810194, 1206705039]);
    read_burst_increment_linear(15, 88, [2033215986, 3883308750, 4093672168]);
    read_burst_increment_linear(15, 100, [3804909253, 777537884, 3733858493]);
    read_burst_increment_linear(15, 260, [670192975, 2647416891, 486945594, 3206754942]);
    read_burst_increment_linear(15, 276, [178932501, 2027527153, 1822182361, 824379234]);
    read_burst_increment_linear(15, 292, [641071948, 1335973279, 1203347855, 2087561720]);
    read_burst_increment_linear(15, 308, [3687669943, 3485750943, 2927465564, 2915811419]);
    read_burst_increment_linear(15, 324, [1155413897, 2762879561, 3894623952, 3959341271]);
    read_burst_increment_linear(15, 340, [2831678545, 1260466070, 102596364, 3777810114]);
    read_burst_increment_linear(15, 356, [1683484104, 3145882231, 519236925, 151837458]);
    read_burst_increment_linear(15, 372, [3204776062, 921010541, 484042553, 265457439]);
    read_burst_increment_linear(15, 180, [3888476879, 293882147, 84501770, 3849521866, 2654030908]);
    read_burst_increment_linear(15, 200, [2036907506, 1160667530, 549761857, 3964351704, 1008792440]);
    read_burst_increment_linear(15, 220, [3297383049, 1975848427, 1526883766, 1665923526, 1460999086]);
    read_burst_increment_linear(15, 36, [114806029, 992211318, 512609597, 1993627629, 1177417612, 2097015289, 3812041926, 3807872197]);
    read_burst_increment_linear(15, 68, [3574846122, 1924134885, 3151131255, 2301810194, 1206705039, 2033215986, 3883308750, 4093672168]);
    read_burst_increment_linear(15, 100, [3804909253, 777537884, 3733858493, 2527811629, 2997298789, 2985255523, 91457290, 3225100928]);
    read_burst_increment_linear(15, 132, [274997536, 1433945514, 3469528221, 3407888022, 2307110931, 2260482061, 2846348883, 899669355]);
    read_burst_increment_linear(15, 196, [2654030908, 2036907506, 1160667530, 549761857, 3964351704, 1008792440, 3297383049, 1975848427]);
    read_burst_increment_linear(15, 228, [1526883766, 1665923526, 1460999086, 3732210364, 353361194, 2245499403, 3096952433, 1123172741]);
    read_burst_increment_linear(15, 112, [2527811629, 2997298789, 2985255523, 91457290]);
    read_burst_increment_linear(15, 128, [3225100928, 274997536, 1433945514, 3469528221]);
    read_burst_increment_linear(15, 144, [3407888022, 2307110931, 2260482061, 2846348883]);
    read_burst_increment_linear(15, 160, [899669355, 3936758485, 2165787138, 3612753582]);
    read_burst_increment_linear(15, 276, [178932501, 2027527153, 1822182361, 824379234]);
    read_burst_increment_linear(15, 76, [3151131255, 2301810194, 1206705039]);
    read_burst_increment_linear(15, 88, [2033215986, 3883308750, 4093672168]);
    read_burst_increment_linear(15, 100, [3804909253, 777537884, 3733858493]);
    read_burst_increment_linear(15, 112, [2527811629, 2997298789, 2985255523]);
    read_burst_increment_linear(15, 124, [91457290, 3225100928, 274997536]);
    read_burst_increment_linear(15, 136, [1433945514, 3469528221, 3407888022]);
    read_burst_increment_linear(15, 148, [2307110931, 2260482061, 2846348883]);
    read_burst_increment_linear(15, 160, [899669355, 3936758485, 2165787138]);
    read_burst_increment_linear(15, 172, [3612753582, 251652381, 3888476879]);
    read_burst_increment_linear(15, 184, [293882147, 84501770, 3849521866]);
    read_burst_increment_linear(15, 128, [3225100928, 274997536, 1433945514, 3469528221]);
    read_burst_increment_linear(15, 144, [3407888022, 2307110931, 2260482061, 2846348883]);
    read_burst_increment_linear(15, 160, [899669355, 3936758485, 2165787138, 3612753582]);
    read_burst_increment_linear(15, 176, [251652381, 3888476879, 293882147, 84501770]);
    read_burst_increment_linear(15, 192, [3849521866, 2654030908, 2036907506, 1160667530]);
    read_burst_increment_linear(15, 72, [1924134885, 3151131255, 2301810194, 1206705039, 2033215986, 3883308750, 4093672168, 3804909253]);
    read_burst_increment_linear(15, 104, [777537884, 3733858493, 2527811629, 2997298789, 2985255523, 91457290, 3225100928, 274997536]);
    read_burst_increment_linear(15, 148, [2307110931, 2260482061, 2846348883]);
    read_burst_increment_linear(15, 340, [2831678545, 1260466070, 102596364, 3777810114, 1683484104, 3145882231, 519236925]);
    read_burst_increment_linear(15, 368, [151837458, 3204776062, 921010541, 484042553, 265457439, 3924555475, 1121529733]);
    read_burst_increment_linear(15, 44, [512609597, 1993627629, 1177417612, 2097015289, 3812041926, 3807872197, 3574846122]);
    read_burst_increment_linear(15, 72, [1924134885, 3151131255, 2301810194, 1206705039, 2033215986, 3883308750, 4093672168]);
    read_burst_increment_linear(15, 100, [3804909253, 777537884, 3733858493, 2527811629, 2997298789, 2985255523, 91457290]);
    read_burst_increment_linear(15, 128, [3225100928, 274997536, 1433945514, 3469528221, 3407888022, 2307110931, 2260482061]);
    read_burst_increment_linear(15, 116, [2997298789, 2985255523, 91457290]);
    read_burst_increment_linear(15, 128, [3225100928, 274997536, 1433945514]);
    read_burst_increment_linear(15, 400, [769284443, 613108553, 2683481663, 353152810, 739599192, 3275700358]);
    read_burst_increment_linear(15, 424, [3340373134, 3459248796, 2100664826, 2474490918, 966137715, 3515593891]);
    read_burst_increment_linear(15, 448, [2543429679, 3654455987, 2950190687, 573115716, 2079915511, 3852154571]);
    read_burst_increment_linear(15, 472, [4077460198, 757652314, 349159721, 4135772909, 3981667546, 2996811365]);
    read_burst_increment_linear(15, 12, [2985317987, 112818957]);
    read_burst_increment_linear(15, 144, [3407888022, 2307110931, 2260482061]);
    read_burst_increment_linear(15, 156, [2846348883, 899669355, 3936758485]);
    read_burst_increment_linear(15, 168, [2165787138, 3612753582, 251652381]);
    read_burst_increment_linear(15, 180, [3888476879, 293882147, 84501770]);
    read_burst_increment_linear(15, 192, [3849521866, 2654030908, 2036907506]);
    read_burst_increment_linear(15, 204, [1160667530, 549761857, 3964351704]);
    read_burst_increment_linear(15, 216, [1008792440, 3297383049, 1975848427]);
    read_burst_increment_linear(15, 228, [1526883766, 1665923526, 1460999086]);
    read_burst_increment_linear(15, 240, [3732210364, 353361194, 2245499403]);
    read_burst_increment_linear(15, 252, [3096952433, 1123172741, 670192975]);
    read_burst_increment_linear(15, 352, [3777810114, 1683484104, 3145882231, 519236925, 151837458]);
    read_burst_increment_linear(15, 372, [3204776062, 921010541, 484042553, 265457439, 3924555475]);
    read_burst_increment_linear(15, 392, [1121529733, 3155462264, 769284443, 613108553, 2683481663]);
    read_burst_increment_linear(15, 228, [1526883766, 1665923526]);
    read_burst_increment_linear(15, 188, [84501770, 3849521866, 2654030908, 2036907506, 1160667530, 549761857, 3964351704, 1008792440]);
    read_burst_increment_linear(15, 220, [3297383049, 1975848427, 1526883766, 1665923526, 1460999086, 3732210364, 353361194, 2245499403]);
    read_burst_increment_linear(15, 300, [1203347855, 2087561720, 3687669943, 3485750943, 2927465564, 2915811419, 1155413897, 2762879561]);
    read_burst_increment_linear(15, 332, [3894623952, 3959341271, 2831678545, 1260466070, 102596364, 3777810114, 1683484104, 3145882231]);
    read_burst_increment_linear(15, 364, [519236925, 151837458, 3204776062, 921010541, 484042553, 265457439, 3924555475, 1121529733]);
    read_burst_increment_linear(15, 84, [1206705039, 2033215986, 3883308750, 4093672168, 3804909253, 777537884, 3733858493]);
    read_burst_increment_linear(15, 112, [2527811629, 2997298789, 2985255523, 91457290, 3225100928, 274997536, 1433945514]);
    read_burst_increment_linear(15, 140, [3469528221, 3407888022, 2307110931, 2260482061, 2846348883, 899669355, 3936758485]);
    read_burst_increment_linear(15, 336, [3959341271, 2831678545, 1260466070, 102596364]);
    read_burst_increment_linear(15, 352, [3777810114, 1683484104, 3145882231, 519236925]);
    read_burst_increment_linear(15, 368, [151837458, 3204776062, 921010541, 484042553]);
    read_burst_increment_linear(15, 384, [265457439, 3924555475, 1121529733, 3155462264]);
    read_burst_increment_linear(15, 348, [102596364, 3777810114, 1683484104, 3145882231, 519236925, 151837458, 3204776062, 921010541]);
    read_burst_increment_linear(15, 288, [824379234, 641071948, 1335973279]);
    read_burst_increment_linear(15, 300, [1203347855, 2087561720, 3687669943]);
    read_burst_increment_linear(15, 312, [3485750943, 2927465564, 2915811419]);
    read_burst_increment_linear(15, 356, [1683484104, 3145882231, 519236925, 151837458, 3204776062, 921010541, 484042553, 265457439]);
    read_burst_increment_linear(15, 388, [3924555475, 1121529733, 3155462264, 769284443, 613108553, 2683481663, 353152810, 739599192]);
    read_burst_increment_linear(15, 420, [3275700358, 3340373134, 3459248796, 2100664826, 2474490918, 966137715, 3515593891, 2543429679]);
    read_burst_increment_linear(15, 372, [3204776062, 921010541, 484042553, 265457439, 3924555475, 1121529733]);
    read_burst_increment_linear(15, 396, [3155462264, 769284443, 613108553, 2683481663, 353152810, 739599192]);
    read_burst_increment_linear(15, 420, [3275700358, 3340373134, 3459248796, 2100664826, 2474490918, 966137715]);
    read_burst_increment_linear(15, 444, [3515593891, 2543429679, 3654455987, 2950190687, 573115716, 2079915511]);
    read_burst_increment_linear(15, 324, [1155413897, 2762879561, 3894623952, 3959341271, 2831678545, 1260466070, 102596364]);
    read_burst_increment_linear(15, 352, [3777810114, 1683484104, 3145882231, 519236925, 151837458, 3204776062, 921010541]);
    read_burst_increment_linear(15, 380, [484042553, 265457439, 3924555475, 1121529733, 3155462264, 769284443, 613108553]);
    read_burst_increment_linear(15, 248, [2245499403, 3096952433, 1123172741, 670192975, 2647416891, 486945594, 3206754942]);
    read_burst_increment_linear(15, 352, [3777810114, 1683484104, 3145882231, 519236925]);
    read_burst_increment_linear(15, 368, [151837458, 3204776062, 921010541, 484042553]);
    read_burst_increment_linear(15, 384, [265457439, 3924555475, 1121529733, 3155462264]);
    read_burst_increment_linear(15, 404, [613108553, 2683481663]);
    read_burst_increment_linear(15, 412, [353152810, 739599192]);
    read_burst_increment_linear(15, 420, [3275700358, 3340373134]);
    read_burst_increment_linear(15, 264, [2647416891, 486945594, 3206754942, 178932501, 2027527153, 1822182361, 824379234, 641071948]);
    read_burst_increment_linear(15, 296, [1335973279, 1203347855, 2087561720, 3687669943, 3485750943, 2927465564, 2915811419, 1155413897]);
    read_burst_increment_linear(15, 328, [2762879561, 3894623952, 3959341271, 2831678545, 1260466070, 102596364, 3777810114, 1683484104]);
    read_burst_increment_linear(15, 360, [3145882231, 519236925, 151837458, 3204776062, 921010541, 484042553, 265457439, 3924555475]);
    read_burst_increment_linear(15, 304, [2087561720, 3687669943, 3485750943, 2927465564]);
    read_burst_increment_linear(15, 320, [2915811419, 1155413897, 2762879561, 3894623952]);
    read_burst_increment_linear(15, 336, [3959341271, 2831678545, 1260466070, 102596364]);
    read_burst_increment_linear(15, 352, [3777810114, 1683484104, 3145882231, 519236925]);
    read_burst_increment_linear(15, 368, [151837458, 3204776062, 921010541, 484042553]);
    read_burst_increment_linear(15, 52, [1177417612, 2097015289, 3812041926]);
    read_burst_increment_linear(15, 64, [3807872197, 3574846122, 1924134885]);
    read_burst_increment_linear(15, 76, [3151131255, 2301810194, 1206705039]);
    read_burst_increment_linear(15, 88, [2033215986, 3883308750, 4093672168]);
    read_burst_increment_linear(15, 100, [3804909253, 777537884, 3733858493]);
    read_burst_increment_linear(15, 112, [2527811629, 2997298789, 2985255523]);
    read_burst_increment_linear(15, 276, [178932501, 2027527153, 1822182361, 824379234, 641071948, 1335973279, 1203347855]);
    read_burst_increment_linear(15, 304, [2087561720, 3687669943, 3485750943, 2927465564, 2915811419, 1155413897, 2762879561]);
    read_burst_increment_linear(15, 332, [3894623952, 3959341271, 2831678545, 1260466070, 102596364, 3777810114, 1683484104]);
    read_burst_increment_linear(15, 392, [1121529733, 3155462264, 769284443, 613108553, 2683481663]);
    read_burst_increment_linear(15, 412, [353152810, 739599192, 3275700358, 3340373134, 3459248796]);
    read_burst_increment_linear(15, 432, [2100664826, 2474490918, 966137715, 3515593891, 2543429679]);
    read_burst_increment_linear(15, 452, [3654455987, 2950190687, 573115716, 2079915511, 3852154571]);
    read_burst_increment_linear(15, 472, [4077460198, 757652314, 349159721, 4135772909, 3981667546]);
    read_burst_increment_linear(15, 492, [2996811365, 3666535093, 4022244575, 1022433657, 573701956]);
    read_burst_increment_linear(15, 20, [1189058957, 2999092325, 2302104082]);
    read_burst_increment_linear(15, 32, [15983361, 114806029, 992211318]);
    read_burst_increment_linear(15, 44, [512609597, 1993627629, 1177417612]);
    read_burst_increment_linear(15, 56, [2097015289, 3812041926, 3807872197]);
    read_burst_increment_linear(15, 68, [3574846122, 1924134885, 3151131255]);
    read_burst_increment_linear(15, 460, [573115716, 2079915511, 3852154571, 4077460198, 757652314, 349159721, 4135772909, 3981667546]);
    read_burst_increment_linear(15, 428, [3459248796, 2100664826, 2474490918, 966137715, 3515593891]);
    read_burst_increment_linear(15, 412, [353152810, 739599192, 3275700358, 3340373134]);
    read_burst_increment_linear(15, 428, [3459248796, 2100664826, 2474490918, 966137715]);
    read_burst_increment_linear(15, 444, [3515593891, 2543429679, 3654455987, 2950190687]);
    read_burst_increment_linear(15, 460, [573115716, 2079915511, 3852154571, 4077460198]);
    read_burst_increment_linear(15, 476, [757652314, 349159721, 4135772909, 3981667546]);
    read_burst_increment_linear(15, 492, [2996811365, 3666535093, 4022244575, 1022433657]);
    read_burst_increment_linear(15, 212, [3964351704, 1008792440, 3297383049, 1975848427, 1526883766, 1665923526]);
    read_burst_increment_linear(15, 56, [2097015289, 3812041926, 3807872197, 3574846122, 1924134885]);
    read_burst_increment_linear(15, 76, [3151131255, 2301810194, 1206705039, 2033215986, 3883308750]);
    read_burst_increment_linear(15, 348, [102596364, 3777810114, 1683484104, 3145882231, 519236925, 151837458, 3204776062, 921010541]);
    read_burst_increment_linear(15, 380, [484042553, 265457439, 3924555475, 1121529733, 3155462264, 769284443, 613108553, 2683481663]);
    read_burst_increment_linear(15, 412, [353152810, 739599192, 3275700358, 3340373134, 3459248796, 2100664826, 2474490918, 966137715]);
    read_burst_increment_linear(15, 444, [3515593891, 2543429679, 3654455987, 2950190687, 573115716, 2079915511, 3852154571, 4077460198]);
    read_burst_increment_linear(15, 216, [1008792440, 3297383049]);
    read_burst_increment_linear(15, 224, [1975848427, 1526883766]);
    read_burst_increment_linear(15, 232, [1665923526, 1460999086]);
    read_burst_increment_linear(15, 240, [3732210364, 353361194]);
    read_burst_increment_linear(15, 248, [2245499403, 3096952433]);
    read_burst_increment_linear(15, 256, [1123172741, 670192975]);
    read_burst_increment_linear(15, 264, [2647416891, 486945594]);
    read_burst_increment_linear(15, 272, [3206754942, 178932501]);
    read_burst_increment_linear(15, 280, [2027527153, 1822182361]);
    read_burst_increment_linear(15, 288, [824379234, 641071948]);
    read_burst_increment_linear(15, 296, [1335973279, 1203347855]);
    read_burst_increment_linear(15, 304, [2087561720, 3687669943]);
    read_burst_increment_linear(15, 312, [3485750943, 2927465564]);
    read_burst_increment_linear(15, 348, [102596364, 3777810114, 1683484104]);
    read_burst_increment_linear(15, 360, [3145882231, 519236925, 151837458]);
    read_burst_increment_linear(15, 372, [3204776062, 921010541, 484042553]);
    read_burst_increment_linear(15, 384, [265457439, 3924555475, 1121529733]);
    read_burst_increment_linear(15, 396, [3155462264, 769284443, 613108553]);
    read_burst_increment_linear(15, 408, [2683481663, 353152810, 739599192]);
    read_burst_increment_linear(15, 420, [3275700358, 3340373134, 3459248796]);
    read_burst_increment_linear(15, 432, [2100664826, 2474490918, 966137715]);
    read_burst_increment_linear(15, 288, [824379234, 641071948, 1335973279, 1203347855]);
    read_burst_increment_linear(15, 304, [2087561720, 3687669943, 3485750943, 2927465564]);
    read_burst_increment_linear(15, 320, [2915811419, 1155413897, 2762879561, 3894623952]);
    read_burst_increment_linear(15, 424, [3340373134, 3459248796]);
    read_burst_increment_linear(15, 32, [15983361, 114806029, 992211318, 512609597, 1993627629, 1177417612, 2097015289]);
    read_burst_increment_linear(15, 60, [3812041926, 3807872197, 3574846122, 1924134885, 3151131255, 2301810194, 1206705039]);
    read_burst_increment_linear(15, 392, [1121529733, 3155462264, 769284443, 613108553]);
    read_burst_increment_linear(15, 408, [2683481663, 353152810, 739599192, 3275700358]);
    read_burst_increment_linear(15, 424, [3340373134, 3459248796, 2100664826, 2474490918]);
    read_burst_increment_linear(15, 440, [966137715, 3515593891, 2543429679, 3654455987]);
    read_burst_increment_linear(15, 456, [2950190687, 573115716, 2079915511, 3852154571]);
    read_burst_increment_linear(15, 464, [2079915511, 3852154571, 4077460198]);
    read_burst_increment_linear(15, 476, [757652314, 349159721, 4135772909]);
    read_burst_increment_linear(15, 488, [3981667546, 2996811365, 3666535093]);
    read_burst_increment_linear(15, 500, [4022244575, 1022433657, 573701956]);
    read_burst_increment_linear(15, 116, [2997298789, 2985255523]);
    read_burst_increment_linear(15, 124, [91457290, 3225100928]);
    read_burst_increment_linear(15, 132, [274997536, 1433945514]);
    read_burst_increment_linear(15, 140, [3469528221, 3407888022]);
    read_burst_increment_linear(15, 148, [2307110931, 2260482061]);
    read_burst_increment_linear(15, 156, [2846348883, 899669355]);
    read_burst_increment_linear(15, 164, [3936758485, 2165787138]);
    read_burst_increment_linear(15, 172, [3612753582, 251652381]);
    read_burst_increment_linear(15, 180, [3888476879, 293882147]);
    read_burst_increment_linear(15, 188, [84501770, 3849521866]);
    read_burst_increment_linear(15, 156, [2846348883, 899669355, 3936758485, 2165787138, 3612753582, 251652381, 3888476879]);
    read_burst_increment_linear(15, 184, [293882147, 84501770, 3849521866, 2654030908, 2036907506, 1160667530, 549761857]);
    read_burst_increment_linear(15, 212, [3964351704, 1008792440, 3297383049, 1975848427, 1526883766, 1665923526, 1460999086]);
    read_burst_increment_linear(15, 240, [3732210364, 353361194, 2245499403, 3096952433, 1123172741, 670192975, 2647416891]);
    read_burst_increment_linear(15, 364, [519236925, 151837458, 3204776062, 921010541, 484042553, 265457439, 3924555475, 1121529733]);
    read_burst_increment_linear(15, 396, [3155462264, 769284443, 613108553, 2683481663, 353152810, 739599192, 3275700358, 3340373134]);
    read_burst_increment_linear(15, 52, [1177417612, 2097015289, 3812041926, 3807872197]);
    read_burst_increment_linear(15, 280, [2027527153, 1822182361, 824379234, 641071948, 1335973279]);
    read_burst_increment_linear(15, 300, [1203347855, 2087561720, 3687669943, 3485750943, 2927465564]);
    read_burst_increment_linear(15, 320, [2915811419, 1155413897, 2762879561, 3894623952, 3959341271]);
    read_burst_increment_linear(15, 196, [2654030908, 2036907506, 1160667530]);
    read_burst_increment_linear(15, 208, [549761857, 3964351704, 1008792440]);
    read_burst_increment_linear(15, 220, [3297383049, 1975848427, 1526883766]);
    read_burst_increment_linear(15, 232, [1665923526, 1460999086, 3732210364]);
    read_burst_increment_linear(15, 244, [353361194, 2245499403, 3096952433]);
    read_burst_increment_linear(15, 256, [1123172741, 670192975, 2647416891]);
    read_burst_increment_linear(15, 268, [486945594, 3206754942, 178932501]);
    read_burst_increment_linear(15, 280, [2027527153, 1822182361, 824379234]);
    read_burst_increment_linear(15, 292, [641071948, 1335973279, 1203347855]);
    read_burst_increment_linear(15, 304, [2087561720, 3687669943, 3485750943]);
    read_burst_increment_linear(15, 260, [670192975, 2647416891, 486945594, 3206754942]);
    read_burst_increment_linear(15, 276, [178932501, 2027527153, 1822182361, 824379234]);
    read_burst_increment_linear(15, 292, [641071948, 1335973279, 1203347855, 2087561720]);
    read_burst_increment_linear(15, 308, [3687669943, 3485750943, 2927465564, 2915811419]);
    read_burst_increment_linear(15, 324, [1155413897, 2762879561, 3894623952, 3959341271]);
    read_burst_increment_linear(15, 340, [2831678545, 1260466070, 102596364, 3777810114]);
    read_burst_increment_linear(15, 296, [1335973279, 1203347855, 2087561720, 3687669943, 3485750943, 2927465564]);
    read_burst_increment_linear(15, 320, [2915811419, 1155413897, 2762879561, 3894623952, 3959341271, 2831678545]);
    read_burst_increment_linear(15, 344, [1260466070, 102596364, 3777810114, 1683484104, 3145882231, 519236925]);
    read_burst_increment_linear(15, 368, [151837458, 3204776062, 921010541, 484042553, 265457439, 3924555475]);
    read_burst_increment_linear(15, 144, [3407888022, 2307110931, 2260482061, 2846348883, 899669355, 3936758485, 2165787138, 3612753582]);
    read_burst_increment_linear(15, 176, [251652381, 3888476879, 293882147, 84501770, 3849521866, 2654030908, 2036907506, 1160667530]);
    read_burst_increment_linear(15, 324, [1155413897, 2762879561, 3894623952]);
    read_burst_increment_linear(15, 336, [3959341271, 2831678545, 1260466070]);
    read_burst_increment_linear(15, 224, [1975848427, 1526883766, 1665923526]);
    read_burst_increment_linear(15, 236, [1460999086, 3732210364, 353361194]);
    read_burst_increment_linear(15, 244, [353361194, 2245499403, 3096952433, 1123172741, 670192975, 2647416891, 486945594]);
    read_burst_increment_linear(15, 272, [3206754942, 178932501, 2027527153, 1822182361, 824379234, 641071948, 1335973279]);
    read_burst_increment_linear(15, 368, [151837458, 3204776062, 921010541, 484042553, 265457439]);
    read_burst_increment_linear(15, 388, [3924555475, 1121529733, 3155462264, 769284443, 613108553]);
    read_burst_increment_linear(15, 408, [2683481663, 353152810, 739599192, 3275700358, 3340373134]);
    read_burst_increment_linear(15, 428, [3459248796, 2100664826, 2474490918, 966137715, 3515593891]);
    read_burst_increment_linear(15, 256, [1123172741, 670192975, 2647416891, 486945594, 3206754942, 178932501, 2027527153]);
    read_burst_increment_linear(15, 284, [1822182361, 824379234, 641071948, 1335973279, 1203347855, 2087561720, 3687669943]);
    read_burst_increment_linear(15, 92, [3883308750, 4093672168, 3804909253, 777537884]);
    read_burst_increment_linear(15, 108, [3733858493, 2527811629, 2997298789, 2985255523]);
    read_burst_increment_linear(15, 124, [91457290, 3225100928, 274997536, 1433945514]);
    read_burst_increment_linear(15, 328, [2762879561, 3894623952, 3959341271, 2831678545, 1260466070, 102596364, 3777810114, 1683484104]);
    read_burst_increment_linear(15, 360, [3145882231, 519236925, 151837458, 3204776062, 921010541, 484042553, 265457439, 3924555475]);
    read_burst_increment_linear(15, 392, [1121529733, 3155462264, 769284443, 613108553, 2683481663, 353152810, 739599192, 3275700358]);
    read_burst_increment_linear(15, 136, [1433945514, 3469528221, 3407888022, 2307110931, 2260482061]);
    read_burst_increment_linear(15, 324, [1155413897, 2762879561, 3894623952, 3959341271, 2831678545, 1260466070, 102596364, 3777810114]);
    read_burst_increment_linear(15, 356, [1683484104, 3145882231, 519236925, 151837458, 3204776062, 921010541, 484042553, 265457439]);
    read_burst_increment_linear(15, 388, [3924555475, 1121529733, 3155462264, 769284443, 613108553, 2683481663, 353152810, 739599192]);
    read_burst_increment_linear(15, 420, [3275700358, 3340373134, 3459248796, 2100664826, 2474490918, 966137715, 3515593891, 2543429679]);
    read_burst_increment_linear(15, 280, [2027527153, 1822182361]);
    read_burst_increment_linear(15, 288, [824379234, 641071948]);
    read_burst_increment_linear(15, 172, [3612753582, 251652381, 3888476879, 293882147, 84501770, 3849521866, 2654030908, 2036907506]);
    read_burst_increment_linear(15, 204, [1160667530, 549761857, 3964351704, 1008792440, 3297383049, 1975848427, 1526883766, 1665923526]);
    read_burst_increment_linear(15, 236, [1460999086, 3732210364, 353361194, 2245499403, 3096952433, 1123172741, 670192975, 2647416891]);
    read_burst_increment_linear(15, 4, [3230228097, 2223298057, 2985317987, 112818957]);
    read_burst_increment_linear(15, 20, [1189058957, 2999092325, 2302104082, 15983361]);
    read_burst_increment_linear(15, 36, [114806029, 992211318, 512609597, 1993627629]);
    read_burst_increment_linear(15, 52, [1177417612, 2097015289, 3812041926, 3807872197]);
    read_burst_increment_linear(15, 68, [3574846122, 1924134885, 3151131255, 2301810194]);
    read_burst_increment_linear(15, 332, [3894623952, 3959341271, 2831678545, 1260466070, 102596364]);
    read_burst_increment_linear(15, 352, [3777810114, 1683484104, 3145882231, 519236925, 151837458]);
    read_burst_increment_linear(15, 372, [3204776062, 921010541, 484042553, 265457439, 3924555475]);
    read_burst_increment_linear(15, 392, [1121529733, 3155462264, 769284443, 613108553, 2683481663]);
    read_burst_increment_linear(15, 412, [353152810, 739599192, 3275700358, 3340373134, 3459248796]);
    read_burst_increment_linear(15, 432, [2100664826, 2474490918, 966137715, 3515593891, 2543429679]);
    read_burst_increment_linear(15, 296, [1335973279, 1203347855, 2087561720, 3687669943, 3485750943, 2927465564, 2915811419, 1155413897]);
    read_burst_increment_linear(15, 328, [2762879561, 3894623952, 3959341271, 2831678545, 1260466070, 102596364, 3777810114, 1683484104]);
    read_burst_increment_linear(15, 360, [3145882231, 519236925, 151837458, 3204776062, 921010541, 484042553, 265457439, 3924555475]);
    read_burst_increment_linear(15, 156, [2846348883, 899669355, 3936758485, 2165787138]);
    read_burst_increment_linear(15, 172, [3612753582, 251652381, 3888476879, 293882147]);
    read_burst_increment_linear(15, 188, [84501770, 3849521866, 2654030908, 2036907506]);
    read_burst_increment_linear(15, 204, [1160667530, 549761857, 3964351704, 1008792440]);
    read_burst_increment_linear(15, 220, [3297383049, 1975848427, 1526883766, 1665923526]);
}
